group,resample,bootstrap_mean
Overall,1,196.59262851600388
Overall,2,209.3831231813773
Overall,3,206.4219204655674
Overall,4,213.50824442289039
Overall,5,212.7866149369544
Overall,6,201.8322017458778
Overall,7,199.8050436469447
Overall,8,216.21241513094083
Overall,9,203.60135790494667
Overall,10,207.7788554801164
Overall,11,228.23084384093113
Overall,12,202.52570320077595
Overall,13,200.21435499515033
Overall,14,203.7701260911736
Overall,15,221.27643064985452
Overall,16,197.01745877788554
Overall,17,201.89330746847722
Overall,18,209.17943743937926
Overall,19,198.01745877788554
Overall,20,210.46265761396702
Overall,21,209.67119301648884
Overall,22,196.30649854510185
Overall,23,200.7720659553831
Overall,24,201.57225994180408
Overall,25,206.36178467507276
Overall,26,219.37439379243452
Overall,27,207.32492725509215
Overall,28,212.33753637245394
Overall,29,211.0203685741998
Overall,30,211.5596508244423
Overall,31,207.552861299709
Overall,32,218.66246362754606
Overall,33,199.77303588748788
Overall,34,207.91076624636275
Overall,35,216.15227934044617
Overall,36,191.81862269641124
Overall,37,203.17070805043647
Overall,38,196.32007759456837
Overall,39,204.65761396702231
Overall,40,206.6333656644035
Overall,41,197.73908826382154
Overall,42,216.33753637245394
Overall,43,194.8399612027158
Overall,44,197.93889427740058
Overall,45,214.4161008729389
Overall,46,200.29485935984482
Overall,47,210.76721629485937
Overall,48,199.96605237633366
Overall,49,202.4199806013579
Overall,50,203.1658583899127
Overall,51,203.48787584869058
Overall,52,204.47041707080504
Overall,53,201.98060135790496
Overall,54,204.83899127061105
Overall,55,204.15227934044617
Overall,56,196.51503394762366
Overall,57,222.27352085354025
Overall,58,209.9262851600388
Overall,59,212.59747817652763
Overall,60,206.44422890397672
Overall,61,201.82541222114452
Overall,62,201.639185257032
Overall,63,206.52279340446168
Overall,64,209.65858389912705
Overall,65,202.34044616876818
Overall,66,215.52958292919496
Overall,67,211.6537342386033
Overall,68,200.69156159068865
Overall,69,206.80601357904948
Overall,70,199.71193016488846
Overall,71,199.50436469447138
Overall,72,212.2890397672163
Overall,73,219.1513094083414
Overall,74,218.38603297769157
Overall,75,206.7643064985451
Overall,76,220.68768186226964
Overall,77,227.16100872938895
Overall,78,199.12609117361785
Overall,79,203.67313288069835
Overall,80,223.00775945683802
Overall,81,218.92046556741028
Overall,82,201.82056256062074
Overall,83,193.75460717749758
Overall,84,198.30552861299708
Overall,85,203.75751697381185
Overall,86,201.47429679922405
Overall,87,210.95150339476237
Overall,88,206.68962172647915
Overall,89,223.2230843840931
Overall,90,214.372453928225
Overall,91,203.27158098933074
Overall,92,205.6023278370514
Overall,93,202.92434529582928
Overall,94,201.811833171678
Overall,95,202.14064015518915
Overall,96,201.87002909796314
Overall,97,223.25897187196895
Overall,98,200.85548011639185
Overall,99,197.55674102812804
Overall,100,224.36372453928226
Overall,101,211.2463627546072
Overall,102,216.13482056256063
Overall,103,207.78758486905917
Overall,104,209.94083414161008
Overall,105,202.43355965082444
Overall,106,201.24539282250242
Overall,107,207.47235693501455
Overall,108,213.70611057225995
Overall,109,205.57710960232782
Overall,110,206.62366634335598
Overall,111,192.372453928225
Overall,112,213.42677012609118
Overall,113,205.63821532492724
Overall,114,202.67895247332686
Overall,115,222.73423860329777
Overall,116,203.37148399612028
Overall,117,204.6042677012609
Overall,118,222.32104752667314
Overall,119,202.33850630455868
Overall,120,208.5286129970902
Overall,121,207.72453928225025
Overall,122,212.88069835111543
Overall,123,207.55674102812804
Overall,124,211.79243452958292
Overall,125,208.93501454898157
Overall,126,214.08729388942774
Overall,127,206.0310378273521
Overall,128,198.2279340446169
Overall,129,208.35790494665375
Overall,130,204.4529582929195
Overall,131,210.05431619786614
Overall,132,205.57904946653736
Overall,133,196.7885548011639
Overall,134,207.57904946653736
Overall,135,212.454898157129
Overall,136,211.65761396702231
Overall,137,211.30455868089234
Overall,138,219.57904946653736
Overall,139,193.1784675072745
Overall,140,209.60329776915617
Overall,141,213.4122211445199
Overall,142,211.8283220174588
Overall,143,215.07080504364694
Overall,144,213.73035887487876
Overall,145,217.17264791464598
Overall,146,202.70126091173617
Overall,147,207.6905916585839
Overall,148,222.20174587778857
Overall,149,210.90009699321047
Overall,150,218.66925315227934
Overall,151,202.5548011639185
Overall,152,199.3811833171678
Overall,153,210.5877788554801
Overall,154,203.819592628516
Overall,155,204.1435499515034
Overall,156,213.89330746847722
Overall,157,203.54801163918526
Overall,158,215.76721629485937
Overall,159,214.45780795344325
Overall,160,210.16100872938895
Overall,161,194.38409311348207
Overall,162,208.3627546071775
Overall,163,203.00678952473328
Overall,164,214.33462657613967
Overall,165,202.15809893307468
Overall,166,208.32492725509215
Overall,167,206.47623666343355
Overall,168,204.9941804073715
Overall,169,206.9524733268671
Overall,170,206.07274490785645
Overall,171,206.76139670223085
Overall,172,206.6023278370514
Overall,173,218.6741028128031
Overall,174,210.8341416100873
Overall,175,202.5509214354995
Overall,176,208.93113482056256
Overall,177,208.65858389912705
Overall,178,207.02133850630455
Overall,179,218.20756547041708
Overall,180,206.48302618816683
Overall,181,205.73714839961204
Overall,182,213.96411251212416
Overall,183,201.9427740058196
Overall,184,200.184287099903
Overall,185,198.39282250242482
Overall,186,222.27934044616876
Overall,187,214.8894277400582
Overall,188,210.79631425800193
Overall,189,209.78564500484967
Overall,190,216.48496605237634
Overall,191,204.11736178467507
Overall,192,187.73908826382154
Overall,193,197.3443258971872
Overall,194,194.68574199806014
Overall,195,222.14645974781766
Overall,196,217.45198836081474
Overall,197,198.12609117361785
Overall,198,199.3957322987391
Overall,199,204.41707080504364
Overall,200,200.36566440349176
Overall,201,207.9612027158099
Overall,202,201.9447138700291
Overall,203,201.9650824442289
Overall,204,212.6702230843841
Overall,205,217.0475266731329
Overall,206,206.51600387972843
Overall,207,217.36178467507276
Overall,208,218.6062075654704
Overall,209,213.50436469447138
Overall,210,209.3831231813773
Overall,211,226.180407371484
Overall,212,205.04655674102813
Overall,213,197.87390882638215
Overall,214,220.75654704170708
Overall,215,211.71483996120273
Overall,216,210.6062075654704
Overall,217,206.25315227934044
Overall,218,207.44228903976722
Overall,219,224.6188166828322
Overall,220,197.43743937924344
Overall,221,207.99903006789523
Overall,222,206.79631425800193
Overall,223,210.7934044616877
Overall,224,204.2502424830262
Overall,225,200.78564500484967
Overall,226,211.75945683802135
Overall,227,206.4306498545102
Overall,228,209.9524733268671
Overall,229,217.13676042677014
Overall,230,196.4898157129001
Overall,231,222.1474296799224
Overall,232,203.03394762366634
Overall,233,198.17749757516972
Overall,234,204.86614936954413
Overall,235,208.3792434529583
Overall,236,200.7274490785645
Overall,237,197.93598448108634
Overall,238,202.41901066925314
Overall,239,222.95829291949565
Overall,240,211.39185257032008
Overall,241,200.67507274490785
Overall,242,208.69447138700292
Overall,243,193.49757516973813
Overall,244,198.55383123181377
Overall,245,215.2046556741028
Overall,246,208.03588748787584
Overall,247,201.09117361784675
Overall,248,206.40640155189138
Overall,249,205.6905916585839
Overall,250,196.03200775945683
Overall,251,206.45101842871
Overall,252,208.37536372453928
Overall,253,204.9689621726479
Overall,254,205.06886517943744
Overall,255,206.6556741028128
Overall,256,216.75460717749758
Overall,257,218.0737148399612
Overall,258,208.36178467507276
Overall,259,198.90688651794375
Overall,260,212.26382153249273
Overall,261,229.92337536372455
Overall,262,198.5800193986421
Overall,263,203.98642095053347
Overall,264,209.70708050436468
Overall,265,221.0349175557711
Overall,266,209.85160038797284
Overall,267,204.49563530552862
Overall,268,207.74684772065956
Overall,269,224.266731328807
Overall,270,218.58486905916587
Overall,271,215.38603297769157
Overall,272,211.32201745877788
Overall,273,199.40252182347237
Overall,274,189.35984481086325
Overall,275,198.6294859359845
Overall,276,209.12221144519884
Overall,277,208.11154219204656
Overall,278,196.31328806983512
Overall,279,212.65470417070804
Overall,280,210.8322017458778
Overall,281,210.80892337536372
Overall,282,209.4713870029098
Overall,283,198.96217264791466
Overall,284,213.51794374393793
Overall,285,211.61008729388942
Overall,286,195.8545101842871
Overall,287,210.45392822502424
Overall,288,208.5431619786615
Overall,289,189.5101842870999
Overall,290,199.8690591658584
Overall,291,212.74005819592628
Overall,292,201.65955383123182
Overall,293,209.01745877788554
Overall,294,207.91949563530554
Overall,295,225.62463627546072
Overall,296,218.38991270611058
Overall,297,201.7662463627546
Overall,298,220.4364694471387
Overall,299,207.06110572259942
Overall,300,216.88457807953444
Overall,301,197.74102812803105
Overall,302,199.88651794374394
Overall,303,219.26770126091174
Overall,304,208.34917555771096
Overall,305,213.48496605237634
Overall,306,219.7953443258972
Overall,307,212.09699321047526
Overall,308,204.93501454898157
Overall,309,206.59359844810862
Overall,310,209.28516003879727
Overall,311,202.74684772065956
Overall,312,195.7681862269641
Overall,313,209.89330746847722
Overall,314,202.30455868089234
Overall,315,212.8302618816683
Overall,316,207.07953443258972
Overall,317,209.8709990300679
Overall,318,199.25897187196895
Overall,319,207.30649854510185
Overall,320,207.49660523763336
Overall,321,206.86129970902036
Overall,322,204.17264791464598
Overall,323,214.72162948593598
Overall,324,214.90591658583898
Overall,325,196.87875848690592
Overall,326,211.7953443258972
Overall,327,207.39670223084383
Overall,328,203.95635305528614
Overall,329,202.25315227934044
Overall,330,208.7536372453928
Overall,331,200.66925315227934
Overall,332,199.70126091173617
Overall,333,205.64500484966052
Overall,334,213.05043646944713
Overall,335,198.95150339476237
Overall,336,226.96605237633366
Overall,337,200.6149369544132
Overall,338,212.4403491755577
Overall,339,204.61008729388942
Overall,340,208.49078564500485
Overall,341,207.43355965082444
Overall,342,221.80892337536372
Overall,343,187.9427740058196
Overall,344,222.87972841901066
Overall,345,187.5266731328807
Overall,346,206.64112512124152
Overall,347,198.69253152279342
Overall,348,207.95344325897187
Overall,349,207.51309408341416
Overall,350,195.74102812803105
Overall,351,199.51115421920466
Overall,352,209.57516973811832
Overall,353,216.19592628516003
Overall,354,209.31910766246364
Overall,355,196.68089233753636
Overall,356,206.51212415130942
Overall,357,194.59747817652763
Overall,358,219.45780795344325
Overall,359,210.52279340446168
Overall,360,207.86808923375364
Overall,361,204.63045586808923
Overall,362,215.62851600387972
Overall,363,203.60135790494667
Overall,364,198.3957322987391
Overall,365,200.49951503394763
Overall,366,203.71774975751697
Overall,367,219.3792434529583
Overall,368,205.47914645974782
Overall,369,210.0533462657614
Overall,370,201.27546071774975
Overall,371,195.82250242483028
Overall,372,213.7992240543162
Overall,373,220.360814742968
Overall,374,209.3831231813773
Overall,375,214.42580019398642
Overall,376,209.13579049466537
Overall,377,194.0737148399612
Overall,378,198.8729388942774
Overall,379,202.59941804073713
Overall,380,200.68962172647915
Overall,381,214.47914645974782
Overall,382,206.04364694471386
Overall,383,212.47623666343355
Overall,384,204.58874878758488
Overall,385,200.19398642095052
Overall,386,212.003879728419
Overall,387,223.77788554801165
Overall,388,207.03200775945683
Overall,389,208.87972841901066
Overall,390,201.94083414161008
Overall,391,218.45586808923375
Overall,392,211.2395732298739
Overall,393,201.45198836081474
Overall,394,232.5780795344326
Overall,395,209.28612997090204
Overall,396,204.69447138700292
Overall,397,207.72356935014548
Overall,398,208.2046556741028
Overall,399,212.50630455868088
Overall,400,199.368574199806
Overall,401,224.50630455868088
Overall,402,214.46847720659554
Overall,403,202.26188166828322
Overall,404,214.54801163918526
Overall,405,199.57225994180408
Overall,406,224.4568380213385
Overall,407,201.7866149369544
Overall,408,205.78176527643066
Overall,409,219.9650824442289
Overall,410,212.03588748787584
Overall,411,219.87972841901066
Overall,412,198.545101842871
Overall,413,215.8050436469447
Overall,414,215.36954413191077
Overall,415,201.68865179437438
Overall,416,199.90009699321047
Overall,417,215.51794374393793
Overall,418,202.26091173617846
Overall,419,202.75751697381185
Overall,420,201.090203685742
Overall,421,208.31037827352085
Overall,422,215.07468477206595
Overall,423,195.29873908826383
Overall,424,209.55868089233755
Overall,425,201.55771096023278
Overall,426,207.96023278370515
Overall,427,203.99709020368573
Overall,428,203.16682832201747
Overall,429,220.7274490785645
Overall,430,207.69544131910766
Overall,431,206.95926285160039
Overall,432,204.97575169738118
Overall,433,205.73229873908826
Overall,434,211.33074684772066
Overall,435,190.0475266731329
Overall,436,216.00678952473328
Overall,437,213.29485935984482
Overall,438,198.9650824442289
Overall,439,219.6062075654704
Overall,440,214.6721629485936
Overall,441,206.89912706110573
Overall,442,214.66246362754606
Overall,443,217.9301648884578
Overall,444,208.06595538312317
Overall,445,214.03976721629485
Overall,446,202.86226964112512
Overall,447,212.44325897187196
Overall,448,201.66440349175556
Overall,449,193.56062075654705
Overall,450,214.11542192046556
Overall,451,212.49951503394763
Overall,452,206.73908826382154
Overall,453,213.23860329776915
Overall,454,217.59068865179438
Overall,455,199.0058195926285
Overall,456,203.66634335596507
Overall,457,197.9980601357905
Overall,458,209.82250242483028
Overall,459,212.36372453928226
Overall,460,206.40640155189138
Overall,461,209.74102812803105
Overall,462,211.13870029097964
Overall,463,217.29388942774005
Overall,464,204.3773035887488
Overall,465,214.17361784675072
Overall,466,205.7536372453928
Overall,467,200.4015518913676
Overall,468,206.03782735208534
Overall,469,198.88069835111543
Overall,470,221.51891367604267
Overall,471,206.09408341416102
Overall,472,196.71677982541223
Overall,473,218.28516003879727
Overall,474,200.9709020368574
Overall,475,219.05043646944713
Overall,476,205.85160038797284
Overall,477,203.5324927255092
Overall,478,208.19301648884579
Overall,479,205.07274490785645
Overall,480,191.28322017458777
Overall,481,217.21241513094083
Overall,482,209.50339476236664
Overall,483,192.60814742967992
Overall,484,190.21629485935983
Overall,485,200.33365664403493
Overall,486,212.26382153249273
Overall,487,206.48884578079534
Overall,488,220.51697381183317
Overall,489,220.12221144519884
Overall,490,210.2298739088264
Overall,491,206.5548011639185
Overall,492,203.51115421920466
Overall,493,212.28516003879727
Overall,494,195.36954413191077
Overall,495,213.03782735208534
Overall,496,213.83123181377303
Overall,497,205.9485935984481
Overall,498,217.4568380213385
Overall,499,220.733268671193
Overall,500,202.4287099903007
Overall,501,208.2395732298739
Overall,502,204.29970902036857
Overall,503,211.65276430649854
Overall,504,205.4403491755577
Overall,505,208.4345295829292
Overall,506,213.94956353055287
Overall,507,222.8380213385063
Overall,508,213.75072744907857
Overall,509,199.61784675072744
Overall,510,209.16876818622697
Overall,511,195.86420950533463
Overall,512,209.84093113482055
Overall,513,202.70029097963143
Overall,514,213.8215324927255
Overall,515,212.86226964112512
Overall,516,202.52182347235694
Overall,517,204.50145489815714
Overall,518,205.33850630455868
Overall,519,224.1988360814743
Overall,520,202.70417070805044
Overall,521,208.68380213385063
Overall,522,219.176527643065
Overall,523,196.11348205625606
Overall,524,215.6294859359845
Overall,525,213.2153249272551
Overall,526,200.26479146459747
Overall,527,199.75654704170708
Overall,528,198.10378273520854
Overall,529,204.26285160038796
Overall,530,201.70223084384094
Overall,531,197.51600387972843
Overall,532,203.2279340446169
Overall,533,219.99127061105722
Overall,534,209.00096993210477
Overall,535,213.1309408341416
Overall,536,210.91464597478176
Overall,537,213.75266731328807
Overall,538,206.30358874878758
Overall,539,204.42289039767218
Overall,540,210.61396702230843
Overall,541,208.4345295829292
Overall,542,199.69932104752667
Overall,543,197.02715809893309
Overall,544,213.30358874878758
Overall,545,206.30649854510185
Overall,546,207.62463627546072
Overall,547,206.24539282250242
Overall,548,205.00678952473328
Overall,549,206.57613967022309
Overall,550,206.72065955383124
Overall,551,211.56256062075656
Overall,552,199.29485935984482
Overall,553,202.72453928225025
Overall,554,222.40640155189138
Overall,555,193.15033947623667
Overall,556,212.50630455868088
Overall,557,202.2356935014549
Overall,558,217.99515033947623
Overall,559,206.92919495635306
Overall,560,202.08826382153248
Overall,561,201.5712900096993
Overall,562,215.63821532492724
Overall,563,202.4122211445199
Overall,564,192.83899127061105
Overall,565,205.99903006789523
Overall,566,210.77788554801165
Overall,567,211.95635305528614
Overall,568,210.635305528613
Overall,569,207.76915615906887
Overall,570,203.29485935984482
Overall,571,218.07953443258972
Overall,572,208.3520853540252
Overall,573,209.60717749757518
Overall,574,207.0514064015519
Overall,575,199.627546071775
Overall,576,206.23860329776915
Overall,577,216.08147429679923
Overall,578,205.36178467507276
Overall,579,206.06304558680893
Overall,580,208.627546071775
Overall,581,203.36954413191077
Overall,582,217.17070805043647
Overall,583,210.50242483026187
Overall,584,191.43355965082444
Overall,585,200.29388942774005
Overall,586,209.77788554801165
Overall,587,203.97284190106691
Overall,588,208.67119301648884
Overall,589,190.53637245392824
Overall,590,205.89815712900096
Overall,591,206.92337536372455
Overall,592,215.5548011639185
Overall,593,213.5800193986421
Overall,594,201.96799224054317
Overall,595,213.67895247332686
Overall,596,211.0164888457808
Overall,597,210.06110572259942
Overall,598,202.58292919495636
Overall,599,203.03006789524733
Overall,600,218.23278370514063
Overall,601,207.7701260911736
Overall,602,222.52570320077595
Overall,603,213.0184287099903
Overall,604,202.06304558680893
Overall,605,195.80795344325898
Overall,606,196.10960232783705
Overall,607,201.31231813773036
Overall,608,212.8894277400582
Overall,609,210.72065955383124
Overall,610,200.03976721629485
Overall,611,220.68574199806014
Overall,612,212.77400581959262
Overall,613,215.66052376333656
Overall,614,190.75751697381185
Overall,615,212.44131910766245
Overall,616,217.2114451988361
Overall,617,213.25315227934044
Overall,618,205.47235693501455
Overall,619,217.31813773035887
Overall,620,210.20756547041708
Overall,621,213.34238603297769
Overall,622,215.05043646944713
Overall,623,216.7769156159069
Overall,624,213.22696411251212
Overall,625,203.29873908826383
Overall,626,211.40640155189138
Overall,627,206.5674102812803
Overall,628,210.50145489815714
Overall,629,203.0737148399612
Overall,630,191.15906886517945
Overall,631,234.9689621726479
Overall,632,206.42677012609118
Overall,633,203.04170708050435
Overall,634,203.85935984481085
Overall,635,209.97187196896218
Overall,636,198.03394762366634
Overall,637,205.10378273520854
Overall,638,228.8467507274491
Overall,639,213.35984481086325
Overall,640,206.86808923375364
Overall,641,209.5615906886518
Overall,642,219.58098933074686
Overall,643,214.1474296799224
Overall,644,212.93501454898157
Overall,645,209.08050436469446
Overall,646,190.69544131910766
Overall,647,206.81474296799223
Overall,648,195.91076624636275
Overall,649,212.2376333656644
Overall,650,202.7720659553831
Overall,651,208.74490785645006
Overall,652,198.7769156159069
Overall,653,208.6333656644035
Overall,654,209.5305528612997
Overall,655,211.18719689621727
Overall,656,215.6498545101843
Overall,657,212.57710960232782
Overall,658,212.52279340446168
Overall,659,228.2211445198836
Overall,660,215.71774975751697
Overall,661,197.86226964112512
Overall,662,215.69738118331716
Overall,663,204.99709020368573
Overall,664,213.6188166828322
Overall,665,206.46362754607176
Overall,666,213.50339476236664
Overall,667,211.2502424830262
Overall,668,195.9650824442289
Overall,669,202.9776915615907
Overall,670,203.66634335596507
Overall,671,227.62172647914645
Overall,672,211.41901066925314
Overall,673,196.67313288069835
Overall,674,200.00678952473328
Overall,675,203.55577109602328
Overall,676,221.30164888457807
Overall,677,204.22502424830262
Overall,678,202.12609117361785
Overall,679,213.26091173617846
Overall,680,198.4015518913676
Overall,681,208.29485935984482
Overall,682,214.95150339476237
Overall,683,202.6294859359845
Overall,684,209.32298739088264
Overall,685,221.97575169738118
Overall,686,198.4102812803104
Overall,687,207.49660523763336
Overall,688,212.82250242483028
Overall,689,197.2463627546072
Overall,690,197.1474296799224
Overall,691,206.32104752667314
Overall,692,209.9524733268671
Overall,693,194.819592628516
Overall,694,209.6149369544132
Overall,695,220.0678952473327
Overall,696,207.4199806013579
Overall,697,206.51891367604267
Overall,698,219.3889427740058
Overall,699,205.10378273520854
Overall,700,204.81280310378273
Overall,701,199.40252182347237
Overall,702,198.81668283220174
Overall,703,211.2395732298739
Overall,704,210.73908826382154
Overall,705,212.61008729388942
Overall,706,215.5819592628516
Overall,707,203.9980601357905
Overall,708,206.40737148399612
Overall,709,200.30164888457807
Overall,710,200.96993210475267
Overall,711,197.7681862269641
Overall,712,218.30843840931135
Overall,713,207.94568380213386
Overall,714,205.53637245392824
Overall,715,202.2483026188167
Overall,716,196.18525703200777
Overall,717,212.87778855480116
Overall,718,193.79049466537342
Overall,719,208.0475266731329
Overall,720,217.75654704170708
Overall,721,212.47526673132882
Overall,722,212.20950533462658
Overall,723,202.03006789524733
Overall,724,200.85741998060135
Overall,725,193.74199806013578
Overall,726,211.31522793404463
Overall,727,207.75072744907857
Overall,728,210.05237633365664
Overall,729,215.08535402521824
Overall,730,213.76139670223085
Overall,731,207.48011639185256
Overall,732,210.00969932104752
Overall,733,196.0678952473327
Overall,734,202.67895247332686
Overall,735,215.65955383123182
Overall,736,208.70514064015518
Overall,737,220.28806983511154
Overall,738,212.00484966052377
Overall,739,194.30746847720658
Overall,740,215.05431619786614
Overall,741,204.64694471387003
Overall,742,192.54025218234725
Overall,743,203.93598448108634
Overall,744,204.23666343355964
Overall,745,203.9447138700291
Overall,746,207.2114451988361
Overall,747,200.18913676042678
Overall,748,220.63433559650824
Overall,749,207.64306498545102
Overall,750,211.28709990300678
Overall,751,207.09699321047526
Overall,752,213.8671193016489
Overall,753,215.3462657613967
Overall,754,216.9485935984481
Overall,755,212.12027158098934
Overall,756,203.47914645974782
Overall,757,199.2521823472357
Overall,758,206.39185257032008
Overall,759,209.7701260911736
Overall,760,218.7807953443259
Overall,761,215.87196896217264
Overall,762,197.18331716779826
Overall,763,221.9776915615907
Overall,764,205.55577109602328
Overall,765,208.17458777885548
Overall,766,208.7934044616877
Overall,767,218.13676042677014
Overall,768,215.26479146459747
Overall,769,202.733268671193
Overall,770,204.81862269641124
Overall,771,222.5945683802134
Overall,772,211.16100872938895
Overall,773,198.6517943743938
Overall,774,192.14064015518915
Overall,775,193.94180407371485
Overall,776,219.62366634335598
Overall,777,205.2686711930165
Overall,778,213.60911736178468
Overall,779,197.88069835111543
Overall,780,217.57032007759457
Overall,781,198.12803103782736
Overall,782,202.15615906886518
Overall,783,200.17555771096022
Overall,784,208.27158098933074
Overall,785,205.5286129970902
Overall,786,198.6062075654704
Overall,787,195.5819592628516
Overall,788,214.57322987390882
Overall,789,217.7953443258972
Overall,790,195.59165858389912
Overall,791,219.4034917555771
Overall,792,206.02521823472358
Overall,793,212.8137730358875
Overall,794,208.80698351115421
Overall,795,206.1532492725509
Overall,796,211.88554801163917
Overall,797,202.1435499515034
Overall,798,207.4490785645005
Overall,799,208.7846750727449
Overall,800,192.38409311348207
Overall,801,211.0698351115422
Overall,802,203.15906886517945
Overall,803,206.81280310378273
Overall,804,200.15809893307468
Overall,805,201.29776915615906
Overall,806,209.1697381183317
Overall,807,200.8671193016489
Overall,808,204.34141610087295
Overall,809,207.04364694471386
Overall,810,223.23278370514063
Overall,811,198.46847720659554
Overall,812,188.9427740058196
Overall,813,201.4675072744908
Overall,814,214.77109602327837
Overall,815,211.03006789524733
Overall,816,215.71871968962174
Overall,817,206.6129970902037
Overall,818,204.80795344325898
Overall,819,216.3889427740058
Overall,820,217.1949563530553
Overall,821,211.01163918525702
Overall,822,210.32201745877788
Overall,823,206.75266731328807
Overall,824,200.88360814742967
Overall,825,209.0368574199806
Overall,826,195.11639185257033
Overall,827,203.4364694471387
Overall,828,207.5101842870999
Overall,829,221.3540252182347
Overall,830,210.35305528612997
Overall,831,215.71871968962174
Overall,832,199.95926285160039
Overall,833,209.31425800193986
Overall,834,205.85838991270612
Overall,835,201.11348205625606
Overall,836,204.85741998060135
Overall,837,204.44325897187196
Overall,838,212.7604267701261
Overall,839,209.4733268671193
Overall,840,202.32007759456837
Overall,841,216.11445198836083
Overall,842,208.9776915615907
Overall,843,202.89524733268672
Overall,844,204.7972841901067
Overall,845,218.14839961202716
Overall,846,197.25994180407372
Overall,847,219.60135790494667
Overall,848,203.84772065955383
Overall,849,199.40834141610088
Overall,850,214.55383123181377
Overall,851,213.364694471387
Overall,852,205.73035887487876
Overall,853,208.3937924345296
Overall,854,217.19204655674102
Overall,855,203.52279340446168
Overall,856,196.78564500484967
Overall,857,212.36760426770127
Overall,858,213.10960232783705
Overall,859,205.7827352085354
Overall,860,205.17749757516972
Overall,861,209.41319107662463
Overall,862,209.2192046556741
Overall,863,208.8467507274491
Overall,864,206.92240543161978
Overall,865,212.35111542192047
Overall,866,200.811833171678
Overall,867,197.2298739088264
Overall,868,211.2133850630456
Overall,869,198.1532492725509
Overall,870,218.1677982541222
Overall,871,196.0737148399612
Overall,872,195.48011639185256
Overall,873,211.3850630455868
Overall,874,211.08244422890397
Overall,875,224.25800193986422
Overall,876,217.50727449078565
Overall,877,193.91076624636275
Overall,878,205.545101842871
Overall,879,213.3792434529583
Overall,880,209.0717749757517
Overall,881,200.819592628516
Overall,882,200.1551891367604
Overall,883,191.68477206595537
Overall,884,203.3850630455868
Overall,885,199.49660523763336
Overall,886,195.76721629485937
Overall,887,201.5615906886518
Overall,888,205.8176527643065
Overall,889,199.9873908826382
Overall,890,215.9776915615907
Overall,891,205.9854510184287
Overall,892,215.9282250242483
Overall,893,231.00096993210477
Overall,894,201.627546071775
Overall,895,200.73229873908826
Overall,896,207.88069835111543
Overall,897,200.86226964112512
Overall,898,212.87487875848691
Overall,899,200.75072744907857
Overall,900,203.93695441319107
Overall,901,213.36566440349176
Overall,902,200.67895247332686
Overall,903,211.50727449078565
Overall,904,212.92531522793405
Overall,905,213.60717749757518
Overall,906,192.0
Overall,907,212.8322017458778
Overall,908,218.20174587778857
Overall,909,195.90785645004848
Overall,910,203.81474296799223
Overall,911,201.815712900097
Overall,912,205.02327837051408
Overall,913,210.91076624636275
Overall,914,208.5470417070805
Overall,915,203.49854510184286
Overall,916,209.05043646944713
Overall,917,207.13967022308438
Overall,918,195.50533462657614
Overall,919,210.10087293889427
Overall,920,202.13773035887488
Overall,921,226.88845780795344
Overall,922,211.14645974781766
Overall,923,227.12997090203686
Overall,924,215.8399612027158
Overall,925,206.90882638215325
Overall,926,221.94180407371485
Overall,927,216.90688651794375
Overall,928,201.65761396702231
Overall,929,209.76333656644036
Overall,930,202.69447138700292
Overall,931,206.99127061105722
Overall,932,217.35984481086325
Overall,933,209.3705140640155
Overall,934,219.31522793404463
Overall,935,207.70126091173617
Overall,936,223.96993210475267
Overall,937,216.93501454898157
Overall,938,223.29582929194956
Overall,939,200.72841901066926
Overall,940,218.00969932104752
Overall,941,206.38991270611058
Overall,942,206.52958292919496
Overall,943,222.19398642095052
Overall,944,201.95926285160039
Overall,945,210.80019398642096
Overall,946,210.1697381183317
Overall,947,194.61590688651793
Overall,948,205.22890397672163
Overall,949,200.65761396702231
Overall,950,215.30552861299708
Overall,951,208.19980601357904
Overall,952,210.10281280310377
Overall,953,215.93792434529584
Overall,954,210.52182347235694
Overall,955,221.7701260911736
Overall,956,205.80698351115421
Overall,957,219.41513094083413
Overall,958,212.89524733268672
Overall,959,210.63045586808923
Overall,960,208.83511154219204
Overall,961,201.64888457807953
Overall,962,206.36372453928226
Overall,963,211.59553831231813
Overall,964,198.13579049466537
Overall,965,208.19010669253151
Overall,966,223.47526673132882
Overall,967,205.30649854510185
Overall,968,208.11154219204656
Overall,969,210.99030067895248
Overall,970,195.64209505334625
Overall,971,196.69350145489815
Overall,972,219.6042677012609
Overall,973,206.4122211445199
Overall,974,200.66537342386033
Overall,975,205.77400581959262
Overall,976,223.42677012609118
Overall,977,216.12997090203686
Overall,978,219.33656644034917
Overall,979,198.6556741028128
Overall,980,213.24248302618815
Overall,981,223.43743937924344
Overall,982,206.81086323957322
Overall,983,199.80213385063047
Overall,984,189.86323957322986
Overall,985,218.91852570320077
Overall,986,214.364694471387
Overall,987,201.17070805043647
Overall,988,203.73908826382154
Overall,989,208.2725509214355
Overall,990,200.1968962172648
Overall,991,207.56838021338507
Overall,992,206.9893307468477
Overall,993,216.73035887487876
Overall,994,222.75266731328807
Overall,995,218.07080504364694
Overall,996,203.20368574199807
Overall,997,213.45101842871
Overall,998,205.68962172647915
Overall,999,200.94374393792435
Overall,1000,197.04073714839961
Overall,1001,204.92337536372455
Overall,1002,221.70126091173617
Overall,1003,204.90397672162948
Overall,1004,204.2298739088264
Overall,1005,195.9835111542192
Overall,1006,204.48108632395733
Overall,1007,191.99321047526672
Overall,1008,213.29582929194956
Overall,1009,198.13482056256063
Overall,1010,208.18525703200777
Overall,1011,197.98060135790496
Overall,1012,213.44810863239573
Overall,1013,201.16488845780796
Overall,1014,207.3996120271581
Overall,1015,196.2560620756547
Overall,1016,226.2153249272551
Overall,1017,204.31619786614937
Overall,1018,210.13676042677014
Overall,1019,196.67507274490785
Overall,1020,224.14645974781766
Overall,1021,218.3850630455868
Overall,1022,203.77788554801165
Overall,1023,214.08826382153248
Overall,1024,227.09893307468477
Overall,1025,211.39476236663432
Overall,1026,205.8011639185257
Overall,1027,209.48884578079534
Overall,1028,216.77497575169738
Overall,1029,201.98448108632397
Overall,1030,208.06886517943744
Overall,1031,212.97672162948592
Overall,1032,206.5945683802134
Overall,1033,194.3773035887488
Overall,1034,204.87778855480116
Overall,1035,206.60523763336568
Overall,1036,191.91949563530554
Overall,1037,210.38603297769157
Overall,1038,217.49854510184286
Overall,1039,198.3705140640155
Overall,1040,189.88457807953444
Overall,1041,198.73229873908826
Overall,1042,198.77400581959262
Overall,1043,198.9301648884578
Overall,1044,203.43937924345295
Overall,1045,208.8302618816683
Overall,1046,204.15615906886518
Overall,1047,207.5965082444229
Overall,1048,207.29194956353055
Overall,1049,201.15906886517945
Overall,1050,204.96411251212416
Overall,1051,196.1988360814743
Overall,1052,197.30164888457807
Overall,1053,203.56256062075656
Overall,1054,210.4219204655674
Overall,1055,193.92143549951504
Overall,1056,205.31619786614937
Overall,1057,211.9650824442289
Overall,1058,207.92143549951504
Overall,1059,200.95926285160039
Overall,1060,206.69835111542193
Overall,1061,215.70126091173617
Overall,1062,204.97575169738118
Overall,1063,211.86808923375364
Overall,1064,207.1454898157129
Overall,1065,215.31716779825413
Overall,1066,197.10669253152278
Overall,1067,217.04849660523763
Overall,1068,206.6682832201746
Overall,1069,218.4325897187197
Overall,1070,202.43549951503394
Overall,1071,203.0145489815713
Overall,1072,208.54898157129
Overall,1073,212.89330746847722
Overall,1074,204.22211445198835
Overall,1075,219.25121241513094
Overall,1076,194.93695441319107
Overall,1077,205.7807953443259
Overall,1078,214.1949563530553
Overall,1079,195.97575169738118
Overall,1080,207.9796314258002
Overall,1081,215.91270611057226
Overall,1082,211.07565470417072
Overall,1083,211.82056256062074
Overall,1084,191.93792434529584
Overall,1085,214.98448108632397
Overall,1086,198.70417070805044
Overall,1087,216.27643064985452
Overall,1088,216.1639185257032
Overall,1089,200.72065955383124
Overall,1090,201.6294859359845
Overall,1091,193.31328806983512
Overall,1092,202.78370514064017
Overall,1093,193.88748787584868
Overall,1094,218.15906886517945
Overall,1095,200.552861299709
Overall,1096,217.18137730358876
Overall,1097,203.20174587778857
Overall,1098,227.6372453928225
Overall,1099,205.92725509214355
Overall,1100,208.6372453928225
Overall,1101,204.60911736178468
Overall,1102,186.47623666343355
Overall,1103,235.95538312318138
Overall,1104,211.28128031037826
Overall,1105,198.8545101842871
Overall,1106,200.61784675072744
Overall,1107,207.0126091173618
Overall,1108,210.91949563530554
Overall,1109,203.9321047526673
Overall,1110,202.04073714839961
Overall,1111,199.96799224054317
Overall,1112,205.90009699321047
Overall,1113,212.454898157129
Overall,1114,214.0164888457808
Overall,1115,200.36954413191077
Overall,1116,211.5305528612997
Overall,1117,203.9485935984481
Overall,1118,197.69350145489815
Overall,1119,201.26285160038796
Overall,1120,201.80892337536372
Overall,1121,210.23666343355964
Overall,1122,204.9776915615907
Overall,1123,196.73520853540253
Overall,1124,190.97672162948592
Overall,1125,211.85935984481085
Overall,1126,204.4034917555771
Overall,1127,217.25315227934044
Overall,1128,218.70514064015518
Overall,1129,209.88166828322016
Overall,1130,209.87875848690592
Overall,1131,202.4054316197866
Overall,1132,196.47235693501455
Overall,1133,210.94374393792435
Overall,1134,209.8545101842871
Overall,1135,206.9815712900097
Overall,1136,209.77497575169738
Overall,1137,201.003879728419
Overall,1138,208.50145489815714
Overall,1139,210.44325897187196
Overall,1140,220.00678952473328
Overall,1141,213.68186226964113
Overall,1142,217.48787584869058
Overall,1143,208.46362754607176
Overall,1144,205.14064015518915
Overall,1145,201.14451988360815
Overall,1146,203.23472356935014
Overall,1147,217.48496605237634
Overall,1148,197.9544131910766
Overall,1149,197.7681862269641
Overall,1150,206.13191076624636
Overall,1151,205.0290979631426
Overall,1152,213.66246362754606
Overall,1153,197.11542192046556
Overall,1154,215.35596508244424
Overall,1155,217.14064015518915
Overall,1156,212.35693501454898
Overall,1157,215.09408341416102
Overall,1158,207.08050436469446
Overall,1159,202.49757516973813
Overall,1160,195.7807953443259
Overall,1161,205.96799224054317
Overall,1162,212.63239573229873
Overall,1163,220.2133850630456
Overall,1164,197.34044616876818
Overall,1165,208.360814742968
Overall,1166,216.2725509214355
Overall,1167,215.454898157129
Overall,1168,207.79049466537342
Overall,1169,212.48205625606207
Overall,1170,214.53928225024248
Overall,1171,206.37536372453928
Overall,1172,213.06110572259942
Overall,1173,200.49272550921435
Overall,1174,217.90494665373424
Overall,1175,210.266731328807
Overall,1176,204.57516973811832
Overall,1177,220.26188166828322
Overall,1178,210.4345295829292
Overall,1179,204.0717749757517
Overall,1180,206.49563530552862
Overall,1181,196.75557710960234
Overall,1182,206.04267701260912
Overall,1183,205.79049466537342
Overall,1184,197.08632395732297
Overall,1185,212.36760426770127
Overall,1186,217.6372453928225
Overall,1187,213.06886517943744
Overall,1188,193.80892337536372
Overall,1189,205.94180407371485
Overall,1190,212.82735208535402
Overall,1191,211.8486905916586
Overall,1192,202.49369544131912
Overall,1193,219.98060135790496
Overall,1194,211.27740058195926
Overall,1195,208.31425800193986
Overall,1196,218.66052376333656
Overall,1197,212.24248302618815
Overall,1198,214.184287099903
Overall,1199,207.63045586808923
Overall,1200,197.09893307468477
Overall,1201,208.83511154219204
Overall,1202,208.77400581959262
Overall,1203,210.80213385063047
Overall,1204,204.59553831231813
Overall,1205,200.9776915615907
Overall,1206,208.88845780795344
Overall,1207,199.4287099903007
Overall,1208,209.40446168768187
Overall,1209,202.13579049466537
Overall,1210,207.5305528612997
Overall,1211,210.7788554801164
Overall,1212,207.50339476236664
Overall,1213,207.0310378273521
Overall,1214,191.42774005819592
Overall,1215,204.77594568380212
Overall,1216,200.87875848690592
Overall,1217,203.97478176527642
Overall,1218,205.93598448108634
Overall,1219,201.46847720659554
Overall,1220,225.70805043646945
Overall,1221,214.21629485935983
Overall,1222,205.9980601357905
Overall,1223,196.66440349175556
Overall,1224,212.66731328806983
Overall,1225,200.24442289039766
Overall,1226,208.2298739088264
Overall,1227,230.81474296799223
Overall,1228,226.0678952473327
Overall,1229,194.78952473326868
Overall,1230,216.66246362754606
Overall,1231,213.33559650824444
Overall,1232,203.09796314258003
Overall,1233,191.17458777885548
Overall,1234,190.0572259941804
Overall,1235,219.55189136760427
Overall,1236,197.12027158098934
Overall,1237,206.80601357904948
Overall,1238,212.26964112512124
Overall,1239,209.30746847720658
Overall,1240,208.10184287099904
Overall,1241,209.627546071775
Overall,1242,203.3278370514064
Overall,1243,223.80892337536372
Overall,1244,210.49854510184286
Overall,1245,212.39670223084383
Overall,1246,199.454898157129
Overall,1247,212.1697381183317
Overall,1248,214.9466537342386
Overall,1249,223.57904946653736
Overall,1250,189.4490785645005
Overall,1251,199.45004849660523
Overall,1252,204.79825412221143
Overall,1253,209.4199806013579
Overall,1254,206.77303588748788
Overall,1255,200.3705140640155
Overall,1256,196.72647914645975
Overall,1257,221.9427740058196
Overall,1258,212.4034917555771
Overall,1259,220.3870029097963
Overall,1260,207.33559650824444
Overall,1261,195.25897187196895
Overall,1262,211.98254122211446
Overall,1263,201.64112512124152
Overall,1264,208.86808923375364
Overall,1265,204.71580989330747
Overall,1266,206.09990300678953
Overall,1267,202.1949563530553
Overall,1268,195.1697381183317
Overall,1269,205.1949563530553
Overall,1270,224.50630455868088
Overall,1271,209.15421920465567
Overall,1272,194.12415130940835
Overall,1273,209.2502424830262
Overall,1274,204.02133850630455
Overall,1275,209.58874878758488
Overall,1276,192.1454898157129
Overall,1277,189.71290009699322
Overall,1278,206.60911736178468
Overall,1279,200.10184287099904
Overall,1280,214.64209505334625
Overall,1281,204.9873908826382
Overall,1282,216.48205625606207
Overall,1283,205.06401551891366
Overall,1284,207.0223084384093
Overall,1285,209.22890397672163
Overall,1286,192.23666343355964
Overall,1287,222.0572259941804
Overall,1288,206.92434529582928
Overall,1289,215.2483026188167
Overall,1290,216.96993210475267
Overall,1291,203.2337536372454
Overall,1292,215.04849660523763
Overall,1293,206.00096993210477
Overall,1294,188.88554801163917
Overall,1295,204.823472356935
Overall,1296,207.29388942774005
Overall,1297,202.97381183317168
Overall,1298,199.1454898157129
Overall,1299,213.63045586808923
Overall,1300,200.2172647914646
Overall,1301,197.8380213385063
Overall,1302,196.9815712900097
Overall,1303,205.99321047526672
Overall,1304,201.909796314258
Overall,1305,220.93598448108634
Overall,1306,209.68865179437438
Overall,1307,208.40931134820562
Overall,1308,197.33947623666344
Overall,1309,208.46362754607176
Overall,1310,194.1328806983511
Overall,1311,221.59553831231813
Overall,1312,210.1949563530553
Overall,1313,197.1639185257032
Overall,1314,207.20853540252182
Overall,1315,215.16876818622697
Overall,1316,214.91367604267703
Overall,1317,198.811833171678
Overall,1318,201.52764306498545
Overall,1319,216.5945683802134
Overall,1320,212.17458777885548
Overall,1321,219.46653734238603
Overall,1322,221.51891367604267
Overall,1323,203.6110572259942
Overall,1324,211.53734238603298
Overall,1325,212.73617846750727
Overall,1326,206.13579049466537
Overall,1327,203.89524733268672
Overall,1328,210.28612997090204
Overall,1329,202.8564500484966
Overall,1330,198.53346265761397
Overall,1331,203.73908826382154
Overall,1332,203.270611057226
Overall,1333,204.0329776915616
Overall,1334,213.54413191076625
Overall,1335,212.37633365664402
Overall,1336,203.70417070805044
Overall,1337,208.87390882638215
Overall,1338,204.28806983511154
Overall,1339,202.29194956353055
Overall,1340,201.2541222114452
Overall,1341,203.7807953443259
Overall,1342,191.7090203685742
Overall,1343,204.9612027158099
Overall,1344,215.05431619786614
Overall,1345,207.74199806013578
Overall,1346,206.04655674102813
Overall,1347,205.8341416100873
Overall,1348,197.68283220174587
Overall,1349,212.61784675072744
Overall,1350,212.65276430649854
Overall,1351,205.35693501454898
Overall,1352,215.55674102812804
Overall,1353,212.0184287099903
Overall,1354,200.48302618816683
Overall,1355,215.3297769156159
Overall,1356,214.69156159068865
Overall,1357,200.9709020368574
Overall,1358,218.1105722599418
Overall,1359,209.35693501454898
Overall,1360,206.28031037827353
Overall,1361,208.5965082444229
Overall,1362,207.2279340446169
Overall,1363,223.51600387972843
Overall,1364,211.21241513094083
Overall,1365,217.06207565470416
Overall,1366,205.6226964112512
Overall,1367,202.10475266731328
Overall,1368,224.7992240543162
Overall,1369,215.4529582929195
Overall,1370,207.85548011639185
Overall,1371,202.89912706110573
Overall,1372,205.49369544131912
Overall,1373,209.35596508244424
Overall,1374,207.52376333656645
Overall,1375,202.41513094083413
Overall,1376,195.04849660523763
Overall,1377,198.24927255092143
Overall,1378,209.91852570320077
Overall,1379,201.8137730358875
Overall,1380,214.85548011639185
Overall,1381,216.26091173617846
Overall,1382,210.42677012609118
Overall,1383,202.75460717749758
Overall,1384,210.10087293889427
Overall,1385,204.86614936954413
Overall,1386,203.00969932104752
Overall,1387,205.3540252182347
Overall,1388,211.75751697381185
Overall,1389,219.3889427740058
Overall,1390,204.78564500484967
Overall,1391,218.4034917555771
Overall,1392,201.11154219204656
Overall,1393,213.7769156159069
Overall,1394,191.6129970902037
Overall,1395,190.71290009699322
Overall,1396,200.47526673132882
Overall,1397,215.8215324927255
Overall,1398,202.80989330746849
Overall,1399,204.68768186226964
Overall,1400,207.36760426770127
Overall,1401,210.4694471387003
Overall,1402,199.63045586808923
Overall,1403,221.9893307468477
Overall,1404,208.67119301648884
Overall,1405,207.0058195926285
Overall,1406,223.59747817652763
Overall,1407,214.7313288069835
Overall,1408,211.65470417070804
Overall,1409,217.42289039767218
Overall,1410,206.12318137730358
Overall,1411,205.67313288069835
Overall,1412,216.73229873908826
Overall,1413,190.82638215324928
Overall,1414,205.09408341416102
Overall,1415,189.48593598448107
Overall,1416,202.74199806013578
Overall,1417,215.80989330746849
Overall,1418,209.76915615906887
Overall,1419,196.27837051406402
Overall,1420,203.36566440349176
Overall,1421,199.33559650824444
Overall,1422,213.87972841901066
Overall,1423,209.552861299709
Overall,1424,200.65761396702231
Overall,1425,199.02618816682832
Overall,1426,203.03200775945683
Overall,1427,200.3666343355965
Overall,1428,188.77982541222116
Overall,1429,214.2230843840931
Overall,1430,218.12803103782736
Overall,1431,219.12415130940835
Overall,1432,225.0145489815713
Overall,1433,203.63045586808923
Overall,1434,194.16294859359846
Overall,1435,212.08050436469446
Overall,1436,222.04655674102813
Overall,1437,216.88845780795344
Overall,1438,212.94568380213386
Overall,1439,208.62463627546072
Overall,1440,204.40737148399612
Overall,1441,222.66537342386033
Overall,1442,220.3705140640155
Overall,1443,206.11542192046556
Overall,1444,199.82638215324928
Overall,1445,216.49272550921435
Overall,1446,202.75557710960234
Overall,1447,204.32104752667314
Overall,1448,189.66634335596507
Overall,1449,211.6498545101843
Overall,1450,213.93113482056256
Overall,1451,212.10087293889427
Overall,1452,202.42967992240543
Overall,1453,211.73908826382154
Overall,1454,216.30067895247333
Overall,1455,214.7662463627546
Overall,1456,203.55868089233755
Overall,1457,209.96217264791466
Overall,1458,217.12415130940835
Overall,1459,216.40834141610088
Overall,1460,200.2725509214355
Overall,1461,210.42774005819592
Overall,1462,202.47914645974782
Overall,1463,206.28225024248303
Overall,1464,196.66731328806983
Overall,1465,221.48011639185256
Overall,1466,212.0019398642095
Overall,1467,215.66343355965083
Overall,1468,209.96217264791466
Overall,1469,220.4675072744908
Overall,1470,204.6682832201746
Overall,1471,207.75557710960234
Overall,1472,197.66343355965083
Overall,1473,210.40640155189138
Overall,1474,204.82735208535402
Overall,1475,209.180407371484
Overall,1476,205.73908826382154
Overall,1477,210.43355965082444
Overall,1478,200.94762366634336
Overall,1479,212.9796314258002
Overall,1480,204.5548011639185
Overall,1481,211.4054316197866
Overall,1482,205.92143549951504
Overall,1483,205.4529582929195
Overall,1484,193.06401551891366
Overall,1485,207.92337536372455
Overall,1486,190.6721629485936
Overall,1487,205.93307468477207
Overall,1488,197.89427740058196
Overall,1489,214.7701260911736
Overall,1490,214.36372453928226
Overall,1491,203.71483996120273
Overall,1492,198.75460717749758
Overall,1493,203.03976721629485
Overall,1494,200.73908826382154
Overall,1495,218.45877788554802
Overall,1496,199.51503394762366
Overall,1497,210.4403491755577
Overall,1498,206.82929194956353
Overall,1499,213.00678952473328
Overall,1500,205.2172647914646
Overall,1501,206.02133850630455
Overall,1502,206.19786614936953
Overall,1503,213.631425800194
Overall,1504,212.34335596508245
Overall,1505,208.83899127061105
Overall,1506,211.92143549951504
Overall,1507,202.10475266731328
Overall,1508,191.51600387972843
Overall,1509,195.80989330746849
Overall,1510,207.65276430649854
Overall,1511,211.07080504364694
Overall,1512,197.87778855480116
Overall,1513,206.25994180407372
Overall,1514,206.71580989330747
Overall,1515,199.0349175557711
Overall,1516,204.0572259941804
Overall,1517,197.42677012609118
Overall,1518,211.66925315227934
Overall,1519,190.31037827352085
Overall,1520,205.97381183317168
Overall,1521,206.30067895247333
Overall,1522,199.5324927255092
Overall,1523,206.02424830261882
Overall,1524,203.99224054316198
Overall,1525,210.49466537342386
Overall,1526,211.51988360814744
Overall,1527,218.32298739088264
Overall,1528,207.05916585838992
Overall,1529,224.97672162948592
Overall,1530,223.54801163918526
Overall,1531,218.07759456838022
Overall,1532,202.72259941804074
Overall,1533,200.89718719689623
Overall,1534,208.6129970902037
Overall,1535,200.7439379243453
Overall,1536,209.65276430649854
Overall,1537,200.18913676042678
Overall,1538,215.9544131910766
Overall,1539,208.63239573229873
Overall,1540,201.8031037827352
Overall,1541,197.6333656644035
Overall,1542,207.00290979631427
Overall,1543,208.29291949563532
Overall,1544,193.73229873908826
Overall,1545,208.07080504364694
Overall,1546,200.88457807953444
Overall,1547,206.0145489815713
Overall,1548,201.27546071774975
Overall,1549,200.4694471387003
Overall,1550,213.91949563530554
Overall,1551,211.02812803103782
Overall,1552,197.82638215324928
Overall,1553,202.1949563530553
Overall,1554,216.37633365664402
Overall,1555,198.08050436469446
Overall,1556,209.7623666343356
Overall,1557,197.5858389912706
Overall,1558,196.25994180407372
Overall,1559,201.0368574199806
Overall,1560,206.02812803103782
Overall,1561,202.59359844810862
Overall,1562,202.26091173617846
Overall,1563,209.62560620756548
Overall,1564,207.23666343355964
Overall,1565,207.09505334626576
Overall,1566,196.36372453928226
Overall,1567,218.9941804073715
Overall,1568,199.14645974781766
Overall,1569,205.75072744907857
Overall,1570,198.08244422890397
Overall,1571,217.55383123181377
Overall,1572,197.41901066925314
Overall,1573,199.635305528613
Overall,1574,219.5286129970902
Overall,1575,206.76915615906887
Overall,1576,213.3297769156159
Overall,1577,205.98254122211446
Overall,1578,216.95150339476237
Overall,1579,200.06110572259942
Overall,1580,214.57419980601358
Overall,1581,210.7720659553831
Overall,1582,217.0387972841901
Overall,1583,211.9447138700291
Overall,1584,204.96799224054317
Overall,1585,208.71483996120273
Overall,1586,201.6168768186227
Overall,1587,213.34238603297769
Overall,1588,223.5654704170708
Overall,1589,206.02133850630455
Overall,1590,214.56644034917556
Overall,1591,216.5858389912706
Overall,1592,199.53346265761397
Overall,1593,204.8486905916586
Overall,1594,202.7458777885548
Overall,1595,197.64694471387003
Overall,1596,214.23666343355964
Overall,1597,213.06401551891366
Overall,1598,209.02618816682832
Overall,1599,191.82250242483028
Overall,1600,211.14258001939865
Overall,1601,205.8545101842871
Overall,1602,217.7662463627546
Overall,1603,200.1716779825412
Overall,1604,197.6294859359845
Overall,1605,213.48302618816683
Overall,1606,201.97381183317168
Overall,1607,202.19398642095052
Overall,1608,206.24248302618815
Overall,1609,207.73714839961204
Overall,1610,207.13579049466537
Overall,1611,215.81862269641124
Overall,1612,216.04655674102813
Overall,1613,201.815712900097
Overall,1614,207.1328806983511
Overall,1615,206.62172647914645
Overall,1616,205.73908826382154
Overall,1617,213.8486905916586
Overall,1618,206.40058195926287
Overall,1619,222.5965082444229
Overall,1620,202.3976721629486
Overall,1621,192.78758486905917
Overall,1622,198.2521823472357
Overall,1623,210.84093113482055
Overall,1624,210.62172647914645
Overall,1625,207.55577109602328
Overall,1626,208.08632395732297
Overall,1627,204.72259941804074
Overall,1628,195.3870029097963
Overall,1629,208.61978661493694
Overall,1630,200.0
Overall,1631,200.0737148399612
Overall,1632,201.29485935984482
Overall,1633,203.44131910766245
Overall,1634,217.19107662463628
Overall,1635,212.3996120271581
Overall,1636,202.06692531522793
Overall,1637,204.7439379243453
Overall,1638,194.55771096023278
Overall,1639,198.5635305528613
Overall,1640,211.79243452958292
Overall,1641,215.49466537342386
Overall,1642,212.8322017458778
Overall,1643,210.9650824442289
Overall,1644,203.68962172647915
Overall,1645,218.09311348205625
Overall,1646,206.85838991270612
Overall,1647,226.85354025218234
Overall,1648,213.50630455868088
Overall,1649,204.4102812803104
Overall,1650,214.84966052376333
Overall,1651,198.82541222114452
Overall,1652,208.2483026188167
Overall,1653,209.69641125121242
Overall,1654,207.72065955383124
Overall,1655,200.83123181377303
Overall,1656,212.92337536372455
Overall,1657,206.41125121241512
Overall,1658,211.95150339476237
Overall,1659,199.1493695441319
Overall,1660,197.55189136760427
Overall,1661,203.0533462657614
Overall,1662,206.8360814742968
Overall,1663,210.5286129970902
Overall,1664,215.22696411251212
Overall,1665,224.91367604267703
Overall,1666,203.48496605237634
Overall,1667,205.22211445198835
Overall,1668,198.74490785645006
Overall,1669,202.65470417070804
Overall,1670,192.9282250242483
Overall,1671,208.819592628516
Overall,1672,230.32298739088264
Overall,1673,211.20174587778857
Overall,1674,225.49175557710961
Overall,1675,200.50436469447138
Overall,1676,209.33656644034917
Overall,1677,203.67604267701262
Overall,1678,216.5101842870999
Overall,1679,182.80407371483997
Overall,1680,209.14064015518915
Overall,1681,211.54607177497576
Overall,1682,201.71968962172647
Overall,1683,209.45974781765275
Overall,1684,216.54219204655675
Overall,1685,211.31910766246364
Overall,1686,205.87778855480116
Overall,1687,190.90494665373424
Overall,1688,215.9631425800194
Overall,1689,199.06595538312317
Overall,1690,210.32201745877788
Overall,1691,194.9796314258002
Overall,1692,198.11445198836083
Overall,1693,203.84190106692532
Overall,1694,205.1532492725509
Overall,1695,200.10475266731328
Overall,1696,217.24539282250242
Overall,1697,198.66440349175556
Overall,1698,210.4364694471387
Overall,1699,209.22502424830262
Overall,1700,207.14258001939865
Overall,1701,209.90009699321047
Overall,1702,206.9544131910766
Overall,1703,200.9505334626576
Overall,1704,210.0717749757517
Overall,1705,211.71483996120273
Overall,1706,209.20174587778857
Overall,1707,209.54219204655675
Overall,1708,212.89524733268672
Overall,1709,214.1677982541222
Overall,1710,204.60814742967992
Overall,1711,205.73229873908826
Overall,1712,214.4034917555771
Overall,1713,195.30261881668284
Overall,1714,203.28516003879727
Overall,1715,224.27158098933074
Overall,1716,218.270611057226
Overall,1717,202.26382153249273
Overall,1718,209.1513094083414
Overall,1719,211.823472356935
Overall,1720,201.42967992240543
Overall,1721,207.3666343355965
Overall,1722,201.81668283220174
Overall,1723,202.74490785645006
Overall,1724,204.70999030067895
Overall,1725,195.08050436469446
Overall,1726,215.48496605237634
Overall,1727,204.2725509214355
Overall,1728,208.42095053346264
Overall,1729,207.15615906886518
Overall,1730,204.09311348205625
Overall,1731,204.9485935984481
Overall,1732,211.32492725509215
Overall,1733,212.82056256062074
Overall,1734,215.59747817652763
Overall,1735,209.184287099903
Overall,1736,212.51406401551893
Overall,1737,205.10281280310377
Overall,1738,219.77788554801165
Overall,1739,207.6517943743938
Overall,1740,218.0368574199806
Overall,1741,209.90882638215325
Overall,1742,213.90882638215325
Overall,1743,215.26576139670223
Overall,1744,198.90688651794375
Overall,1745,217.29970902036857
Overall,1746,205.62463627546072
Overall,1747,207.87681862269642
Overall,1748,193.34238603297769
Overall,1749,208.14064015518915
Overall,1750,207.2541222114452
Overall,1751,211.13482056256063
Overall,1752,216.9650824442289
Overall,1753,211.08923375363725
Overall,1754,196.9670223084384
Overall,1755,211.61008729388942
Overall,1756,202.80019398642096
Overall,1757,197.21629485935983
Overall,1758,214.71193016488846
Overall,1759,196.9631425800194
Overall,1760,210.01551891367603
Overall,1761,206.69544131910766
Overall,1762,200.89233753637245
Overall,1763,203.2298739088264
Overall,1764,206.23860329776915
Overall,1765,205.24054316197865
Overall,1766,218.06595538312317
Overall,1767,213.10087293889427
Overall,1768,210.20174587778857
Overall,1769,214.42677012609118
Overall,1770,216.5819592628516
Overall,1771,214.69835111542193
Overall,1772,224.11639185257033
Overall,1773,211.49272550921435
Overall,1774,209.66052376333656
Overall,1775,200.24345295829292
Overall,1776,213.09602327837052
Overall,1777,207.60523763336568
Overall,1778,218.80892337536372
Overall,1779,211.86323957322986
Overall,1780,199.90494665373424
Overall,1781,207.91076624636275
Overall,1782,203.69932104752667
Overall,1783,204.8380213385063
Overall,1784,201.627546071775
Overall,1785,210.81086323957322
Overall,1786,211.40058195926287
Overall,1787,212.97866149369545
Overall,1788,206.41319107662463
Overall,1789,203.74296799224055
Overall,1790,200.29679922405433
Overall,1791,197.54122211445198
Overall,1792,214.823472356935
Overall,1793,207.03006789524733
Overall,1794,216.823472356935
Overall,1795,210.61784675072744
Overall,1796,201.97284190106691
Overall,1797,200.45974781765275
Overall,1798,202.7866149369544
Overall,1799,210.09796314258003
Overall,1800,203.21047526673132
Overall,1801,203.32104752667314
Overall,1802,208.32201745877788
Overall,1803,208.1493695441319
Overall,1804,205.5615906886518
Overall,1805,217.27352085354025
Overall,1806,209.2192046556741
Overall,1807,190.67604267701262
Overall,1808,208.1309408341416
Overall,1809,217.4161008729389
Overall,1810,200.55771096023278
Overall,1811,184.7807953443259
Overall,1812,206.34044616876818
Overall,1813,193.76527643064986
Overall,1814,210.8506304558681
Overall,1815,213.32007759456837
Overall,1816,196.07662463627545
Overall,1817,213.66731328806983
Overall,1818,206.5509214354995
Overall,1819,199.2356935014549
Overall,1820,212.3297769156159
Overall,1821,208.47041707080504
Overall,1822,196.9631425800194
Overall,1823,198.57613967022309
Overall,1824,219.5674102812803
Overall,1825,208.61784675072744
Overall,1826,203.19786614936953
Overall,1827,207.02327837051408
Overall,1828,196.85838991270612
Overall,1829,202.57419980601358
Overall,1830,213.46071774975752
Overall,1831,209.04461687681862
Overall,1832,194.08535402521824
Overall,1833,203.88554801163917
Overall,1834,209.89330746847722
Overall,1835,208.53831231813774
Overall,1836,190.04461687681862
Overall,1837,200.3831231813773
Overall,1838,202.70223084384094
Overall,1839,206.27837051406402
Overall,1840,206.266731328807
Overall,1841,206.13482056256063
Overall,1842,212.5945683802134
Overall,1843,203.43937924345295
Overall,1844,198.24539282250242
Overall,1845,205.68574199806014
Overall,1846,219.7313288069835
Overall,1847,209.76527643064986
Overall,1848,206.16100872938895
Overall,1849,199.80213385063047
Overall,1850,192.53734238603298
Overall,1851,205.33268671193017
Overall,1852,207.7604267701261
Overall,1853,207.1988360814743
Overall,1854,210.48593598448107
Overall,1855,214.6003879728419
Overall,1856,215.67604267701262
Overall,1857,190.66731328806983
Overall,1858,205.62560620756548
Overall,1859,213.0698351115422
Overall,1860,197.9321047526673
Overall,1861,219.20853540252182
Overall,1862,205.1105722599418
Overall,1863,218.22211445198835
Overall,1864,211.82541222114452
Overall,1865,216.62463627546072
Overall,1866,206.733268671193
Overall,1867,206.0387972841901
Overall,1868,213.02812803103782
Overall,1869,198.99903006789523
Overall,1870,212.92725509214355
Overall,1871,205.95829291949565
Overall,1872,210.8050436469447
Overall,1873,203.97478176527642
Overall,1874,207.364694471387
Overall,1875,208.78370514064017
Overall,1876,204.090203685742
Overall,1877,201.7807953443259
Overall,1878,217.98836081474298
Overall,1879,212.29873908826383
Overall,1880,203.57710960232782
Overall,1881,195.47914645974782
Overall,1882,209.1677982541222
Overall,1883,207.0475266731329
Overall,1884,203.17555771096022
Overall,1885,212.6479146459748
Overall,1886,203.57419980601358
Overall,1887,222.10184287099904
Overall,1888,199.72453928225025
Overall,1889,208.74878758486906
Overall,1890,196.2192046556741
Overall,1891,201.3831231813773
Overall,1892,193.82735208535402
Overall,1893,202.11833171677984
Overall,1894,212.1949563530553
Overall,1895,203.31619786614937
Overall,1896,209.13385063045587
Overall,1897,221.5615906886518
Overall,1898,202.22696411251212
Overall,1899,208.65955383123182
Overall,1900,197.79631425800193
Overall,1901,208.88457807953444
Overall,1902,204.42967992240543
Overall,1903,212.82541222114452
Overall,1904,201.52085354025218
Overall,1905,212.2686711930165
Overall,1906,213.0533462657614
Overall,1907,205.17361784675072
Overall,1908,204.28516003879727
Overall,1909,216.05625606207565
Overall,1910,211.32395732298738
Overall,1911,228.86614936954413
Overall,1912,207.01163918525702
Overall,1913,214.12803103782736
Overall,1914,204.8690591658584
Overall,1915,203.8525703200776
Overall,1916,201.26188166828322
Overall,1917,208.56838021338507
Overall,1918,208.19107662463628
Overall,1919,202.48690591658584
Overall,1920,213.3278370514064
Overall,1921,203.74005819592628
Overall,1922,204.0475266731329
Overall,1923,198.2356935014549
Overall,1924,207.71193016488846
Overall,1925,211.39670223084383
Overall,1926,208.92337536372455
Overall,1927,213.09117361784675
Overall,1928,232.21435499515033
Overall,1929,210.49175557710961
Overall,1930,211.91367604267703
Overall,1931,221.2686711930165
Overall,1932,204.81086323957322
Overall,1933,204.003879728419
Overall,1934,214.49272550921435
Overall,1935,218.11154219204656
Overall,1936,204.41901066925314
Overall,1937,201.48884578079534
Overall,1938,222.87875848690592
Overall,1939,217.41901066925314
Overall,1940,207.3627546071775
Overall,1941,214.89815712900096
Overall,1942,198.270611057226
Overall,1943,210.97284190106691
Overall,1944,220.88457807953444
Overall,1945,199.2483026188167
Overall,1946,213.83123181377303
Overall,1947,206.58098933074686
Overall,1948,196.27643064985452
Overall,1949,213.83511154219204
Overall,1950,225.74490785645006
Overall,1951,207.69835111542193
Overall,1952,196.59359844810862
Overall,1953,208.06304558680893
Overall,1954,202.32104752667314
Overall,1955,203.37342386032978
Overall,1956,207.71871968962174
Overall,1957,213.7313288069835
Overall,1958,210.87584869059165
Overall,1959,216.50824442289039
Overall,1960,201.6556741028128
Overall,1961,216.24054316197865
Overall,1962,207.29582929194956
Overall,1963,210.0203685741998
Overall,1964,210.74878758486906
Overall,1965,220.28806983511154
Overall,1966,203.99127061105722
Overall,1967,197.76527643064986
Overall,1968,205.81474296799223
Overall,1969,205.0475266731329
Overall,1970,210.8545101842871
Overall,1971,217.98836081474298
Overall,1972,205.66634335596507
Overall,1973,202.28612997090204
Overall,1974,212.77594568380212
Overall,1975,207.29485935984482
Overall,1976,210.62172647914645
Overall,1977,215.6702230843841
Overall,1978,206.58874878758488
Overall,1979,196.45974781765275
Overall,1980,209.39864209505333
Overall,1981,221.11930164888457
Overall,1982,205.63433559650824
Overall,1983,209.16876818622697
Overall,1984,209.13967022308438
Overall,1985,204.28516003879727
Overall,1986,178.83705140640154
Overall,1987,198.97284190106691
Overall,1988,201.58292919495636
Overall,1989,218.10960232783705
Overall,1990,223.4451988360815
Overall,1991,215.03588748787584
Overall,1992,205.47914645974782
Overall,1993,217.815712900097
Overall,1994,202.31231813773036
Overall,1995,201.83705140640154
Overall,1996,207.04364694471386
Overall,1997,221.7807953443259
Overall,1998,217.75751697381185
Overall,1999,203.60135790494667
Overall,2000,222.07565470417072
Overall,2001,205.5897187196896
Overall,2002,218.30358874878758
Overall,2003,207.54898157129
Overall,2004,210.96217264791466
Overall,2005,197.15712900096995
Overall,2006,213.32104752667314
Overall,2007,207.82250242483028
Overall,2008,208.66440349175556
Overall,2009,194.3666343355965
Overall,2010,201.82444228903978
Overall,2011,206.22696411251212
Overall,2012,215.28419010669253
Overall,2013,219.6003879728419
Overall,2014,207.48787584869058
Overall,2015,207.6372453928225
Overall,2016,200.2114451988361
Overall,2017,211.87972841901066
Overall,2018,216.54995150339477
Overall,2019,198.1716779825412
Overall,2020,196.9689621726479
Overall,2021,207.75848690591658
Overall,2022,208.94762366634336
Overall,2023,207.98254122211446
Overall,2024,224.09699321047526
Overall,2025,204.68380213385063
Overall,2026,214.60329776915617
Overall,2027,209.52085354025218
Overall,2028,199.24539282250242
Overall,2029,207.91173617846752
Overall,2030,223.9670223084384
Overall,2031,216.3297769156159
Overall,2032,191.42580019398642
Overall,2033,209.46362754607176
Overall,2034,210.98254122211446
Overall,2035,210.77788554801165
Overall,2036,224.07565470417072
Overall,2037,193.03200775945683
Overall,2038,202.7681862269641
Overall,2039,214.8671193016489
Overall,2040,201.10378273520854
Overall,2041,217.16682832201747
Overall,2042,196.6333656644035
Overall,2043,196.68477206595537
Overall,2044,220.10378273520854
Overall,2045,192.26382153249273
Overall,2046,202.81862269641124
Overall,2047,202.0552861299709
Overall,2048,207.0203685741998
Overall,2049,213.4102812803104
Overall,2050,196.15615906886518
Overall,2051,211.2298739088264
Overall,2052,209.11639185257033
Overall,2053,213.75654704170708
Overall,2054,199.20562560620758
Overall,2055,209.9893307468477
Overall,2056,214.99903006789523
Overall,2057,213.14161008729388
Overall,2058,203.53734238603298
Overall,2059,205.57516973811832
Overall,2060,208.73229873908826
Overall,2061,214.80019398642096
Overall,2062,205.89524733268672
Overall,2063,200.54413191076625
Overall,2064,216.97284190106691
Overall,2065,202.13385063045587
Overall,2066,203.88166828322016
Overall,2067,207.72162948593598
Overall,2068,198.50145489815714
Overall,2069,200.31231813773036
Overall,2070,204.33268671193017
Overall,2071,200.8525703200776
Overall,2072,217.9835111542192
Overall,2073,208.0349175557711
Overall,2074,207.94180407371485
Overall,2075,204.10475266731328
Overall,2076,201.41513094083413
Overall,2077,204.66052376333656
Overall,2078,211.3297769156159
Overall,2079,200.9282250242483
Overall,2080,203.40737148399612
Overall,2081,210.1949563530553
Overall,2082,208.93404461687683
Overall,2083,195.14258001939865
Overall,2084,199.80795344325898
Overall,2085,197.16876818622697
Overall,2086,201.54801163918526
Overall,2087,220.26382153249273
Overall,2088,205.77109602327837
Overall,2089,212.5712900096993
Overall,2090,220.16294859359846
Overall,2091,203.70708050436468
Overall,2092,214.41901066925314
Overall,2093,218.81474296799223
Overall,2094,212.97575169738118
Overall,2095,204.94374393792435
Overall,2096,208.70708050436468
Overall,2097,212.46847720659554
Overall,2098,204.66634335596507
Overall,2099,209.57225994180408
Overall,2100,199.7604267701261
Overall,2101,199.91367604267703
Overall,2102,211.54995150339477
Overall,2103,201.10087293889427
Overall,2104,212.40640155189138
Overall,2105,214.86129970902036
Overall,2106,215.15615906886518
Overall,2107,207.3831231813773
Overall,2108,207.29679922405433
Overall,2109,208.30067895247333
Overall,2110,210.43355965082444
Overall,2111,200.61202715809893
Overall,2112,220.090203685742
Overall,2113,211.83899127061105
Overall,2114,216.01939864209504
Overall,2115,209.64209505334625
Overall,2116,206.94762366634336
Overall,2117,201.65955383123182
Overall,2118,214.0329776915616
Overall,2119,199.71483996120273
Overall,2120,192.2395732298739
Overall,2121,196.00678952473328
Overall,2122,213.1639185257032
Overall,2123,207.87196896217264
Overall,2124,201.64403491755576
Overall,2125,204.68186226964113
Overall,2126,201.6556741028128
Overall,2127,206.5800193986421
Overall,2128,197.8525703200776
Overall,2129,200.6702230843841
Overall,2130,203.90688651794375
Overall,2131,232.95732298739088
Overall,2132,214.7953443258972
Overall,2133,205.47817652764306
Overall,2134,213.1600387972842
Overall,2135,197.2502424830262
Overall,2136,210.62560620756548
Overall,2137,207.88069835111543
Overall,2138,206.53637245392824
Overall,2139,202.274490785645
Overall,2140,201.80795344325898
Overall,2141,215.03782735208534
Overall,2142,211.70708050436468
Overall,2143,216.26964112512124
Overall,2144,198.25800193986422
Overall,2145,205.68477206595537
Overall,2146,208.6062075654704
Overall,2147,223.12415130940835
Overall,2148,217.1532492725509
Overall,2149,193.37148399612028
Overall,2150,204.97478176527642
Overall,2151,210.95538312318138
Overall,2152,206.372453928225
Overall,2153,215.97478176527642
Overall,2154,199.33850630455868
Overall,2155,204.43549951503394
Overall,2156,210.06013579049466
Overall,2157,208.58874878758488
Overall,2158,213.003879728419
Overall,2159,209.35305528612997
Overall,2160,226.48884578079534
Overall,2161,211.30455868089234
Overall,2162,214.45780795344325
Overall,2163,204.2298739088264
Overall,2164,216.63239573229873
Overall,2165,198.8506304558681
Overall,2166,199.5819592628516
Overall,2167,194.59747817652763
Overall,2168,192.75460717749758
Overall,2169,194.47041707080504
Overall,2170,197.78952473326868
Overall,2171,203.49563530552862
Overall,2172,218.69932104752667
Overall,2173,204.69641125121242
Overall,2174,205.26091173617846
Overall,2175,201.5965082444229
Overall,2176,197.0475266731329
Overall,2177,204.62366634335598
Overall,2178,204.74199806013578
Overall,2179,215.6168768186227
Overall,2180,206.02424830261882
Overall,2181,212.58292919495636
Overall,2182,213.71193016488846
Overall,2183,188.16100872938895
Overall,2184,194.26091173617846
Overall,2185,206.1639185257032
Overall,2186,204.71677982541223
Overall,2187,209.54219204655675
Overall,2188,215.13579049466537
Overall,2189,220.15906886517945
Overall,2190,204.60911736178468
Overall,2191,195.23278370514063
Overall,2192,215.5470417070805
Overall,2193,205.04170708050435
Overall,2194,221.13676042677014
Overall,2195,211.6226964112512
Overall,2196,215.627546071775
Overall,2197,199.32880698351116
Overall,2198,216.1784675072745
Overall,2199,219.64694471387003
Overall,2200,219.42580019398642
Overall,2201,208.56256062075656
Overall,2202,194.26479146459747
Overall,2203,213.68768186226964
Overall,2204,216.71968962172647
Overall,2205,204.47623666343355
Overall,2206,217.14161008729388
Overall,2207,215.10572259941804
Overall,2208,201.99903006789523
Overall,2209,209.99224054316198
Overall,2210,231.69641125121242
Overall,2211,207.99321047526672
Overall,2212,200.87875848690592
Overall,2213,204.6479146459748
Overall,2214,211.61396702230843
Overall,2215,217.66440349175556
Overall,2216,209.49951503394763
Overall,2217,203.59941804073713
Overall,2218,215.95635305528614
Overall,2219,223.69253152279342
Overall,2220,212.72162948593598
Overall,2221,208.17264791464598
Overall,2222,204.47429679922405
Overall,2223,211.21241513094083
Overall,2224,221.30455868089234
Overall,2225,200.38215324927256
Overall,2226,213.31910766246364
Overall,2227,193.8302618816683
Overall,2228,197.93792434529584
Overall,2229,196.75072744907857
Overall,2230,206.4451988360815
Overall,2231,203.3792434529583
Overall,2232,202.10184287099904
Overall,2233,208.91173617846752
Overall,2234,210.8050436469447
Overall,2235,206.70999030067895
Overall,2236,201.3666343355965
Overall,2237,218.51697381183317
Overall,2238,206.2541222114452
Overall,2239,210.08729388942774
Overall,2240,201.04073714839961
Overall,2241,215.34044616876818
Overall,2242,209.59262851600388
Overall,2243,203.32298739088264
Overall,2244,207.5712900096993
Overall,2245,204.40446168768187
Overall,2246,202.45101842871
Overall,2247,205.7516973811833
Overall,2248,204.8011639185257
Overall,2249,201.89718719689623
Overall,2250,200.9873908826382
Overall,2251,213.74102812803105
Overall,2252,209.80407371483997
Overall,2253,207.00096993210477
Overall,2254,202.24248302618815
Overall,2255,203.80601357904948
Overall,2256,196.91076624636275
Overall,2257,195.86032977691562
Overall,2258,216.49078564500485
Overall,2259,217.49757516973813
Overall,2260,201.1949563530553
Overall,2261,209.9447138700291
Overall,2262,203.88651794374394
Overall,2263,231.9709020368574
Overall,2264,226.0184287099903
Overall,2265,221.54219204655675
Overall,2266,210.77497575169738
Overall,2267,204.45780795344325
Overall,2268,208.06886517943744
Overall,2269,211.13385063045587
Overall,2270,200.176527643065
Overall,2271,202.49854510184286
Overall,2272,206.13385063045587
Overall,2273,211.29194956353055
Overall,2274,212.4733268671193
Overall,2275,212.45004849660523
Overall,2276,207.69350145489815
Overall,2277,208.0184287099903
Overall,2278,209.40640155189138
Overall,2279,203.48302618816683
Overall,2280,211.4384093113482
Overall,2281,200.73714839961204
Overall,2282,217.0310378273521
Overall,2283,200.8322017458778
Overall,2284,226.266731328807
Overall,2285,197.02715809893309
Overall,2286,213.70805043646945
Overall,2287,203.55771096023278
Overall,2288,209.627546071775
Overall,2289,210.13385063045587
Overall,2290,213.4345295829292
Overall,2291,219.41901066925314
Overall,2292,204.99903006789523
Overall,2293,207.56062075654705
Overall,2294,203.84093113482055
Overall,2295,205.53831231813774
Overall,2296,214.733268671193
Overall,2297,209.66537342386033
Overall,2298,203.91755577109603
Overall,2299,203.639185257032
Overall,2300,210.2318137730359
Overall,2301,212.67798254122212
Overall,2302,211.53734238603298
Overall,2303,202.0737148399612
Overall,2304,206.19592628516003
Overall,2305,208.06304558680893
Overall,2306,203.97478176527642
Overall,2307,205.6110572259942
Overall,2308,212.30746847720658
Overall,2309,208.1551891367604
Overall,2310,214.09602327837052
Overall,2311,198.89427740058196
Overall,2312,202.4180407371484
Overall,2313,202.45392822502424
Overall,2314,209.57516973811832
Overall,2315,213.44325897187196
Overall,2316,198.28128031037826
Overall,2317,204.45101842871
Overall,2318,216.20174587778857
Overall,2319,205.9612027158099
Overall,2320,207.1697381183317
Overall,2321,209.37439379243452
Overall,2322,198.4219204655674
Overall,2323,211.909796314258
Overall,2324,198.08632395732297
Overall,2325,203.44422890397672
Overall,2326,208.24248302618815
Overall,2327,206.13385063045587
Overall,2328,223.9524733268671
Overall,2329,207.87196896217264
Overall,2330,207.2065955383123
Overall,2331,223.29582929194956
Overall,2332,199.70805043646945
Overall,2333,202.27837051406402
Overall,2334,211.3462657613967
Overall,2335,200.38021338506306
Overall,2336,204.67604267701262
Overall,2337,201.996120271581
Overall,2338,208.59068865179438
Overall,2339,207.85548011639185
Overall,2340,214.1949563530553
Overall,2341,200.9776915615907
Overall,2342,193.21241513094083
Overall,2343,209.13385063045587
Overall,2344,218.1823472356935
Overall,2345,209.3870029097963
Overall,2346,195.7972841901067
Overall,2347,211.70223084384094
Overall,2348,206.7885548011639
Overall,2349,205.86420950533463
Overall,2350,216.270611057226
Overall,2351,212.5324927255092
Overall,2352,210.70805043646945
Overall,2353,196.13773035887488
Overall,2354,201.4219204655674
Overall,2355,201.69447138700292
Overall,2356,215.93695441319107
Overall,2357,210.50436469447138
Overall,2358,206.0184287099903
Overall,2359,198.447138700291
Overall,2360,197.06498545101843
Overall,2361,200.43549951503394
Overall,2362,205.19010669253151
Overall,2363,229.24248302618815
Overall,2364,208.35111542192047
Overall,2365,211.7807953443259
Overall,2366,198.3792434529583
Overall,2367,200.4034917555771
Overall,2368,213.3443258971872
Overall,2369,206.7536372453928
Overall,2370,227.65858389912705
Overall,2371,214.59262851600388
Overall,2372,202.2230843840931
Overall,2373,208.6905916585839
Overall,2374,214.64112512124152
Overall,2375,213.55189136760427
Overall,2376,219.83317167798253
Overall,2377,208.1474296799224
Overall,2378,205.69835111542193
Overall,2379,203.09408341416102
Overall,2380,210.7701260911736
Overall,2381,214.81668283220174
Overall,2382,192.8894277400582
Overall,2383,201.74878758486906
Overall,2384,210.01745877788554
Overall,2385,204.815712900097
Overall,2386,206.57516973811832
Overall,2387,206.81280310378273
Overall,2388,206.7439379243453
Overall,2389,207.08341416100873
Overall,2390,210.8467507274491
Overall,2391,210.09699321047526
Overall,2392,211.08535402521824
Overall,2393,205.31813773035887
Overall,2394,213.815712900097
Overall,2395,208.06595538312317
Overall,2396,195.94083414161008
Overall,2397,216.1823472356935
Overall,2398,205.40931134820562
Overall,2399,204.090203685742
Overall,2400,202.63821532492724
Overall,2401,202.89039767216295
Overall,2402,218.90397672162948
Overall,2403,209.9893307468477
Overall,2404,209.8137730358875
Overall,2405,210.58292919495636
Overall,2406,214.57322987390882
Overall,2407,207.5615906886518
Overall,2408,205.91173617846752
Overall,2409,206.91270611057226
Overall,2410,205.43937924345295
Overall,2411,208.8322017458778
Overall,2412,207.97672162948592
Overall,2413,204.34335596508245
Overall,2414,208.19980601357904
Overall,2415,197.61590688651793
Overall,2416,206.28709990300678
Overall,2417,213.09699321047526
Overall,2418,196.27740058195926
Overall,2419,204.42580019398642
Overall,2420,198.76139670223085
Overall,2421,201.1716779825412
Overall,2422,211.08632395732297
Overall,2423,202.50921435499515
Overall,2424,212.65761396702231
Overall,2425,197.79825412221143
Overall,2426,213.7313288069835
Overall,2427,193.51794374393793
Overall,2428,201.98254122211446
Overall,2429,199.84287099903005
Overall,2430,206.40058195926287
Overall,2431,208.4306498545102
Overall,2432,197.3520853540252
Overall,2433,213.41901066925314
Overall,2434,190.56450048496606
Overall,2435,210.819592628516
Overall,2436,211.02812803103782
Overall,2437,208.81668283220174
Overall,2438,207.35984481086325
Overall,2439,224.62172647914645
Overall,2440,217.00678952473328
Overall,2441,208.9980601357905
Overall,2442,204.8448108632396
Overall,2443,213.22502424830262
Overall,2444,215.72356935014548
Overall,2445,192.50921435499515
Overall,2446,221.7643064985451
Overall,2447,209.447138700291
Overall,2448,198.9873908826382
Overall,2449,223.4034917555771
Overall,2450,204.61202715809893
Overall,2451,207.53443258971873
Overall,2452,207.27158098933074
Overall,2453,205.71483996120273
Overall,2454,204.360814742968
Overall,2455,210.57904946653736
Overall,2456,209.49369544131912
Overall,2457,201.24151309408342
Overall,2458,206.55868089233755
Overall,2459,202.72259941804074
Overall,2460,199.11154219204656
Overall,2461,204.4122211445199
Overall,2462,199.08826382153248
Overall,2463,206.52764306498545
Overall,2464,214.64403491755576
Overall,2465,205.7972841901067
Overall,2466,203.3996120271581
Overall,2467,211.77982541222116
Overall,2468,209.46168768186226
Overall,2469,185.52473326867118
Overall,2470,212.2172647914646
Overall,2471,203.5635305528613
Overall,2472,206.90397672162948
Overall,2473,217.15712900096995
Overall,2474,202.55674102812804
Overall,2475,198.8215324927255
Overall,2476,212.5654704170708
Overall,2477,204.91852570320077
Overall,2478,210.82444228903978
Overall,2479,210.31522793404463
Overall,2480,213.30552861299708
Overall,2481,192.84384093113482
Overall,2482,209.48787584869058
Overall,2483,224.89621726479146
Overall,2484,207.11930164888457
Overall,2485,206.83899127061105
Overall,2486,207.1328806983511
Overall,2487,209.07274490785645
Overall,2488,207.99030067895248
Overall,2489,208.18525703200777
Overall,2490,198.07565470417072
Overall,2491,189.3443258971872
Overall,2492,196.9689621726479
Overall,2493,215.31328806983512
Overall,2494,214.73423860329777
Overall,2495,210.45392822502424
Overall,2496,209.08244422890397
Overall,2497,211.42580019398642
Overall,2498,202.06498545101843
Overall,2499,197.0106692531523
Overall,2500,207.51115421920466
Overall,2501,191.30164888457807
Overall,2502,217.9873908826382
Overall,2503,216.30455868089234
Overall,2504,208.34044616876818
Overall,2505,220.823472356935
Overall,2506,197.90106692531523
Overall,2507,204.13870029097964
Overall,2508,206.67604267701262
Overall,2509,209.13870029097964
Overall,2510,208.52279340446168
Overall,2511,216.32395732298738
Overall,2512,207.27643064985452
Overall,2513,200.3850630455868
Overall,2514,216.49078564500485
Overall,2515,211.5635305528613
Overall,2516,206.71677982541223
Overall,2517,220.180407371484
Overall,2518,199.73035887487876
Overall,2519,212.447138700291
Overall,2520,208.68186226964113
Overall,2521,201.96217264791466
Overall,2522,218.1784675072745
Overall,2523,196.47041707080504
Overall,2524,200.54025218234725
Overall,2525,215.76333656644036
Overall,2526,216.21435499515033
Overall,2527,208.71774975751697
Overall,2528,215.48884578079534
Overall,2529,204.70223084384094
Overall,2530,211.90882638215325
Overall,2531,199.19107662463628
Overall,2532,198.1619786614937
Overall,2533,215.94180407371485
Overall,2534,192.2153249272551
Overall,2535,196.24927255092143
Overall,2536,203.57419980601358
Overall,2537,199.05237633365664
Overall,2538,219.06304558680893
Overall,2539,202.64500484966052
Overall,2540,199.57516973811832
Overall,2541,214.7497575169738
Overall,2542,212.72647914645975
Overall,2543,216.57032007759457
Overall,2544,206.7846750727449
Overall,2545,228.10766246362755
Overall,2546,206.996120271581
Overall,2547,192.1105722599418
Overall,2548,210.37439379243452
Overall,2549,200.86420950533463
Overall,2550,200.82541222114452
Overall,2551,212.69156159068865
Overall,2552,202.14161008729388
Overall,2553,209.99515033947623
Overall,2554,229.75654704170708
Overall,2555,202.30261881668284
Overall,2556,186.3501454898157
Overall,2557,211.09699321047526
Overall,2558,202.37536372453928
Overall,2559,204.27158098933074
Overall,2560,203.9815712900097
Overall,2561,194.17264791464598
Overall,2562,205.68962172647915
Overall,2563,211.32880698351116
Overall,2564,209.2376333656644
Overall,2565,214.2725509214355
Overall,2566,205.5838991270611
Overall,2567,216.5945683802134
Overall,2568,198.9505334626576
Overall,2569,219.87390882638215
Overall,2570,207.8913676042677
Overall,2571,196.65955383123182
Overall,2572,201.06886517943744
Overall,2573,205.19107662463628
Overall,2574,200.4122211445199
Overall,2575,210.28031037827353
Overall,2576,205.49175557710961
Overall,2577,213.01163918525702
Overall,2578,197.50533462657614
Overall,2579,202.729388942774
Overall,2580,199.87196896217264
Overall,2581,196.3443258971872
Overall,2582,212.12997090203686
Overall,2583,195.77497575169738
Overall,2584,208.6294859359845
Overall,2585,203.02812803103782
Overall,2586,204.64112512124152
Overall,2587,209.31716779825413
Overall,2588,210.49369544131912
Overall,2589,217.37827352085355
Overall,2590,216.04461687681862
Overall,2591,211.58874878758488
Overall,2592,209.14451988360815
Overall,2593,214.48496605237634
Overall,2594,213.38991270611058
Overall,2595,191.67895247332686
Overall,2596,210.68962172647915
Overall,2597,220.6110572259942
Overall,2598,212.31813773035887
Overall,2599,205.6556741028128
Overall,2600,208.50533462657614
Overall,2601,222.1435499515034
Overall,2602,209.39282250242482
Overall,2603,202.59747817652763
Overall,2604,208.12318137730358
Overall,2605,204.0223084384093
Overall,2606,214.66731328806983
Overall,2607,204.24927255092143
Overall,2608,201.815712900097
Overall,2609,214.28516003879727
Overall,2610,210.17264791464598
Overall,2611,210.13967022308438
Overall,2612,207.2279340446169
Overall,2613,207.51988360814744
Overall,2614,206.09893307468477
Overall,2615,216.28612997090204
Overall,2616,205.01939864209504
Overall,2617,207.11930164888457
Overall,2618,198.52376333656645
Overall,2619,198.89621726479146
Overall,2620,209.23860329776915
Overall,2621,194.45392822502424
Overall,2622,209.2172647914646
Overall,2623,212.26188166828322
Overall,2624,211.2279340446169
Overall,2625,209.11348205625606
Overall,2626,207.26382153249273
Overall,2627,206.32492725509215
Overall,2628,217.88554801163917
Overall,2629,205.70029097963143
Overall,2630,209.64500484966052
Overall,2631,207.71483996120273
Overall,2632,220.63433559650824
Overall,2633,209.26285160038796
Overall,2634,207.55868089233755
Overall,2635,198.56256062075656
Overall,2636,203.31328806983512
Overall,2637,213.4180407371484
Overall,2638,208.88166828322016
Overall,2639,200.30164888457807
Overall,2640,200.91367604267703
Overall,2641,223.04655674102813
Overall,2642,207.45101842871
Overall,2643,196.8486905916586
Overall,2644,214.61008729388942
Overall,2645,210.43549951503394
Overall,2646,207.38797284190107
Overall,2647,207.6188166828322
Overall,2648,205.16488845780796
Overall,2649,204.0678952473327
Overall,2650,200.24539282250242
Overall,2651,206.19786614936953
Overall,2652,205.42580019398642
Overall,2653,211.7623666343356
Overall,2654,221.59553831231813
Overall,2655,214.61978661493694
Overall,2656,205.13870029097964
Overall,2657,205.7788554801164
Overall,2658,203.8690591658584
Overall,2659,200.48205625606207
Overall,2660,206.9427740058196
Overall,2661,205.22405431619788
Overall,2662,206.003879728419
Overall,2663,190.28709990300678
Overall,2664,204.3520853540252
Overall,2665,200.02618816682832
Overall,2666,214.1493695441319
Overall,2667,209.32492725509215
Overall,2668,203.61008729388942
Overall,2669,205.43355965082444
Overall,2670,203.71193016488846
Overall,2671,204.59068865179438
Overall,2672,225.34335596508245
Overall,2673,213.71871968962174
Overall,2674,209.44325897187196
Overall,2675,201.447138700291
Overall,2676,209.08050436469446
Overall,2677,217.47526673132882
Overall,2678,220.73811833171678
Overall,2679,204.19786614936953
Overall,2680,204.43355965082444
Overall,2681,217.12415130940835
Overall,2682,213.9544131910766
Overall,2683,212.49369544131912
Overall,2684,198.5712900096993
Overall,2685,212.7681862269641
Overall,2686,209.15809893307468
Overall,2687,204.91561590688653
Overall,2688,208.31231813773036
Overall,2689,221.75751697381185
Overall,2690,221.4102812803104
Overall,2691,193.75945683802135
Overall,2692,198.9893307468477
Overall,2693,205.176527643065
Overall,2694,199.17555771096022
Overall,2695,201.83511154219204
Overall,2696,205.368574199806
Overall,2697,212.19301648884579
Overall,2698,203.29970902036857
Overall,2699,198.69156159068865
Overall,2700,218.7313288069835
Overall,2701,204.20562560620758
Overall,2702,197.64306498545102
Overall,2703,221.50339476236664
Overall,2704,207.19301648884579
Overall,2705,195.3996120271581
Overall,2706,212.60911736178468
Overall,2707,199.7788554801164
Overall,2708,218.2356935014549
Overall,2709,203.32686711930165
Overall,2710,204.51794374393793
Overall,2711,205.29679922405433
Overall,2712,209.1513094083414
Overall,2713,211.40058195926287
Overall,2714,220.43161978661493
Overall,2715,211.66925315227934
Overall,2716,208.59262851600388
Overall,2717,201.40252182347237
Overall,2718,198.45198836081474
Overall,2719,216.13773035887488
Overall,2720,204.11542192046556
Overall,2721,194.17361784675072
Overall,2722,208.92531522793405
Overall,2723,210.15712900096995
Overall,2724,197.91949563530554
Overall,2725,221.8137730358875
Overall,2726,204.52085354025218
Overall,2727,216.360814742968
Overall,2728,209.3278370514064
Overall,2729,213.21823472356934
Overall,2730,193.09408341416102
Overall,2731,209.3957322987391
Overall,2732,206.51891367604267
Overall,2733,209.81280310378273
Overall,2734,211.4568380213385
Overall,2735,210.184287099903
Overall,2736,200.52376333656645
Overall,2737,213.69738118331716
Overall,2738,227.12027158098934
Overall,2739,208.4141610087294
Overall,2740,206.91561590688653
Overall,2741,209.82929194956353
Overall,2742,204.15906886517945
Overall,2743,201.72065955383124
Overall,2744,209.78564500484967
Overall,2745,211.0368574199806
Overall,2746,213.36372453928226
Overall,2747,202.71483996120273
Overall,2748,202.82056256062074
Overall,2749,213.29970902036857
Overall,2750,213.28709990300678
Overall,2751,212.03006789524733
Overall,2752,213.1551891367604
Overall,2753,203.9262851600388
Overall,2754,201.89427740058196
Overall,2755,210.97672162948592
Overall,2756,204.70999030067895
Overall,2757,213.8448108632396
Overall,2758,205.5286129970902
Overall,2759,218.81668283220174
Overall,2760,209.24442289039766
Overall,2761,201.50727449078565
Overall,2762,213.67701260911736
Overall,2763,212.7827352085354
Overall,2764,200.3278370514064
Overall,2765,215.74296799224055
Overall,2766,208.11154219204656
Overall,2767,206.14161008729388
Overall,2768,198.09893307468477
Overall,2769,212.30261881668284
Overall,2770,204.22890397672163
Overall,2771,208.56062075654705
Overall,2772,199.1290009699321
Overall,2773,206.04170708050435
Overall,2774,190.99709020368573
Overall,2775,215.33753637245394
Overall,2776,214.88263821532493
Overall,2777,208.31813773035887
Overall,2778,207.06207565470416
Overall,2779,205.50533462657614
Overall,2780,212.12027158098934
Overall,2781,203.03782735208534
Overall,2782,204.70320077594567
Overall,2783,221.0514064015519
Overall,2784,201.7807953443259
Overall,2785,202.35693501454898
Overall,2786,213.64500484966052
Overall,2787,205.90106692531523
Overall,2788,226.06595538312317
Overall,2789,199.87002909796314
Overall,2790,207.70223084384094
Overall,2791,211.9941804073715
Overall,2792,200.97575169738118
Overall,2793,219.83317167798253
Overall,2794,198.13773035887488
Overall,2795,217.55868089233755
Overall,2796,205.86808923375364
Overall,2797,199.3705140640155
Overall,2798,218.2318137730359
Overall,2799,203.7846750727449
Overall,2800,211.54025218234725
Overall,2801,192.38021338506306
Overall,2802,198.5693501454898
Overall,2803,217.07565470417072
Overall,2804,201.8894277400582
Overall,2805,208.34238603297769
Overall,2806,212.10766246362755
Overall,2807,222.46847720659554
Overall,2808,201.95829291949565
Overall,2809,210.5615906886518
Overall,2810,204.17943743937926
Overall,2811,202.58680892337537
Overall,2812,207.64888457807953
Overall,2813,205.90688651794375
Overall,2814,224.10475266731328
Overall,2815,205.80892337536372
Overall,2816,210.49757516973813
Overall,2817,205.96217264791466
Overall,2818,199.97866149369545
Overall,2819,209.33947623666344
Overall,2820,197.639185257032
Overall,2821,194.98642095053347
Overall,2822,215.20368574199807
Overall,2823,202.3889427740058
Overall,2824,202.58292919495636
Overall,2825,216.10766246362755
Overall,2826,209.74684772065956
Overall,2827,203.01939864209504
Overall,2828,204.79146459747818
Overall,2829,210.6042677012609
Overall,2830,217.4713870029098
Overall,2831,216.41319107662463
Overall,2832,202.19592628516003
Overall,2833,209.03200775945683
Overall,2834,205.6188166828322
Overall,2835,193.66925315227934
Overall,2836,207.627546071775
Overall,2837,192.54025218234725
Overall,2838,214.12124151309408
Overall,2839,208.91561590688653
Overall,2840,220.3937924345296
Overall,2841,205.66731328806983
Overall,2842,217.69350145489815
Overall,2843,208.8913676042677
Overall,2844,200.73229873908826
Overall,2845,202.05916585838992
Overall,2846,211.83899127061105
Overall,2847,195.95732298739088
Overall,2848,191.52473326867118
Overall,2849,212.1551891367604
Overall,2850,198.40058195926287
Overall,2851,198.70999030067895
Overall,2852,203.47914645974782
Overall,2853,205.6682832201746
Overall,2854,213.07662463627545
Overall,2855,215.90106692531523
Overall,2856,211.31522793404463
Overall,2857,192.1784675072745
Overall,2858,184.86129970902036
Overall,2859,197.09117361784675
Overall,2860,216.94083414161008
Overall,2861,209.26188166828322
Overall,2862,197.5596508244423
Overall,2863,211.62851600387972
Overall,2864,221.23278370514063
Overall,2865,199.92337536372455
Overall,2866,207.81280310378273
Overall,2867,202.0698351115422
Overall,2868,214.5548011639185
Overall,2869,226.20756547041708
Overall,2870,192.29873908826383
Overall,2871,200.69641125121242
Overall,2872,207.77497575169738
Overall,2873,194.4306498545102
Overall,2874,225.17458777885548
Overall,2875,207.5877788554801
Overall,2876,204.8176527643065
Overall,2877,201.33850630455868
Overall,2878,205.99224054316198
Overall,2879,200.66246362754606
Overall,2880,216.31134820562562
Overall,2881,196.7992240543162
Overall,2882,196.3482056256062
Overall,2883,207.03006789524733
Overall,2884,201.98642095053347
Overall,2885,211.38603297769157
Overall,2886,204.64209505334625
Overall,2887,197.9854510184287
Overall,2888,215.4568380213385
Overall,2889,207.1270611057226
Overall,2890,219.04849660523763
Overall,2891,197.8176527643065
Overall,2892,210.57032007759457
Overall,2893,207.8302618816683
Overall,2894,220.53637245392824
Overall,2895,210.5596508244423
Overall,2896,209.4733268671193
Overall,2897,207.40252182347237
Overall,2898,208.3811833171678
Overall,2899,209.26770126091174
Overall,2900,218.4219204655674
Overall,2901,202.51891367604267
Overall,2902,196.36178467507276
Overall,2903,204.46847720659554
Overall,2904,194.64694471387003
Overall,2905,213.14161008729388
Overall,2906,194.090203685742
Overall,2907,205.06498545101843
Overall,2908,213.29679922405433
Overall,2909,212.5800193986421
Overall,2910,200.4490785645005
Overall,2911,215.03588748787584
Overall,2912,200.76527643064986
Overall,2913,195.68089233753636
Overall,2914,203.5819592628516
Overall,2915,187.0203685741998
Overall,2916,204.02812803103782
Overall,2917,203.003879728419
Overall,2918,214.50048496605237
Overall,2919,210.3937924345296
Overall,2920,201.61590688651793
Overall,2921,213.28806983511154
Overall,2922,214.9670223084384
Overall,2923,207.40446168768187
Overall,2924,196.94762366634336
Overall,2925,214.1949563530553
Overall,2926,206.54122211445198
Overall,2927,214.2502424830262
Overall,2928,210.53637245392824
Overall,2929,207.58486905916587
Overall,2930,216.6372453928225
Overall,2931,211.70126091173617
Overall,2932,200.42580019398642
Overall,2933,195.05237633365664
Overall,2934,200.7604267701261
Overall,2935,214.9301648884578
Overall,2936,218.9815712900097
Overall,2937,210.53540252182347
Overall,2938,195.5470417070805
Overall,2939,199.78952473326868
Overall,2940,194.9505334626576
Overall,2941,184.08923375363725
Overall,2942,196.31910766246364
Overall,2943,200.63239573229873
Overall,2944,214.5615906886518
Overall,2945,217.4102812803104
Overall,2946,209.2337536372454
Overall,2947,195.57225994180408
Overall,2948,220.94180407371485
Overall,2949,197.4015518913676
Overall,2950,217.5800193986421
Overall,2951,221.51794374393793
Overall,2952,207.5101842870999
Overall,2953,206.28806983511154
Overall,2954,201.81280310378273
Overall,2955,203.5877788554801
Overall,2956,210.01745877788554
Overall,2957,214.88554801163917
Overall,2958,226.72453928225025
Overall,2959,206.46556741028127
Overall,2960,193.49369544131912
Overall,2961,220.15227934044617
Overall,2962,209.09311348205625
Overall,2963,203.48496605237634
Overall,2964,201.74684772065956
Overall,2965,204.93792434529584
Overall,2966,211.15421920465567
Overall,2967,189.5635305528613
Overall,2968,201.67992240543163
Overall,2969,211.95926285160039
Overall,2970,198.59068865179438
Overall,2971,207.1658583899127
Overall,2972,200.53346265761397
Overall,2973,201.5712900096993
Overall,2974,200.99030067895248
Overall,2975,201.70029097963143
Overall,2976,200.81086323957322
Overall,2977,209.15906886517945
Overall,2978,218.3297769156159
Overall,2979,208.1086323957323
Overall,2980,222.00290979631427
Overall,2981,204.55577109602328
Overall,2982,199.30164888457807
Overall,2983,214.40931134820562
Overall,2984,207.22017458777884
Overall,2985,204.68865179437438
Overall,2986,204.07759456838022
Overall,2987,199.25897187196895
Overall,2988,202.5674102812803
Overall,2989,205.03976721629485
Overall,2990,205.42677012609118
Overall,2991,208.81862269641124
Overall,2992,205.04170708050435
Overall,2993,201.06110572259942
Overall,2994,212.34529582929196
Overall,2995,208.43355965082444
Overall,2996,211.26091173617846
Overall,2997,207.82444228903978
Overall,2998,207.61202715809893
Overall,2999,199.5509214354995
Overall,3000,199.98060135790496
Overall,3001,218.02812803103782
Overall,3002,207.51503394762366
Overall,3003,208.3976721629486
Overall,3004,197.78564500484967
Overall,3005,205.88166828322016
Overall,3006,205.92240543161978
Overall,3007,220.54995150339477
Overall,3008,197.31328806983512
Overall,3009,208.5305528612997
Overall,3010,217.27352085354025
Overall,3011,204.06886517943744
Overall,3012,207.1968962172648
Overall,3013,202.08632395732297
Overall,3014,211.81862269641124
Overall,3015,206.91755577109603
Overall,3016,221.17749757516972
Overall,3017,202.95926285160039
Overall,3018,209.40058195926287
Overall,3019,205.35596508244424
Overall,3020,207.6110572259942
Overall,3021,217.19980601357904
Overall,3022,201.8545101842871
Overall,3023,204.811833171678
Overall,3024,195.16100872938895
Overall,3025,190.39864209505333
Overall,3026,206.60814742967992
Overall,3027,208.87002909796314
Overall,3028,199.49272550921435
Overall,3029,208.6042677012609
Overall,3030,188.454898157129
Overall,3031,206.59165858389912
Overall,3032,210.24539282250242
Overall,3033,203.08050436469446
Overall,3034,197.0475266731329
Overall,3035,199.37148399612028
Overall,3036,208.4490785645005
Overall,3037,217.11154219204656
Overall,3038,210.2027158098933
Overall,3039,204.34044616876818
Overall,3040,194.15712900096995
Overall,3041,216.2521823472357
Overall,3042,216.3258971871969
Overall,3043,217.9505334626576
Overall,3044,202.88457807953444
Overall,3045,201.76333656644036
Overall,3046,216.6372453928225
Overall,3047,204.71580989330747
Overall,3048,206.48593598448107
Overall,3049,194.5945683802134
Overall,3050,205.69835111542193
Overall,3051,209.87390882638215
Overall,3052,205.77400581959262
Overall,3053,204.67507274490785
Overall,3054,211.69932104752667
Overall,3055,213.2211445198836
Overall,3056,216.87390882638215
Overall,3057,209.4102812803104
Overall,3058,215.91658583899127
Overall,3059,202.1454898157129
Overall,3060,213.3870029097963
Overall,3061,206.54801163918526
Overall,3062,223.4054316197866
Overall,3063,212.7274490785645
Overall,3064,208.26479146459747
Overall,3065,185.19786614936953
Overall,3066,204.3627546071775
Overall,3067,206.27934044616876
Overall,3068,207.54995150339477
Overall,3069,227.70417070805044
Overall,3070,205.4675072744908
Overall,3071,204.08729388942774
Overall,3072,208.97478176527642
Overall,3073,199.75654704170708
Overall,3074,215.48399612027157
Overall,3075,209.34917555771096
Overall,3076,207.11445198836083
Overall,3077,224.83899127061105
Overall,3078,205.89621726479146
Overall,3079,210.40446168768187
Overall,3080,203.57904946653736
Overall,3081,202.2395732298739
Overall,3082,206.10960232783705
Overall,3083,191.53540252182347
Overall,3084,208.78370514064017
Overall,3085,185.98642095053347
Overall,3086,211.64403491755576
Overall,3087,211.20562560620758
Overall,3088,220.83899127061105
Overall,3089,206.2890397672163
Overall,3090,222.34238603297769
Overall,3091,211.85354025218234
Overall,3092,206.63433559650824
Overall,3093,219.28806983511154
Overall,3094,198.6188166828322
Overall,3095,200.59941804073713
Overall,3096,207.00775945683802
Overall,3097,207.90009699321047
Overall,3098,192.0455868089234
Overall,3099,212.10184287099904
Overall,3100,209.27546071774975
Overall,3101,211.13579049466537
Overall,3102,205.66343355965083
Overall,3103,203.33559650824444
Overall,3104,196.639185257032
Overall,3105,215.68768186226964
Overall,3106,215.80601357904948
Overall,3107,208.99903006789523
Overall,3108,197.32104752667314
Overall,3109,197.13773035887488
Overall,3110,202.5509214354995
Overall,3111,207.3773035887488
Overall,3112,207.635305528613
Overall,3113,203.89815712900096
Overall,3114,194.7458777885548
Overall,3115,200.13385063045587
Overall,3116,203.50533462657614
Overall,3117,205.29873908826383
Overall,3118,212.70029097963143
Overall,3119,189.20368574199807
Overall,3120,214.74490785645006
Overall,3121,211.5800193986421
Overall,3122,207.9709020368574
Overall,3123,194.65955383123182
Overall,3124,209.88748787584868
Overall,3125,202.68962172647915
Overall,3126,209.20562560620758
Overall,3127,195.49369544131912
Overall,3128,205.16294859359846
Overall,3129,209.07759456838022
Overall,3130,214.43743937924344
Overall,3131,199.39864209505333
Overall,3132,208.07468477206595
Overall,3133,209.3317167798254
Overall,3134,210.40737148399612
Overall,3135,209.87778855480116
Overall,3136,195.41901066925314
Overall,3137,201.37536372453928
Overall,3138,203.83705140640154
Overall,3139,202.27643064985452
Overall,3140,204.05237633365664
Overall,3141,198.9321047526673
Overall,3142,211.6372453928225
Overall,3143,199.48884578079534
Overall,3144,204.360814742968
Overall,3145,216.12997090203686
Overall,3146,197.26285160038796
Overall,3147,202.13191076624636
Overall,3148,202.8525703200776
Overall,3149,198.92531522793405
Overall,3150,214.27643064985452
Overall,3151,206.94180407371485
Overall,3152,197.46459747817653
Overall,3153,206.0368574199806
Overall,3154,197.50339476236664
Overall,3155,213.29776915615906
Overall,3156,199.4713870029098
Overall,3157,212.1949563530553
Overall,3158,203.8380213385063
Overall,3159,207.631425800194
Overall,3160,209.66149369544132
Overall,3161,206.3094083414161
Overall,3162,207.8050436469447
Overall,3163,205.1988360814743
Overall,3164,207.43743937924344
Overall,3165,213.33365664403493
Overall,3166,212.60814742967992
Overall,3167,208.48884578079534
Overall,3168,222.13773035887488
Overall,3169,206.86129970902036
Overall,3170,205.9447138700291
Overall,3171,215.36954413191077
Overall,3172,207.65664403491755
Overall,3173,199.02521823472358
Overall,3174,200.5877788554801
Overall,3175,218.74296799224055
Overall,3176,199.62366634335598
Overall,3177,197.17943743937926
Overall,3178,205.62366634335598
Overall,3179,211.45877788554802
Overall,3180,205.9854510184287
Overall,3181,226.6372453928225
Overall,3182,202.67798254122212
Overall,3183,216.22502424830262
Overall,3184,196.58874878758488
Overall,3185,209.3792434529583
Overall,3186,212.72647914645975
Overall,3187,199.47429679922405
Overall,3188,203.11251212415132
Overall,3189,209.59359844810862
Overall,3190,208.98060135790496
Overall,3191,211.6149369544132
Overall,3192,208.7274490785645
Overall,3193,204.4015518913676
Overall,3194,208.16294859359846
Overall,3195,199.0
Overall,3196,202.8322017458778
Overall,3197,228.6479146459748
Overall,3198,206.13870029097964
Overall,3199,200.51503394762366
Overall,3200,206.13870029097964
Overall,3201,204.37536372453928
Overall,3202,205.57032007759457
Overall,3203,210.92531522793405
Overall,3204,200.44325897187196
Overall,3205,199.06595538312317
Overall,3206,199.31425800193986
Overall,3207,215.65761396702231
Overall,3208,197.67507274490785
Overall,3209,209.10378273520854
Overall,3210,210.19204655674102
Overall,3211,212.1968962172648
Overall,3212,198.447138700291
Overall,3213,204.2686711930165
Overall,3214,203.41707080504364
Overall,3215,199.86517943743937
Overall,3216,204.23860329776915
Overall,3217,204.84772065955383
Overall,3218,198.78370514064017
Overall,3219,207.19398642095052
Overall,3220,210.24733268671193
Overall,3221,210.4529582929195
Overall,3222,207.8506304558681
Overall,3223,211.26770126091174
Overall,3224,207.89815712900096
Overall,3225,218.33947623666344
Overall,3226,216.5654704170708
Overall,3227,206.94083414161008
Overall,3228,221.9631425800194
Overall,3229,205.79437439379242
Overall,3230,195.7720659553831
Overall,3231,202.27740058195926
Overall,3232,215.80698351115421
Overall,3233,206.52570320077595
Overall,3234,205.75460717749758
Overall,3235,195.06013579049466
Overall,3236,212.10281280310377
Overall,3237,195.60911736178468
Overall,3238,189.10766246362755
Overall,3239,196.48496605237634
Overall,3240,206.54025218234725
Overall,3241,199.11736178467507
Overall,3242,209.53443258971873
Overall,3243,192.53637245392824
Overall,3244,207.31328806983512
Overall,3245,204.73714839961204
Overall,3246,203.733268671193
Overall,3247,209.55771096023278
Overall,3248,197.88069835111543
Overall,3249,210.55383123181377
Overall,3250,211.19398642095052
Overall,3251,222.37148399612028
Overall,3252,205.08341416100873
Overall,3253,199.82735208535402
Overall,3254,199.9447138700291
Overall,3255,202.05625606207565
Overall,3256,210.92919495635306
Overall,3257,194.9893307468477
Overall,3258,207.38409311348207
Overall,3259,204.38603297769157
Overall,3260,199.79049466537342
Overall,3261,199.18331716779826
Overall,3262,211.10281280310377
Overall,3263,213.26479146459747
Overall,3264,208.6110572259942
Overall,3265,200.733268671193
Overall,3266,209.80019398642096
Overall,3267,217.32007759456837
Overall,3268,212.24248302618815
Overall,3269,224.31910766246364
Overall,3270,220.29194956353055
Overall,3271,208.69835111542193
Overall,3272,210.60135790494667
Overall,3273,208.42677012609118
Overall,3274,208.07662463627545
Overall,3275,205.78758486905917
Overall,3276,212.97575169738118
Overall,3277,206.36372453928226
Overall,3278,209.47235693501455
Overall,3279,208.26091173617846
Overall,3280,199.39185257032008
Overall,3281,216.5984481086324
Overall,3282,203.09893307468477
Overall,3283,203.28806983511154
Overall,3284,200.86032977691562
Overall,3285,204.30455868089234
Overall,3286,207.94374393792435
Overall,3287,218.33753637245394
Overall,3288,197.9670223084384
Overall,3289,211.08438409311347
Overall,3290,212.6062075654704
Overall,3291,194.90300678952474
Overall,3292,193.51891367604267
Overall,3293,210.00872938894278
Overall,3294,220.62366634335598
Overall,3295,202.15712900096995
Overall,3296,213.3443258971872
Overall,3297,211.03006789524733
Overall,3298,212.82444228903978
Overall,3299,192.96799224054317
Overall,3300,209.68089233753636
Overall,3301,198.86420950533463
Overall,3302,216.43355965082444
Overall,3303,218.4015518913676
Overall,3304,209.1968962172648
Overall,3305,209.20950533462658
Overall,3306,215.7846750727449
Overall,3307,208.89621726479146
Overall,3308,208.67604267701262
Overall,3309,208.67992240543163
Overall,3310,209.6479146459748
Overall,3311,205.54995150339477
Overall,3312,207.82735208535402
Overall,3313,192.70029097963143
Overall,3314,200.59262851600388
Overall,3315,196.53152279340446
Overall,3316,206.34044616876818
Overall,3317,196.80601357904948
Overall,3318,208.36372453928226
Overall,3319,206.28612997090204
Overall,3320,212.50242483026187
Overall,3321,197.1823472356935
Overall,3322,208.88457807953444
Overall,3323,206.63627546071774
Overall,3324,190.06401551891366
Overall,3325,208.270611057226
Overall,3326,201.17361784675072
Overall,3327,210.19107662463628
Overall,3328,206.12124151309408
Overall,3329,216.2192046556741
Overall,3330,206.4161008729389
Overall,3331,203.71483996120273
Overall,3332,206.7807953443259
Overall,3333,209.8031037827352
Overall,3334,200.73035887487876
Overall,3335,224.52958292919496
Overall,3336,210.30455868089234
Overall,3337,197.01551891367603
Overall,3338,202.19204655674102
Overall,3339,214.8709990300679
Overall,3340,193.84384093113482
Overall,3341,205.90397672162948
Overall,3342,192.6459747817653
Overall,3343,198.40931134820562
Overall,3344,192.2027158098933
Overall,3345,207.43743937924344
Overall,3346,206.67701260911736
Overall,3347,203.86420950533463
Overall,3348,198.4403491755577
Overall,3349,206.73520853540253
Overall,3350,205.188166828322
Overall,3351,203.40931134820562
Overall,3352,211.4034917555771
Overall,3353,198.47914645974782
Overall,3354,207.88554801163917
Overall,3355,205.2560620756547
Overall,3356,208.81086323957322
Overall,3357,206.33462657613967
Overall,3358,193.01551891367603
Overall,3359,196.2279340446169
Overall,3360,216.13967022308438
Overall,3361,203.70611057225995
Overall,3362,202.06886517943744
Overall,3363,213.84772065955383
Overall,3364,198.52279340446168
Overall,3365,209.46168768186226
Overall,3366,215.2376333656644
Overall,3367,207.26188166828322
Overall,3368,208.42289039767218
Overall,3369,201.82638215324928
Overall,3370,207.51406401551893
Overall,3371,221.1474296799224
Overall,3372,201.4675072744908
Overall,3373,192.9321047526673
Overall,3374,213.12609117361785
Overall,3375,201.631425800194
Overall,3376,207.45974781765275
Overall,3377,202.59747817652763
Overall,3378,204.97187196896218
Overall,3379,206.85548011639185
Overall,3380,209.72162948593598
Overall,3381,203.03394762366634
Overall,3382,210.0126091173618
Overall,3383,215.73811833171678
Overall,3384,206.82541222114452
Overall,3385,206.27546071774975
Overall,3386,186.43161978661493
Overall,3387,203.16100872938895
Overall,3388,202.4102812803104
Overall,3389,195.180407371484
Overall,3390,203.51503394762366
Overall,3391,209.45974781765275
Overall,3392,205.63045586808923
Overall,3393,214.44810863239573
Overall,3394,211.01939864209504
Overall,3395,204.0203685741998
Overall,3396,222.4568380213385
Overall,3397,196.9941804073715
Overall,3398,204.635305528613
Overall,3399,209.9262851600388
Overall,3400,207.25994180407372
Overall,3401,212.7992240543162
Overall,3402,208.70805043646945
Overall,3403,198.4898157129001
Overall,3404,214.4713870029098
Overall,3405,199.52473326867118
Overall,3406,199.34917555771096
Overall,3407,207.26964112512124
Overall,3408,208.1474296799224
Overall,3409,205.12609117361785
Overall,3410,200.7769156159069
Overall,3411,213.23084384093113
Overall,3412,207.3278370514064
Overall,3413,214.28128031037826
Overall,3414,202.10087293889427
Overall,3415,199.2133850630456
Overall,3416,196.61590688651793
Overall,3417,200.86614936954413
Overall,3418,214.0223084384093
Overall,3419,203.5712900096993
Overall,3420,213.89621726479146
Overall,3421,210.6556741028128
Overall,3422,200.6682832201746
Overall,3423,200.67313288069835
Overall,3424,208.2027158098933
Overall,3425,208.11348205625606
Overall,3426,206.73811833171678
Overall,3427,226.09214354995152
Overall,3428,207.50436469447138
Overall,3429,196.1493695441319
Overall,3430,202.4384093113482
Overall,3431,205.47817652764306
Overall,3432,189.53346265761397
Overall,3433,219.11639185257033
Overall,3434,206.44228903976722
Overall,3435,204.45004849660523
Overall,3436,192.90300678952474
Overall,3437,222.03782735208534
Overall,3438,201.15809893307468
Overall,3439,201.1328806983511
Overall,3440,199.2560620756547
Overall,3441,214.47914645974782
Overall,3442,207.87196896217264
Overall,3443,206.3811833171678
Overall,3444,215.72647914645975
Overall,3445,197.72162948593598
Overall,3446,208.7109602327837
Overall,3447,192.99127061105722
Overall,3448,197.3258971871969
Overall,3449,193.176527643065
Overall,3450,209.96411251212416
Overall,3451,203.9670223084384
Overall,3452,206.9815712900097
Overall,3453,197.64015518913675
Overall,3454,200.52473326867118
Overall,3455,213.06595538312317
Overall,3456,208.13773035887488
Overall,3457,204.45101842871
Overall,3458,198.4384093113482
Overall,3459,203.77400581959262
Overall,3460,214.31134820562562
Overall,3461,208.38797284190107
Overall,3462,206.819592628516
Overall,3463,215.88457807953444
Overall,3464,212.98448108632397
Overall,3465,221.69932104752667
Overall,3466,211.33074684772066
Overall,3467,220.8894277400582
Overall,3468,215.02133850630455
Overall,3469,221.90106692531523
Overall,3470,204.725509214355
Overall,3471,213.59359844810862
Overall,3472,193.27546071774975
Overall,3473,201.10281280310377
Overall,3474,207.63433559650824
Overall,3475,198.22211445198835
Overall,3476,192.87875848690592
Overall,3477,219.15712900096995
Overall,3478,201.99903006789523
Overall,3479,221.53831231813774
Overall,3480,205.15033947623667
Overall,3481,205.00775945683802
Overall,3482,226.627546071775
Overall,3483,213.89427740058196
Overall,3484,210.11639185257033
Overall,3485,199.7701260911736
Overall,3486,206.56062075654705
Overall,3487,205.42580019398642
Overall,3488,215.59359844810862
Overall,3489,206.49175557710961
Overall,3490,200.188166828322
Overall,3491,192.22890397672163
Overall,3492,203.3540252182347
Overall,3493,223.41901066925314
Overall,3494,209.53443258971873
Overall,3495,195.2521823472357
Overall,3496,206.70514064015518
Overall,3497,211.28709990300678
Overall,3498,222.42289039767218
Overall,3499,195.66440349175556
Overall,3500,210.86323957322986
Overall,3501,211.41319107662463
Overall,3502,210.33365664403493
Overall,3503,196.4015518913676
Overall,3504,213.75751697381185
Overall,3505,218.4345295829292
Overall,3506,211.94083414161008
Overall,3507,210.22599418040738
Overall,3508,213.4675072744908
Overall,3509,211.5548011639185
Overall,3510,202.21435499515033
Overall,3511,208.37342386032978
Overall,3512,203.33656644034917
Overall,3513,209.11445198836083
Overall,3514,198.12124151309408
Overall,3515,216.09796314258003
Overall,3516,200.21435499515033
Overall,3517,210.68865179437438
Overall,3518,214.55868089233755
Overall,3519,209.25509214354994
Overall,3520,207.1309408341416
Overall,3521,212.11833171677984
Overall,3522,214.39282250242482
Overall,3523,206.0494665373424
Overall,3524,209.635305528613
Overall,3525,205.52958292919496
Overall,3526,199.5286129970902
Overall,3527,206.54801163918526
Overall,3528,218.65082444228904
Overall,3529,202.92240543161978
Overall,3530,204.05431619786614
Overall,3531,214.6556741028128
Overall,3532,210.4219204655674
Overall,3533,203.58486905916587
Overall,3534,216.21823472356934
Overall,3535,212.91076624636275
Overall,3536,208.28225024248303
Overall,3537,202.4713870029098
Overall,3538,215.733268671193
Overall,3539,214.41125121241512
Overall,3540,206.11736178467507
Overall,3541,206.5635305528613
Overall,3542,209.6702230843841
Overall,3543,198.39864209505333
Overall,3544,215.72647914645975
Overall,3545,221.71677982541223
Overall,3546,199.11542192046556
Overall,3547,191.51309408341416
Overall,3548,203.66731328806983
Overall,3549,213.03006789524733
Overall,3550,198.9524733268671
Overall,3551,212.47817652764306
Overall,3552,205.4287099903007
Overall,3553,197.55771096023278
Overall,3554,218.43161978661493
Overall,3555,193.01745877788554
Overall,3556,215.1551891367604
Overall,3557,218.88748787584868
Overall,3558,197.34044616876818
Overall,3559,209.7807953443259
Overall,3560,189.68671193016488
Overall,3561,210.7827352085354
Overall,3562,219.7274490785645
Overall,3563,213.6556741028128
Overall,3564,197.27837051406402
Overall,3565,192.8525703200776
Overall,3566,207.2686711930165
Overall,3567,203.7274490785645
Overall,3568,208.3831231813773
Overall,3569,207.7992240543162
Overall,3570,212.55868089233755
Overall,3571,213.81474296799223
Overall,3572,219.9466537342386
Overall,3573,207.88554801163917
Overall,3574,214.20174587778857
Overall,3575,207.65082444228904
Overall,3576,195.1823472356935
Overall,3577,207.86517943743937
Overall,3578,213.48690591658584
Overall,3579,206.9262851600388
Overall,3580,207.2502424830262
Overall,3581,196.9709020368574
Overall,3582,208.51891367604267
Overall,3583,203.39864209505333
Overall,3584,203.84287099903005
Overall,3585,221.96217264791466
Overall,3586,217.76139670223085
Overall,3587,202.188166828322
Overall,3588,212.63627546071774
Overall,3589,199.38991270611058
Overall,3590,201.84772065955383
Overall,3591,207.53734238603298
Overall,3592,216.46071774975752
Overall,3593,209.99709020368573
Overall,3594,207.12318137730358
Overall,3595,184.92143549951504
Overall,3596,204.8467507274491
Overall,3597,205.87875848690592
Overall,3598,207.95635305528614
Overall,3599,201.22405431619788
Overall,3600,197.02715809893309
Overall,3601,202.18719689621727
Overall,3602,215.4054316197866
Overall,3603,206.31328806983512
Overall,3604,205.35499515033948
Overall,3605,207.7885548011639
Overall,3606,214.07274490785645
Overall,3607,210.30746847720658
Overall,3608,211.29291949563532
Overall,3609,215.7604267701261
Overall,3610,215.3792434529583
Overall,3611,208.46071774975752
Overall,3612,204.3976721629486
Overall,3613,213.28709990300678
Overall,3614,196.21435499515033
Overall,3615,202.70320077594567
Overall,3616,212.5877788554801
Overall,3617,203.5674102812803
Overall,3618,209.70029097963143
Overall,3619,203.188166828322
Overall,3620,200.1716779825412
Overall,3621,215.82929194956353
Overall,3622,198.59068865179438
Overall,3623,204.92531522793405
Overall,3624,200.42677012609118
Overall,3625,203.37827352085355
Overall,3626,207.32007759456837
Overall,3627,211.99903006789523
Overall,3628,204.9282250242483
Overall,3629,194.68477206595537
Overall,3630,203.59165858389912
Overall,3631,203.41125121241512
Overall,3632,209.18137730358876
Overall,3633,207.9815712900097
Overall,3634,197.91367604267703
Overall,3635,201.17749757516972
Overall,3636,203.55674102812804
Overall,3637,222.8525703200776
Overall,3638,215.2483026188167
Overall,3639,191.5712900096993
Overall,3640,202.73035887487876
Overall,3641,221.11736178467507
Overall,3642,221.29776915615906
Overall,3643,212.34723569350146
Overall,3644,195.4345295829292
Overall,3645,194.80601357904948
Overall,3646,218.70126091173617
Overall,3647,209.5800193986421
Overall,3648,207.36954413191077
Overall,3649,209.18525703200777
Overall,3650,206.0737148399612
Overall,3651,199.15712900096995
Overall,3652,209.6110572259942
Overall,3653,208.12027158098934
Overall,3654,206.77594568380212
Overall,3655,217.9447138700291
Overall,3656,207.57710960232782
Overall,3657,198.72259941804074
Overall,3658,208.73035887487876
Overall,3659,210.83705140640154
Overall,3660,204.1086323957323
Overall,3661,201.15615906886518
Overall,3662,216.87972841901066
Overall,3663,211.6207565470417
Overall,3664,213.53637245392824
Overall,3665,209.13870029097964
Overall,3666,214.4364694471387
Overall,3667,208.40737148399612
Overall,3668,206.41513094083413
Overall,3669,195.88748787584868
Overall,3670,198.6479146459748
Overall,3671,200.176527643065
Overall,3672,201.1454898157129
Overall,3673,196.3889427740058
Overall,3674,215.454898157129
Overall,3675,216.7109602327837
Overall,3676,210.67992240543163
Overall,3677,218.07953443258972
Overall,3678,210.34723569350146
Overall,3679,201.93404461687683
Overall,3680,202.10475266731328
Overall,3681,218.85354025218234
Overall,3682,204.54413191076625
Overall,3683,204.68089233753636
Overall,3684,204.99224054316198
Overall,3685,211.05916585838992
Overall,3686,201.4161008729389
Overall,3687,206.69932104752667
Overall,3688,206.93598448108634
Overall,3689,216.38991270611058
Overall,3690,205.91367604267703
Overall,3691,200.36178467507276
Overall,3692,218.00290979631427
Overall,3693,202.8709990300679
Overall,3694,206.0533462657614
Overall,3695,206.8486905916586
Overall,3696,213.15712900096995
Overall,3697,192.14839961202716
Overall,3698,210.67798254122212
Overall,3699,213.26964112512124
Overall,3700,199.45877788554802
Overall,3701,198.76527643064986
Overall,3702,191.67507274490785
Overall,3703,210.37633365664402
Overall,3704,225.85160038797284
Overall,3705,213.37439379243452
Overall,3706,220.5266731328807
Overall,3707,212.48884578079534
Overall,3708,221.80019398642096
Overall,3709,209.52958292919496
Overall,3710,212.0737148399612
Overall,3711,198.32395732298738
Overall,3712,215.1619786614937
Overall,3713,210.36178467507276
Overall,3714,205.2909796314258
Overall,3715,212.31522793404463
Overall,3716,199.5897187196896
Overall,3717,212.10669253152278
Overall,3718,199.33074684772066
Overall,3719,206.90397672162948
Overall,3720,199.93598448108634
Overall,3721,202.06304558680893
Overall,3722,205.1086323957323
Overall,3723,207.70417070805044
Overall,3724,216.44228903976722
Overall,3725,208.35693501454898
Overall,3726,213.24927255092143
Overall,3727,217.5615906886518
Overall,3728,198.0058195926285
Overall,3729,208.86129970902036
Overall,3730,211.72841901066926
Overall,3731,211.89330746847722
Overall,3732,207.48884578079534
Overall,3733,214.98254122211446
Overall,3734,206.6149369544132
Overall,3735,210.50727449078565
Overall,3736,197.3957322987391
Overall,3737,212.24733268671193
Overall,3738,218.8283220174588
Overall,3739,210.4694471387003
Overall,3740,193.9650824442289
Overall,3741,221.29776915615906
Overall,3742,215.87584869059165
Overall,3743,213.6062075654704
Overall,3744,216.93404461687683
Overall,3745,215.48302618816683
Overall,3746,200.05819592628515
Overall,3747,207.14645974781766
Overall,3748,202.29679922405433
Overall,3749,196.22502424830262
Overall,3750,208.52376333656645
Overall,3751,213.4141610087294
Overall,3752,190.88845780795344
Overall,3753,201.18913676042678
Overall,3754,217.10087293889427
Overall,3755,205.3811833171678
Overall,3756,191.3540252182347
Overall,3757,192.2192046556741
Overall,3758,216.73811833171678
Overall,3759,198.57710960232782
Overall,3760,208.91464597478176
Overall,3761,206.32007759456837
Overall,3762,200.53831231813774
Overall,3763,211.2502424830262
Overall,3764,204.54898157129
Overall,3765,219.71774975751697
Overall,3766,209.7274490785645
Overall,3767,210.08147429679923
Overall,3768,200.38991270611058
Overall,3769,210.25994180407372
Overall,3770,199.4325897187197
Overall,3771,206.98254122211446
Overall,3772,201.3705140640155
Overall,3773,208.176527643065
Overall,3774,220.7953443258972
Overall,3775,203.09117361784675
Overall,3776,213.17264791464598
Overall,3777,198.92143549951504
Overall,3778,209.83899127061105
Overall,3779,201.48593598448107
Overall,3780,201.33365664403493
Overall,3781,192.8137730358875
Overall,3782,198.64403491755576
Overall,3783,212.42483026188168
Overall,3784,200.0203685741998
Overall,3785,223.48884578079534
Overall,3786,199.32492725509215
Overall,3787,200.45974781765275
Overall,3788,217.09602327837052
Overall,3789,213.66052376333656
Overall,3790,223.9505334626576
Overall,3791,200.75557710960234
Overall,3792,207.73714839961204
Overall,3793,206.8380213385063
Overall,3794,214.85838991270612
Overall,3795,214.2483026188167
Overall,3796,199.4694471387003
Overall,3797,198.1086323957323
Overall,3798,202.44810863239573
Overall,3799,218.51988360814744
Overall,3800,207.50048496605237
Overall,3801,218.36566440349176
Overall,3802,212.7934044616877
Overall,3803,201.77303588748788
Overall,3804,199.0106692531523
Overall,3805,205.88069835111543
Overall,3806,209.5305528612997
Overall,3807,211.13579049466537
Overall,3808,209.25509214354994
Overall,3809,212.75266731328807
Overall,3810,201.1784675072745
Overall,3811,218.66052376333656
Overall,3812,210.55189136760427
Overall,3813,206.63045586808923
Overall,3814,211.1639185257032
Overall,3815,213.2686711930165
Overall,3816,202.40252182347237
Overall,3817,205.29000969932105
Overall,3818,189.37439379243452
Overall,3819,206.78176527643066
Overall,3820,200.71968962172647
Overall,3821,220.70611057225995
Overall,3822,216.0349175557711
Overall,3823,206.6905916585839
Overall,3824,204.8399612027158
Overall,3825,203.56838021338507
Overall,3826,204.40737148399612
Overall,3827,211.76333656644036
Overall,3828,214.74490785645006
Overall,3829,209.68671193016488
Overall,3830,203.49272550921435
Overall,3831,214.8283220174588
Overall,3832,206.99709020368573
Overall,3833,210.37439379243452
Overall,3834,205.68186226964113
Overall,3835,207.41125121241512
Overall,3836,198.65470417070804
Overall,3837,213.6207565470417
Overall,3838,198.5654704170708
Overall,3839,215.45101842871
Overall,3840,219.1697381183317
Overall,3841,210.639185257032
Overall,3842,206.38215324927256
Overall,3843,214.06498545101843
Overall,3844,216.6062075654704
Overall,3845,202.88360814742967
Overall,3846,217.6129970902037
Overall,3847,201.27837051406402
Overall,3848,202.05043646944713
Overall,3849,212.91852570320077
Overall,3850,222.6537342386033
Overall,3851,207.69544131910766
Overall,3852,205.49466537342386
Overall,3853,205.74490785645006
Overall,3854,212.6556741028128
Overall,3855,211.70320077594567
Overall,3856,201.01551891367603
Overall,3857,212.0572259941804
Overall,3858,212.91658583899127
Overall,3859,217.09990300678953
Overall,3860,193.30552861299708
Overall,3861,206.31231813773036
Overall,3862,198.8360814742968
Overall,3863,207.05237633365664
Overall,3864,209.12221144519884
Overall,3865,211.20562560620758
Overall,3866,216.61008729388942
Overall,3867,201.10572259941804
Overall,3868,200.1619786614937
Overall,3869,203.8215324927255
Overall,3870,211.04461687681862
Overall,3871,201.42580019398642
Overall,3872,202.56256062075656
Overall,3873,191.2686711930165
Overall,3874,212.10087293889427
Overall,3875,204.33753637245394
Overall,3876,209.09408341416102
Overall,3877,205.6168768186227
Overall,3878,215.811833171678
Overall,3879,185.85838991270612
Overall,3880,207.639185257032
Overall,3881,204.2279340446169
Overall,3882,218.34044616876818
Overall,3883,205.73714839961204
Overall,3884,206.29582929194956
Overall,3885,216.6741028128031
Overall,3886,210.59553831231813
Overall,3887,209.25509214354994
Overall,3888,212.64403491755576
Overall,3889,219.55189136760427
Overall,3890,214.66052376333656
Overall,3891,206.8729388942774
Overall,3892,207.48011639185256
Overall,3893,207.31910766246364
Overall,3894,197.88166828322016
Overall,3895,210.7885548011639
Overall,3896,208.2153249272551
Overall,3897,210.37633365664402
Overall,3898,212.1697381183317
Overall,3899,231.96993210475267
Overall,3900,213.184287099903
Overall,3901,201.71774975751697
Overall,3902,195.24442289039766
Overall,3903,203.180407371484
Overall,3904,202.30067895247333
Overall,3905,204.8176527643065
Overall,3906,212.39670223084383
Overall,3907,197.3317167798254
Overall,3908,218.11639185257033
Overall,3909,222.20853540252182
Overall,3910,203.1328806983511
Overall,3911,209.66925315227934
Overall,3912,205.2153249272551
Overall,3913,205.27740058195926
Overall,3914,202.996120271581
Overall,3915,205.5674102812803
Overall,3916,199.89912706110573
Overall,3917,204.43355965082444
Overall,3918,189.0552861299709
Overall,3919,185.07662463627545
Overall,3920,214.4199806013579
Overall,3921,202.92337536372455
Overall,3922,221.19010669253151
Overall,3923,212.49563530552862
Overall,3924,206.32104752667314
Overall,3925,199.47623666343355
Overall,3926,202.0572259941804
Overall,3927,220.97575169738118
Overall,3928,205.49272550921435
Overall,3929,207.18331716779826
Overall,3930,207.56062075654705
Overall,3931,203.16488845780796
Overall,3932,194.50630455868088
Overall,3933,210.67119301648884
Overall,3934,217.29291949563532
Overall,3935,214.02424830261882
Overall,3936,202.30552861299708
Overall,3937,221.0
Overall,3938,207.40737148399612
Overall,3939,206.51115421920466
Overall,3940,196.81280310378273
Overall,3941,205.5548011639185
Overall,3942,208.17458777885548
Overall,3943,203.48787584869058
Overall,3944,196.57904946653736
Overall,3945,218.58292919495636
Overall,3946,215.06886517943744
Overall,3947,219.18913676042678
Overall,3948,202.05043646944713
Overall,3949,202.4199806013579
Overall,3950,215.22211445198835
Overall,3951,203.13676042677014
Overall,3952,200.7934044616877
Overall,3953,201.51988360814744
Overall,3954,201.09796314258003
Overall,3955,208.9631425800194
Overall,3956,212.6188166828322
Overall,3957,223.10669253152278
Overall,3958,200.3773035887488
Overall,3959,211.44810863239573
Overall,3960,202.45198836081474
Overall,3961,202.09699321047526
Overall,3962,201.6479146459748
Overall,3963,204.87584869059165
Overall,3964,216.06304558680893
Overall,3965,198.91561590688653
Overall,3966,209.18331716779826
Overall,3967,212.3976721629486
Overall,3968,200.46071774975752
Overall,3969,206.0455868089234
Overall,3970,216.2298739088264
Overall,3971,204.47914645974782
Overall,3972,208.87875848690592
Overall,3973,212.29776915615906
Overall,3974,211.11930164888457
Overall,3975,219.51988360814744
Overall,3976,201.85354025218234
Overall,3977,213.0514064015519
Overall,3978,214.14451988360815
Overall,3979,211.60911736178468
Overall,3980,204.35887487875848
Overall,3981,204.6682832201746
Overall,3982,196.81280310378273
Overall,3983,218.81862269641124
Overall,3984,208.5945683802134
Overall,3985,214.39185257032008
Overall,3986,208.48205625606207
Overall,3987,217.73423860329777
Overall,3988,204.7992240543162
Overall,3989,201.90203685741997
Overall,3990,205.4451988360815
Overall,3991,201.30067895247333
Overall,3992,205.1784675072745
Overall,3993,211.46168768186226
Overall,3994,205.09214354995152
Overall,3995,204.62851600387972
Overall,3996,207.7643064985451
Overall,3997,195.4529582929195
Overall,3998,191.59165858389912
Overall,3999,200.38021338506306
Overall,4000,217.16294859359846
Overall,4001,199.1513094083414
Overall,4002,219.815712900097
Overall,4003,206.11542192046556
Overall,4004,202.89039767216295
Overall,4005,198.2114451988361
Overall,4006,204.17264791464598
Overall,4007,205.76527643064986
Overall,4008,205.2521823472357
Overall,4009,198.40446168768187
Overall,4010,208.66149369544132
Overall,4011,199.39670223084383
Overall,4012,194.79631425800193
Overall,4013,218.92434529582928
Overall,4014,203.21241513094083
Overall,4015,195.47526673132882
Overall,4016,202.87972841901066
Overall,4017,206.447138700291
Overall,4018,216.4161008729389
Overall,4019,208.86420950533463
Overall,4020,207.7604267701261
Overall,4021,212.74199806013578
Overall,4022,217.74102812803105
Overall,4023,216.4034917555771
Overall,4024,212.3792434529583
Overall,4025,204.09893307468477
Overall,4026,196.95926285160039
Overall,4027,206.73035887487876
Overall,4028,210.76721629485937
Overall,4029,203.55577109602328
Overall,4030,206.97381183317168
Overall,4031,200.71290009699322
Overall,4032,202.5470417070805
Overall,4033,205.32686711930165
Overall,4034,195.50048496605237
Overall,4035,223.996120271581
Overall,4036,209.6042677012609
Overall,4037,194.9544131910766
Overall,4038,224.8729388942774
Overall,4039,202.97381183317168
Overall,4040,201.4451988360815
Overall,4041,212.72162948593598
Overall,4042,210.5800193986421
Overall,4043,199.22211445198835
Overall,4044,199.82444228903978
Overall,4045,210.6498545101843
Overall,4046,209.6372453928225
Overall,4047,207.81668283220174
Overall,4048,213.29485935984482
Overall,4049,199.3850630455868
Overall,4050,205.2027158098933
Overall,4051,211.7720659553831
Overall,4052,201.34044616876818
Overall,4053,194.05625606207565
Overall,4054,209.93889427740058
Overall,4055,212.26770126091174
Overall,4056,209.13482056256063
Overall,4057,196.5101842870999
Overall,4058,206.25121241513094
Overall,4059,206.2725509214355
Overall,4060,198.6149369544132
Overall,4061,198.7720659553831
Overall,4062,205.9709020368574
Overall,4063,222.46071774975752
Overall,4064,210.49272550921435
Overall,4065,216.72647914645975
Overall,4066,216.61396702230843
Overall,4067,211.0387972841901
Overall,4068,203.52570320077595
Overall,4069,213.88069835111543
Overall,4070,209.43355965082444
Overall,4071,219.16100872938895
Overall,4072,215.11736178467507
Overall,4073,203.35984481086325
Overall,4074,205.7274490785645
Overall,4075,193.90009699321047
Overall,4076,222.05043646944713
Overall,4077,213.67313288069835
Overall,4078,215.37827352085355
Overall,4079,194.60523763336568
Overall,4080,196.78564500484967
Overall,4081,187.4490785645005
Overall,4082,204.99030067895248
Overall,4083,214.68283220174587
Overall,4084,209.08244422890397
Overall,4085,203.8302618816683
Overall,4086,199.57322987390882
Overall,4087,208.3850630455868
Overall,4088,202.2318137730359
Overall,4089,232.46556741028127
Overall,4090,187.8215324927255
Overall,4091,206.05237633365664
Overall,4092,198.10087293889427
Overall,4093,217.99224054316198
Overall,4094,214.52279340446168
Overall,4095,206.37633365664402
Overall,4096,198.80892337536372
Overall,4097,200.84966052376333
Overall,4098,205.30067895247333
Overall,4099,207.6479146459748
Overall,4100,208.44228903976722
Overall,4101,209.1988360814743
Overall,4102,210.10766246362755
Overall,4103,198.65858389912705
Overall,4104,194.93598448108634
Overall,4105,200.75557710960234
Overall,4106,209.54025218234725
Overall,4107,203.89524733268672
Overall,4108,194.65955383123182
Overall,4109,206.16100872938895
Overall,4110,204.25315227934044
Overall,4111,203.08923375363725
Overall,4112,211.48593598448107
Overall,4113,206.4287099903007
Overall,4114,210.79049466537342
Overall,4115,221.7972841901067
Overall,4116,209.7992240543162
Overall,4117,206.11833171677984
Overall,4118,212.7313288069835
Overall,4119,207.67604267701262
Overall,4120,205.2211445198836
Overall,4121,208.70417070805044
Overall,4122,194.19398642095052
Overall,4123,207.87972841901066
Overall,4124,211.16682832201747
Overall,4125,205.11251212415132
Overall,4126,208.87681862269642
Overall,4127,216.85160038797284
Overall,4128,198.0106692531523
Overall,4129,196.811833171678
Overall,4130,211.10766246362755
Overall,4131,214.67701260911736
Overall,4132,214.98642095053347
Overall,4133,202.30552861299708
Overall,4134,206.0145489815713
Overall,4135,210.17264791464598
Overall,4136,207.9815712900097
Overall,4137,195.69350145489815
Overall,4138,204.64112512124152
Overall,4139,214.4490785645005
Overall,4140,216.24442289039766
Overall,4141,205.18331716779826
Overall,4142,223.19107662463628
Overall,4143,201.92531522793405
Overall,4144,214.52279340446168
Overall,4145,204.5635305528613
Overall,4146,209.51212415130942
Overall,4147,190.57419980601358
Overall,4148,220.50921435499515
Overall,4149,213.47526673132882
Overall,4150,217.59359844810862
Overall,4151,220.97381183317168
Overall,4152,208.47720659553832
Overall,4153,226.00484966052377
Overall,4154,212.05625606207565
Overall,4155,210.7681862269641
Overall,4156,197.454898157129
Overall,4157,204.5780795344326
Overall,4158,208.25315227934044
Overall,4159,215.27934044616876
Overall,4160,201.5674102812803
Overall,4161,212.47235693501455
Overall,4162,204.7643064985451
Overall,4163,205.5945683802134
Overall,4164,201.82056256062074
Overall,4165,217.90397672162948
Overall,4166,206.24345295829292
Overall,4167,211.74490785645006
Overall,4168,220.4102812803104
Overall,4169,208.24248302618815
Overall,4170,204.20756547041708
Overall,4171,205.13967022308438
Overall,4172,215.55383123181377
Overall,4173,206.52764306498545
Overall,4174,211.9466537342386
Overall,4175,203.36760426770127
Overall,4176,207.93404461687683
Overall,4177,208.78952473326868
Overall,4178,195.27158098933074
Overall,4179,208.6479146459748
Overall,4180,195.60135790494667
Overall,4181,206.5712900096993
Overall,4182,219.21047526673132
Overall,4183,212.4219204655674
Overall,4184,211.00678952473328
Overall,4185,209.62657613967022
Overall,4186,194.51406401551893
Overall,4187,203.64888457807953
Overall,4188,207.1862269641125
Overall,4189,201.13579049466537
Overall,4190,197.12512124151309
Overall,4191,208.35790494665375
Overall,4192,206.34529582929196
Overall,4193,202.66925315227934
Overall,4194,212.45392822502424
Overall,4195,218.66343355965083
Overall,4196,219.21241513094083
Overall,4197,200.16488845780796
Overall,4198,202.54801163918526
Overall,4199,207.31522793404463
Overall,4200,191.9835111542192
Overall,4201,208.15712900096995
Overall,4202,207.71580989330747
Overall,4203,207.89524733268672
Overall,4204,219.49272550921435
Overall,4205,201.3094083414161
Overall,4206,204.95635305528614
Overall,4207,210.49660523763336
Overall,4208,217.00872938894278
Overall,4209,217.12609117361785
Overall,4210,221.368574199806
Overall,4211,201.7788554801164
Overall,4212,202.89427740058196
Overall,4213,205.0126091173618
Overall,4214,195.6003879728419
Overall,4215,227.24442289039766
Overall,4216,195.47041707080504
Overall,4217,215.6023278370514
Overall,4218,208.91270611057226
Overall,4219,216.09117361784675
Overall,4220,215.70417070805044
Overall,4221,200.30067895247333
Overall,4222,207.9854510184287
Overall,4223,207.82638215324928
Overall,4224,213.80213385063047
Overall,4225,195.811833171678
Overall,4226,203.97866149369545
Overall,4227,206.96605237633366
Overall,4228,203.4529582929195
Overall,4229,211.65858389912705
Overall,4230,218.19786614936953
Overall,4231,207.51891367604267
Overall,4232,212.27158098933074
Overall,4233,211.9485935984481
Overall,4234,215.8176527643065
Overall,4235,194.68574199806014
Overall,4236,212.48690591658584
Overall,4237,203.68186226964113
Overall,4238,221.090203685742
Overall,4239,220.24151309408342
Overall,4240,197.10766246362755
Overall,4241,217.62172647914645
Overall,4242,224.26576139670223
Overall,4243,207.17555771096022
Overall,4244,195.05431619786614
Overall,4245,201.1639185257032
Overall,4246,202.8302618816683
Overall,4247,223.9893307468477
Overall,4248,219.25315227934044
Overall,4249,209.3996120271581
Overall,4250,203.90785645004848
Overall,4251,196.4122211445199
Overall,4252,217.08632395732297
Overall,4253,200.98642095053347
Overall,4254,206.28612997090204
Overall,4255,209.1270611057226
Overall,4256,208.26091173617846
Overall,4257,193.73520853540253
Overall,4258,204.0737148399612
Overall,4259,216.93695441319107
Overall,4260,192.32007759456837
Overall,4261,210.20174587778857
Overall,4262,205.24442289039766
Overall,4263,197.6741028128031
Overall,4264,203.85354025218234
Overall,4265,210.77400581959262
Overall,4266,205.4122211445199
Overall,4267,213.94956353055287
Overall,4268,194.2318137730359
Overall,4269,201.17555771096022
Overall,4270,216.73520853540253
Overall,4271,213.05043646944713
Overall,4272,206.5615906886518
Overall,4273,202.35111542192047
Overall,4274,212.1309408341416
Overall,4275,204.21823472356934
Overall,4276,195.733268671193
Overall,4277,213.95926285160039
Overall,4278,208.5654704170708
Overall,4279,205.24733268671193
Overall,4280,203.7934044616877
Overall,4281,207.34044616876818
Overall,4282,206.07759456838022
Overall,4283,207.10378273520854
Overall,4284,193.9612027158099
Overall,4285,217.815712900097
Overall,4286,211.61978661493694
Overall,4287,199.13385063045587
Overall,4288,212.7720659553831
Overall,4289,219.4345295829292
Overall,4290,197.57904946653736
Overall,4291,214.35596508244424
Overall,4292,213.94956353055287
Overall,4293,197.58098933074686
Overall,4294,196.40446168768187
Overall,4295,203.00969932104752
Overall,4296,220.0572259941804
Overall,4297,206.87875848690592
Overall,4298,214.78952473326868
Overall,4299,203.66052376333656
Overall,4300,207.19980601357904
Overall,4301,204.17070805043647
Overall,4302,220.70417070805044
Overall,4303,214.54122211445198
Overall,4304,211.31910766246364
Overall,4305,199.44131910766245
Overall,4306,207.86420950533463
Overall,4307,203.46071774975752
Overall,4308,206.1968962172648
Overall,4309,200.22502424830262
Overall,4310,205.3889427740058
Overall,4311,206.24248302618815
Overall,4312,217.8215324927255
Overall,4313,198.35984481086325
Overall,4314,202.22502424830262
Overall,4315,205.49466537342386
Overall,4316,199.21823472356934
Overall,4317,212.725509214355
Overall,4318,202.54801163918526
Overall,4319,208.21047526673132
Overall,4320,204.2463627546072
Overall,4321,210.74199806013578
Overall,4322,215.51794374393793
Overall,4323,207.0552861299709
Overall,4324,210.46362754607176
Overall,4325,213.90397672162948
Overall,4326,213.4898157129001
Overall,4327,216.4219204655674
Overall,4328,203.60814742967992
Overall,4329,209.43161978661493
Overall,4330,198.7934044616877
Overall,4331,211.7090203685742
Overall,4332,214.9544131910766
Overall,4333,190.3811833171678
Overall,4334,206.3889427740058
Overall,4335,201.1988360814743
Overall,4336,206.07662463627545
Overall,4337,214.7109602327837
Overall,4338,203.2463627546072
Overall,4339,216.80698351115421
Overall,4340,223.8448108632396
Overall,4341,204.32201745877788
Overall,4342,216.32395732298738
Overall,4343,215.51794374393793
Overall,4344,189.31328806983512
Overall,4345,199.31425800193986
Overall,4346,196.4141610087294
Overall,4347,207.83511154219204
Overall,4348,220.70805043646945
Overall,4349,196.4529582929195
Overall,4350,187.24539282250242
Overall,4351,211.19204655674102
Overall,4352,208.36178467507276
Overall,4353,215.3850630455868
Overall,4354,215.98642095053347
Overall,4355,212.1697381183317
Overall,4356,208.85935984481085
Overall,4357,193.14645974781766
Overall,4358,208.87196896217264
Overall,4359,200.24345295829292
Overall,4360,220.64500484966052
Overall,4361,218.1105722599418
Overall,4362,201.7478176527643
Overall,4363,219.89427740058196
Overall,4364,195.34529582929196
Overall,4365,207.62463627546072
Overall,4366,218.41901066925314
Overall,4367,196.42967992240543
Overall,4368,218.1309408341416
Overall,4369,192.84772065955383
Overall,4370,220.15809893307468
Overall,4371,209.02424830261882
Overall,4372,205.80213385063047
Overall,4373,209.17749757516972
Overall,4374,196.30261881668284
Overall,4375,207.12803103782736
Overall,4376,199.3278370514064
Overall,4377,191.66246362754606
Overall,4378,205.9631425800194
Overall,4379,204.00290979631427
Overall,4380,200.05819592628515
Overall,4381,211.72162948593598
Overall,4382,217.4345295829292
Overall,4383,218.6226964112512
Overall,4384,207.0145489815713
Overall,4385,205.8690591658584
Overall,4386,202.42386032977691
Overall,4387,209.97672162948592
Overall,4388,204.24539282250242
Overall,4389,212.47235693501455
Overall,4390,202.17749757516972
Overall,4391,205.372453928225
Overall,4392,208.76139670223085
Overall,4393,225.90009699321047
Overall,4394,198.67895247332686
Overall,4395,200.37342386032978
Overall,4396,202.360814742968
Overall,4397,199.2521823472357
Overall,4398,195.24345295829292
Overall,4399,217.11251212415132
Overall,4400,206.26479146459747
Overall,4401,201.96605237633366
Overall,4402,208.92531522793405
Overall,4403,221.53152279340446
Overall,4404,210.0678952473327
Overall,4405,216.42774005819592
Overall,4406,212.88263821532493
Overall,4407,206.0106692531523
Overall,4408,190.25315227934044
Overall,4409,210.3957322987391
Overall,4410,202.4490785645005
Overall,4411,210.99515033947623
Overall,4412,215.23666343355964
Overall,4413,212.9524733268671
Overall,4414,209.2890397672163
Overall,4415,207.447138700291
Overall,4416,201.0164888457808
Overall,4417,205.43549951503394
Overall,4418,208.68477206595537
Overall,4419,203.99321047526672
Overall,4420,207.25703200775945
Overall,4421,206.63627546071774
Overall,4422,213.80407371483997
Overall,4423,211.19398642095052
Overall,4424,205.27740058195926
Overall,4425,213.51794374393793
Overall,4426,212.30552861299708
Overall,4427,210.66440349175556
Overall,4428,218.21047526673132
Overall,4429,217.5305528612997
Overall,4430,213.11542192046556
Overall,4431,213.39864209505333
Overall,4432,210.70417070805044
Overall,4433,208.12512124151309
Overall,4434,212.42095053346264
Overall,4435,205.75654704170708
Overall,4436,217.41513094083413
Overall,4437,211.6498545101843
Overall,4438,214.83123181377303
Overall,4439,212.8564500484966
Overall,4440,195.27934044616876
Overall,4441,197.11445198836083
Overall,4442,216.75072744907857
Overall,4443,203.32686711930165
Overall,4444,204.9873908826382
Overall,4445,205.02521823472358
Overall,4446,201.57516973811832
Overall,4447,202.77400581959262
Overall,4448,192.70514064015518
Overall,4449,200.02424830261882
Overall,4450,208.01357904946653
Overall,4451,218.11445198836083
Overall,4452,217.94180407371485
Overall,4453,222.38797284190107
Overall,4454,212.29970902036857
Overall,4455,203.74490785645006
Overall,4456,204.69932104752667
Overall,4457,200.41707080504364
Overall,4458,195.27158098933074
Overall,4459,195.99515033947623
Overall,4460,215.22017458777884
Overall,4461,207.92531522793405
Overall,4462,200.51697381183317
Overall,4463,213.80698351115421
Overall,4464,213.2560620756547
Overall,4465,206.2230843840931
Overall,4466,212.6459747817653
Overall,4467,200.05916585838992
Overall,4468,210.18525703200777
Overall,4469,208.89621726479146
Overall,4470,197.28322017458777
Overall,4471,212.52570320077595
Overall,4472,190.01939864209504
Overall,4473,220.22017458777884
Overall,4474,196.17361784675072
Overall,4475,216.61396702230843
Overall,4476,200.32007759456837
Overall,4477,214.83899127061105
Overall,4478,202.1270611057226
Overall,4479,208.71677982541223
Overall,4480,208.0514064015519
Overall,4481,210.71290009699322
Overall,4482,209.69253152279342
Overall,4483,214.98448108632397
Overall,4484,208.3520853540252
Overall,4485,214.99030067895248
Overall,4486,201.83511154219204
Overall,4487,195.7623666343356
Overall,4488,225.0058195926285
Overall,4489,211.8506304558681
Overall,4490,196.6042677012609
Overall,4491,208.33268671193017
Overall,4492,199.5596508244423
Overall,4493,204.02424830261882
Overall,4494,221.01745877788554
Overall,4495,223.24248302618815
Overall,4496,210.94956353055287
Overall,4497,221.37827352085355
Overall,4498,207.1328806983511
Overall,4499,215.0698351115422
Overall,4500,211.89718719689623
Overall,4501,208.8380213385063
Overall,4502,205.48205625606207
Overall,4503,188.99515033947623
Overall,4504,201.88748787584868
Overall,4505,205.23860329776915
Overall,4506,199.5654704170708
Overall,4507,214.70417070805044
Overall,4508,207.78176527643066
Overall,4509,216.25121241513094
Overall,4510,212.47623666343355
Overall,4511,203.0737148399612
Overall,4512,215.53443258971873
Overall,4513,210.97187196896218
Overall,4514,194.67798254122212
Overall,4515,218.63239573229873
Overall,4516,191.76915615906887
Overall,4517,219.0387972841901
Overall,4518,213.07856450048496
Overall,4519,225.4161008729389
Overall,4520,212.41707080504364
Overall,4521,208.95635305528614
Overall,4522,203.43743937924344
Overall,4523,218.73520853540253
Overall,4524,208.02327837051408
Overall,4525,203.44422890397672
Overall,4526,207.40446168768187
Overall,4527,214.80407371483997
Overall,4528,205.75945683802135
Overall,4529,201.7643064985451
Overall,4530,203.45392822502424
Overall,4531,202.72259941804074
Overall,4532,207.29291949563532
Overall,4533,202.4054316197866
Overall,4534,211.47429679922405
Overall,4535,204.14451988360815
Overall,4536,215.1493695441319
Overall,4537,192.90882638215325
Overall,4538,195.12221144519884
Overall,4539,206.25703200775945
Overall,4540,198.1862269641125
Overall,4541,209.42580019398642
Overall,4542,205.73811833171678
Overall,4543,203.09796314258003
Overall,4544,194.51309408341416
Overall,4545,224.3937924345296
Overall,4546,209.7478176527643
Overall,4547,203.99127061105722
Overall,4548,196.45586808923375
Overall,4549,207.33559650824444
Overall,4550,204.86614936954413
Overall,4551,203.14064015518915
Overall,4552,223.2153249272551
Overall,4553,201.72259941804074
Overall,4554,201.77303588748788
Overall,4555,204.46168768186226
Overall,4556,212.68574199806014
Overall,4557,209.12027158098934
Overall,4558,201.09505334626576
Overall,4559,208.22405431619788
Overall,4560,213.75945683802135
Overall,4561,198.09505334626576
Overall,4562,207.22890397672163
Overall,4563,210.6479146459748
Overall,4564,222.8448108632396
Overall,4565,212.7681862269641
Overall,4566,207.68380213385063
Overall,4567,212.2114451988361
Overall,4568,195.50533462657614
Overall,4569,207.65858389912705
Overall,4570,201.73423860329777
Overall,4571,198.0290979631426
Overall,4572,207.87390882638215
Overall,4573,203.50630455868088
Overall,4574,214.11348205625606
Overall,4575,204.9980601357905
Overall,4576,216.07662463627545
Overall,4577,200.819592628516
Overall,4578,211.27158098933074
Overall,4579,203.19592628516003
Overall,4580,210.54122211445198
Overall,4581,200.5984481086324
Overall,4582,208.01551891367603
Overall,4583,211.86420950533463
Overall,4584,203.51891367604267
Overall,4585,201.8302618816683
Overall,4586,210.0349175557711
Overall,4587,209.72162948593598
Overall,4588,216.4345295829292
Overall,4589,209.0223084384093
Overall,4590,213.15906886517945
Overall,4591,214.39864209505333
Overall,4592,190.23472356935014
Overall,4593,206.79825412221143
Overall,4594,206.77400581959262
Overall,4595,193.5101842870999
Overall,4596,214.71774975751697
Overall,4597,198.1949563530553
Overall,4598,212.54025218234725
Overall,4599,209.93501454898157
Overall,4600,213.733268671193
Overall,4601,207.0514064015519
Overall,4602,201.68865179437438
Overall,4603,197.38991270611058
Overall,4604,206.67895247332686
Overall,4605,220.05625606207565
Overall,4606,225.996120271581
Overall,4607,210.50242483026187
Overall,4608,204.33268671193017
Overall,4609,196.84966052376333
Overall,4610,213.85838991270612
Overall,4611,200.78952473326868
Overall,4612,207.41901066925314
Overall,4613,198.3957322987391
Overall,4614,207.08244422890397
Overall,4615,197.96993210475267
Overall,4616,213.996120271581
Overall,4617,208.47235693501455
Overall,4618,203.93501454898157
Overall,4619,195.25509214354994
Overall,4620,222.75266731328807
Overall,4621,198.71871968962174
Overall,4622,214.4733268671193
Overall,4623,194.97381183317168
Overall,4624,213.26188166828322
Overall,4625,190.9427740058196
Overall,4626,213.57322987390882
Overall,4627,203.36178467507276
Overall,4628,216.71580989330747
Overall,4629,199.0533462657614
Overall,4630,211.14258001939865
Overall,4631,215.16294859359846
Overall,4632,198.55577109602328
Overall,4633,214.52279340446168
Overall,4634,209.45101842871
Overall,4635,221.0310378273521
Overall,4636,205.28709990300678
Overall,4637,217.52764306498545
Overall,4638,215.54607177497576
Overall,4639,205.74102812803105
Overall,4640,210.90009699321047
Overall,4641,220.07565470417072
Overall,4642,220.15615906886518
Overall,4643,214.87681862269642
Overall,4644,209.70417070805044
Overall,4645,189.8671193016489
Overall,4646,204.3976721629486
Overall,4647,209.8506304558681
Overall,4648,205.53928225024248
Overall,4649,220.77594568380212
Overall,4650,200.02812803103782
Overall,4651,209.82735208535402
Overall,4652,206.21435499515033
Overall,4653,210.94956353055287
Overall,4654,213.2560620756547
Overall,4655,207.80989330746849
Overall,4656,204.7497575169738
Overall,4657,198.48884578079534
Overall,4658,211.996120271581
Overall,4659,202.33947623666344
Overall,4660,200.4122211445199
Overall,4661,211.3482056256062
Overall,4662,224.52279340446168
Overall,4663,207.30358874878758
Overall,4664,210.5984481086324
Overall,4665,185.85838991270612
Overall,4666,197.44810863239573
Overall,4667,226.13191076624636
Overall,4668,201.49078564500485
Overall,4669,212.91561590688653
Overall,4670,206.67507274490785
Overall,4671,198.2172647914646
Overall,4672,209.29970902036857
Overall,4673,210.53443258971873
Overall,4674,223.06886517943744
Overall,4675,211.54607177497576
Overall,4676,214.48690591658584
Overall,4677,200.42483026188168
Overall,4678,187.96993210475267
Overall,4679,204.37633365664402
Overall,4680,213.5548011639185
Overall,4681,199.6372453928225
Overall,4682,203.1105722599418
Overall,4683,214.30746847720658
Overall,4684,207.6682832201746
Overall,4685,210.29970902036857
Overall,4686,207.06304558680893
Overall,4687,201.36372453928226
Overall,4688,206.80698351115421
Overall,4689,210.06886517943744
Overall,4690,215.4325897187197
Overall,4691,211.24345295829292
Overall,4692,198.93792434529584
Overall,4693,202.90203685741997
Overall,4694,193.32492725509215
Overall,4695,196.9631425800194
Overall,4696,202.05237633365664
Overall,4697,216.93889427740058
Overall,4698,205.0019398642095
Overall,4699,199.86226964112512
Overall,4700,220.48690591658584
Overall,4701,200.31619786614937
Overall,4702,208.7274490785645
Overall,4703,208.11930164888457
Overall,4704,210.05043646944713
Overall,4705,200.13870029097964
Overall,4706,198.27158098933074
Overall,4707,210.631425800194
Overall,4708,201.95926285160039
Overall,4709,212.49369544131912
Overall,4710,209.1639185257032
Overall,4711,204.39670223084383
Overall,4712,202.08729388942774
Overall,4713,216.01551891367603
Overall,4714,205.51503394762366
Overall,4715,219.73811833171678
Overall,4716,204.45101842871
Overall,4717,219.909796314258
Overall,4718,200.76915615906887
Overall,4719,198.5780795344326
Overall,4720,198.5693501454898
Overall,4721,214.03394762366634
Overall,4722,212.1513094083414
Overall,4723,199.17749757516972
Overall,4724,204.17361784675072
Overall,4725,213.60911736178468
Overall,4726,208.003879728419
Overall,4727,215.2114451988361
Overall,4728,209.29194956353055
Overall,4729,219.5984481086324
Overall,4730,202.31522793404463
Overall,4731,205.90397672162948
Overall,4732,214.98642095053347
Overall,4733,226.15227934044617
Overall,4734,202.97381183317168
Overall,4735,202.2890397672163
Overall,4736,220.1290009699321
Overall,4737,198.58292919495636
Overall,4738,217.0552861299709
Overall,4739,218.97284190106691
Overall,4740,207.05625606207565
Overall,4741,217.5101842870999
Overall,4742,211.86323957322986
Overall,4743,208.82638215324928
Overall,4744,192.89621726479146
Overall,4745,216.43549951503394
Overall,4746,210.31619786614937
Overall,4747,215.0494665373424
Overall,4748,218.74199806013578
Overall,4749,207.1862269641125
Overall,4750,221.93792434529584
Overall,4751,207.99515033947623
Overall,4752,204.06207565470416
Overall,4753,210.67798254122212
Overall,4754,204.45392822502424
Overall,4755,208.92919495635306
Overall,4756,209.73035887487876
Overall,4757,211.3957322987391
Overall,4758,202.14161008729388
Overall,4759,189.1328806983511
Overall,4760,214.631425800194
Overall,4761,210.74490785645006
Overall,4762,193.64112512124152
Overall,4763,196.70223084384094
Overall,4764,215.38215324927256
Overall,4765,214.0164888457808
Overall,4766,202.76333656644036
Overall,4767,203.9941804073715
Overall,4768,201.56062075654705
Overall,4769,200.2560620756547
Overall,4770,203.67701260911736
Overall,4771,211.35499515033948
Overall,4772,206.80213385063047
Overall,4773,213.79437439379242
Overall,4774,217.17458777885548
Overall,4775,217.54122211445198
Overall,4776,218.24054316197865
Overall,4777,208.85838991270612
Overall,4778,202.2502424830262
Overall,4779,198.94762366634336
Overall,4780,208.7788554801164
Overall,4781,195.35499515033948
Overall,4782,203.11833171677984
Overall,4783,191.0106692531523
Overall,4784,215.52376333656645
Overall,4785,203.7662463627546
Overall,4786,203.73617846750727
Overall,4787,203.8399612027158
Overall,4788,208.00484966052377
Overall,4789,205.85160038797284
Overall,4790,207.40737148399612
Overall,4791,211.57419980601358
Overall,4792,203.29194956353055
Overall,4793,196.92434529582928
Overall,4794,205.92046556741028
Overall,4795,201.87390882638215
Overall,4796,211.33559650824444
Overall,4797,207.47235693501455
Overall,4798,198.30261881668284
Overall,4799,205.0184287099903
Overall,4800,217.3870029097963
Overall,4801,212.09117361784675
Overall,4802,207.9893307468477
Overall,4803,194.08826382153248
Overall,4804,202.372453928225
Overall,4805,197.729388942774
Overall,4806,213.99903006789523
Overall,4807,214.00096993210477
Overall,4808,201.72453928225025
Overall,4809,201.03200775945683
Overall,4810,213.02424830261882
Overall,4811,207.18913676042678
Overall,4812,202.0329776915616
Overall,4813,214.27158098933074
Overall,4814,205.20853540252182
Overall,4815,204.33559650824444
Overall,4816,218.07565470417072
Overall,4817,212.56062075654705
Overall,4818,217.92046556741028
Overall,4819,208.50145489815714
Overall,4820,193.4490785645005
Overall,4821,200.9835111542192
Overall,4822,215.82250242483028
Overall,4823,198.96023278370515
Overall,4824,205.82929194956353
Overall,4825,211.0717749757517
Overall,4826,212.811833171678
Overall,4827,211.34238603297769
Overall,4828,212.9427740058196
Overall,4829,202.5305528612997
Overall,4830,197.06110572259942
Overall,4831,206.76333656644036
Overall,4832,217.4364694471387
Overall,4833,204.40931134820562
Overall,4834,208.03006789524733
Overall,4835,210.61784675072744
Overall,4836,204.96217264791466
Overall,4837,214.02521823472358
Overall,4838,209.71968962172647
Overall,4839,208.9447138700291
Overall,4840,216.71290009699322
Overall,4841,206.64306498545102
Overall,4842,212.03782735208534
Overall,4843,214.47817652764306
Overall,4844,210.5615906886518
Overall,4845,202.20562560620758
Overall,4846,214.1949563530553
Overall,4847,205.74684772065956
Overall,4848,208.79243452958292
Overall,4849,201.27934044616876
Overall,4850,205.87002909796314
Overall,4851,202.69544131910766
Overall,4852,202.21241513094083
Overall,4853,212.68574199806014
Overall,4854,190.9262851600388
Overall,4855,222.59747817652763
Overall,4856,204.62851600387972
Overall,4857,210.0184287099903
Overall,4858,207.89330746847722
Overall,4859,211.5509214354995
Overall,4860,212.31522793404463
Overall,4861,193.37148399612028
Overall,4862,217.270611057226
Overall,4863,200.06886517943744
Overall,4864,194.52473326867118
Overall,4865,203.7972841901067
Overall,4866,215.68477206595537
Overall,4867,204.06207565470416
Overall,4868,214.07080504364694
Overall,4869,210.85548011639185
Overall,4870,217.21629485935983
Overall,4871,201.29679922405433
Overall,4872,203.1454898157129
Overall,4873,211.26285160038796
Overall,4874,210.3705140640155
Overall,4875,216.5266731328807
Overall,4876,202.09505334626576
Overall,4877,215.3937924345296
Overall,4878,210.51309408341416
Overall,4879,207.34044616876818
Overall,4880,203.24248302618815
Overall,4881,207.59941804073713
Overall,4882,213.1949563530553
Overall,4883,203.21435499515033
Overall,4884,217.38021338506306
Overall,4885,203.8894277400582
Overall,4886,198.54898157129
Overall,4887,192.45974781765275
Overall,4888,217.33947623666344
Overall,4889,209.53831231813774
Overall,4890,202.3996120271581
Overall,4891,203.03394762366634
Overall,4892,203.15227934044617
Overall,4893,192.8525703200776
Overall,4894,205.91755577109603
Overall,4895,190.57613967022309
Overall,4896,202.26382153249273
Overall,4897,211.62463627546072
Overall,4898,200.2318137730359
Overall,4899,200.63239573229873
Overall,4900,195.0290979631426
Overall,4901,192.9466537342386
Overall,4902,209.03006789524733
Overall,4903,204.9282250242483
Overall,4904,211.9485935984481
Overall,4905,208.2230843840931
Overall,4906,211.29679922405433
Overall,4907,203.0387972841901
Overall,4908,210.88554801163917
Overall,4909,217.50436469447138
Overall,4910,207.7090203685742
Overall,4911,214.80989330746849
Overall,4912,208.6372453928225
Overall,4913,211.8011639185257
Overall,4914,217.0514064015519
Overall,4915,211.35693501454898
Overall,4916,196.91173617846752
Overall,4917,207.42774005819592
Overall,4918,205.57613967022309
Overall,4919,213.9941804073715
Overall,4920,208.04655674102813
Overall,4921,216.09990300678953
Overall,4922,221.13870029097964
Overall,4923,203.10184287099904
Overall,4924,217.60523763336568
Overall,4925,217.09699321047526
Overall,4926,207.39476236663432
Overall,4927,204.2686711930165
Overall,4928,198.81086323957322
Overall,4929,204.95635305528614
Overall,4930,214.31328806983512
Overall,4931,224.64306498545102
Overall,4932,198.41707080504364
Overall,4933,206.67895247332686
Overall,4934,213.92046556741028
Overall,4935,199.16294859359846
Overall,4936,208.0106692531523
Overall,4937,199.87875848690592
Overall,4938,211.12221144519884
Overall,4939,206.5897187196896
Overall,4940,196.71871968962174
Overall,4941,194.55189136760427
Overall,4942,204.86226964112512
Overall,4943,208.1493695441319
Overall,4944,216.42677012609118
Overall,4945,210.7720659553831
Overall,4946,206.76527643064986
Overall,4947,210.70611057225995
Overall,4948,208.176527643065
Overall,4949,196.03976721629485
Overall,4950,218.61978661493694
Overall,4951,206.90494665373424
Overall,4952,211.37342386032978
Overall,4953,199.34044616876818
Overall,4954,204.64888457807953
Overall,4955,195.9262851600388
Overall,4956,202.3792434529583
Overall,4957,220.3811833171678
Overall,4958,215.30067895247333
Overall,4959,213.47526673132882
Overall,4960,217.30358874878758
Overall,4961,203.78952473326868
Overall,4962,207.82444228903978
Overall,4963,206.15712900096995
Overall,4964,212.51115421920466
Overall,4965,231.82929194956353
Overall,4966,200.38409311348207
Overall,4967,209.17555771096022
Overall,4968,205.003879728419
Overall,4969,214.65082444228904
Overall,4970,219.9709020368574
Overall,4971,207.68865179437438
Overall,4972,207.49660523763336
Overall,4973,212.2298739088264
Overall,4974,203.66731328806983
Overall,4975,204.0678952473327
Overall,4976,209.37536372453928
Overall,4977,206.17264791464598
Overall,4978,211.46168768186226
Overall,4979,196.83511154219204
Overall,4980,201.15906886517945
Overall,4981,203.8322017458778
Overall,4982,203.56644034917556
Overall,4983,214.80698351115421
Overall,4984,207.48302618816683
Overall,4985,211.14451988360815
Overall,4986,212.93695441319107
Overall,4987,216.07662463627545
Overall,4988,205.0223084384093
Overall,4989,206.0533462657614
Overall,4990,214.8690591658584
Overall,4991,204.2521823472357
Overall,4992,215.88069835111543
Overall,4993,194.83705140640154
Overall,4994,200.70320077594567
Overall,4995,208.85548011639185
Overall,4996,205.6023278370514
Overall,4997,197.3462657613967
Overall,4998,194.7497575169738
Overall,4999,202.54025218234725
Overall,5000,220.02521823472358
Benign,1,81.92635658914729
Benign,2,95.18410852713178
Benign,3,83.23449612403101
Benign,4,86.45348837209302
Benign,5,81.40310077519379
Benign,6,97.13565891472868
Benign,7,92.50968992248062
Benign,8,81.99418604651163
Benign,9,84.46124031007751
Benign,10,90.98255813953489
Benign,11,79.75968992248062
Benign,12,85.14147286821705
Benign,13,86.05038759689923
Benign,14,81.36821705426357
Benign,15,80.05038759689923
Benign,16,79.80813953488372
Benign,17,83.23643410852713
Benign,18,77.48062015503876
Benign,19,75.62403100775194
Benign,20,77.67248062015504
Benign,21,79.82558139534883
Benign,22,89.84496124031008
Benign,23,93.10658914728683
Benign,24,93.15310077519379
Benign,25,83.01356589147287
Benign,26,81.99806201550388
Benign,27,92.81395348837209
Benign,28,89.20542635658914
Benign,29,85.22674418604652
Benign,30,85.34689922480621
Benign,31,84.84883720930233
Benign,32,89.45736434108527
Benign,33,81.13953488372093
Benign,34,95.32170542635659
Benign,35,82.64922480620154
Benign,36,73.69767441860465
Benign,37,80.18992248062015
Benign,38,74.89922480620154
Benign,39,91.49612403100775
Benign,40,81.8313953488372
Benign,41,86.99612403100775
Benign,42,88.90697674418605
Benign,43,80.85077519379846
Benign,44,85.76356589147287
Benign,45,88.26356589147287
Benign,46,103.96317829457364
Benign,47,82.47286821705427
Benign,48,82.51744186046511
Benign,49,88.84883720930233
Benign,50,85.84108527131782
Benign,51,97.96705426356588
Benign,52,85.4108527131783
Benign,53,96.48837209302326
Benign,54,91.8953488372093
Benign,55,80.09108527131782
Benign,56,89.09689922480621
Benign,57,90.22674418604652
Benign,58,82.45930232558139
Benign,59,74.40697674418605
Benign,60,86.47286821705427
Benign,61,80.4186046511628
Benign,62,93.92248062015504
Benign,63,76.73837209302326
Benign,64,77.51937984496124
Benign,65,82.31007751937985
Benign,66,78.45542635658914
Benign,67,81.65116279069767
Benign,68,85.8875968992248
Benign,69,73.22868217054264
Benign,70,83.03294573643412
Benign,71,80.96705426356588
Benign,72,84.43798449612403
Benign,73,88.07170542635659
Benign,74,74.42248062015504
Benign,75,92.16279069767442
Benign,76,83.79069767441861
Benign,77,95.9748062015504
Benign,78,90.68023255813954
Benign,79,80.5484496124031
Benign,80,90.11046511627907
Benign,81,90.50193798449612
Benign,82,85.93798449612403
Benign,83,77.59883720930233
Benign,84,79.77325581395348
Benign,85,76.74806201550388
Benign,86,94.68992248062015
Benign,87,88.88178294573643
Benign,88,76.65116279069767
Benign,89,90.11821705426357
Benign,90,81.40697674418605
Benign,91,86.28294573643412
Benign,92,93.49418604651163
Benign,93,76.30038759689923
Benign,94,78.74612403100775
Benign,95,83.43023255813954
Benign,96,92.37790697674419
Benign,97,95.20930232558139
Benign,98,91.09689922480621
Benign,99,82.69961240310077
Benign,100,88.08527131782945
Benign,101,91.48837209302326
Benign,102,90.64728682170542
Benign,103,84.80038759689923
Benign,104,85.75193798449612
Benign,105,90.02325581395348
Benign,106,86.45348837209302
Benign,107,93.78875968992249
Benign,108,84.3391472868217
Benign,109,99.41666666666667
Benign,110,85.26550387596899
Benign,111,73.89728682170542
Benign,112,88.99612403100775
Benign,113,85.18992248062015
Benign,114,93.39728682170542
Benign,115,99.34302325581395
Benign,116,88.04457364341086
Benign,117,83.79651162790698
Benign,118,77.09108527131782
Benign,119,91.02325581395348
Benign,120,88.27325581395348
Benign,121,93.27131782945736
Benign,122,90.06201550387597
Benign,123,95.72674418604652
Benign,124,82.59108527131782
Benign,125,85.94573643410853
Benign,126,100.76162790697674
Benign,127,71.8624031007752
Benign,128,97.81395348837209
Benign,129,80.87596899224806
Benign,130,84.75968992248062
Benign,131,82.25387596899225
Benign,132,85.07945736434108
Benign,133,81.89922480620154
Benign,134,86.10077519379846
Benign,135,88.67054263565892
Benign,136,77.83333333333333
Benign,137,84.52131782945736
Benign,138,94.56589147286822
Benign,139,100.7577519379845
Benign,140,86.59496124031008
Benign,141,88.51744186046511
Benign,142,81.43992248062015
Benign,143,89.6453488372093
Benign,144,79.91279069767442
Benign,145,85.14728682170542
Benign,146,92.81007751937985
Benign,147,83.32364341085271
Benign,148,93.9922480620155
Benign,149,90.54069767441861
Benign,150,84.81782945736434
Benign,151,80.32170542635659
Benign,152,82.76744186046511
Benign,153,90.35658914728683
Benign,154,89.43992248062015
Benign,155,82.7248062015504
Benign,156,93.18604651162791
Benign,157,82.10077519379846
Benign,158,82.32945736434108
Benign,159,86.02906976744185
Benign,160,84.31589147286822
Benign,161,90.96705426356588
Benign,162,97.31201550387597
Benign,163,89.40116279069767
Benign,164,87.24031007751938
Benign,165,83.21511627906976
Benign,166,92.21124031007751
Benign,167,85.38565891472868
Benign,168,101.97674418604652
Benign,169,88.0
Benign,170,71.48062015503876
Benign,171,92.67829457364341
Benign,172,82.42441860465117
Benign,173,76.43217054263566
Benign,174,83.91279069767442
Benign,175,78.8062015503876
Benign,176,77.07170542635659
Benign,177,79.71705426356588
Benign,178,82.60852713178295
Benign,179,81.61627906976744
Benign,180,85.07170542635659
Benign,181,97.51550387596899
Benign,182,76.03100775193798
Benign,183,74.00193798449612
Benign,184,90.8624031007752
Benign,185,85.49806201550388
Benign,186,86.65310077519379
Benign,187,94.65310077519379
Benign,188,81.38953488372093
Benign,189,93.05426356589147
Benign,190,94.49612403100775
Benign,191,87.90116279069767
Benign,192,87.81589147286822
Benign,193,78.22674418604652
Benign,194,81.62209302325581
Benign,195,88.79651162790698
Benign,196,81.75
Benign,197,80.86434108527132
Benign,198,86.20930232558139
Benign,199,92.55038759689923
Benign,200,80.68023255813954
Benign,201,73.58527131782945
Benign,202,85.68023255813954
Benign,203,84.31589147286822
Benign,204,98.50968992248062
Benign,205,82.9748062015504
Benign,206,88.93992248062015
Benign,207,77.67248062015504
Benign,208,83.68604651162791
Benign,209,79.77131782945736
Benign,210,82.22093023255815
Benign,211,87.04263565891473
Benign,212,95.60658914728683
Benign,213,89.09496124031008
Benign,214,87.43798449612403
Benign,215,96.82558139534883
Benign,216,84.51356589147287
Benign,217,85.29069767441861
Benign,218,81.82364341085271
Benign,219,77.73837209302326
Benign,220,85.08720930232558
Benign,221,77.45542635658914
Benign,222,74.2751937984496
Benign,223,84.26356589147287
Benign,224,77.92829457364341
Benign,225,93.03488372093024
Benign,226,83.48643410852713
Benign,227,85.10077519379846
Benign,228,92.77325581395348
Benign,229,83.96705426356588
Benign,230,94.11434108527132
Benign,231,85.23837209302326
Benign,232,92.01744186046511
Benign,233,85.63565891472868
Benign,234,81.32558139534883
Benign,235,88.88953488372093
Benign,236,82.46124031007751
Benign,237,94.82558139534883
Benign,238,92.40116279069767
Benign,239,84.10658914728683
Benign,240,98.1937984496124
Benign,241,84.39728682170542
Benign,242,91.63953488372093
Benign,243,81.84108527131782
Benign,244,84.84108527131782
Benign,245,91.44961240310077
Benign,246,96.41279069767442
Benign,247,76.63372093023256
Benign,248,79.50968992248062
Benign,249,82.2015503875969
Benign,250,78.28682170542636
Benign,251,90.87790697674419
Benign,252,81.56007751937985
Benign,253,101.85852713178295
Benign,254,78.75581395348837
Benign,255,96.09689922480621
Benign,256,82.84302325581395
Benign,257,82.43992248062015
Benign,258,84.9186046511628
Benign,259,86.32558139534883
Benign,260,84.6608527131783
Benign,261,84.68798449612403
Benign,262,84.59108527131782
Benign,263,89.25387596899225
Benign,264,87.09108527131782
Benign,265,77.99031007751938
Benign,266,86.54651162790698
Benign,267,81.34108527131782
Benign,268,85.14147286821705
Benign,269,85.69961240310077
Benign,270,87.87790697674419
Benign,271,85.25581395348837
Benign,272,95.52131782945736
Benign,273,79.39341085271317
Benign,274,78.53100775193798
Benign,275,90.75581395348837
Benign,276,87.00193798449612
Benign,277,78.12403100775194
Benign,278,82.86434108527132
Benign,279,84.80813953488372
Benign,280,88.02713178294573
Benign,281,89.98837209302326
Benign,282,98.65697674418605
Benign,283,83.21705426356588
Benign,284,95.08333333333333
Benign,285,87.34108527131782
Benign,286,87.97674418604652
Benign,287,83.92635658914729
Benign,288,76.39922480620154
Benign,289,93.33333333333333
Benign,290,75.63372093023256
Benign,291,84.16666666666667
Benign,292,91.87015503875969
Benign,293,92.14922480620154
Benign,294,84.82364341085271
Benign,295,76.23837209302326
Benign,296,70.96899224806202
Benign,297,89.14728682170542
Benign,298,97.31395348837209
Benign,299,82.2422480620155
Benign,300,100.6686046511628
Benign,301,89.90891472868218
Benign,302,79.71317829457364
Benign,303,85.8313953488372
Benign,304,83.40891472868218
Benign,305,91.87984496124031
Benign,306,102.06395348837209
Benign,307,94.84108527131782
Benign,308,72.62984496124031
Benign,309,74.62015503875969
Benign,310,94.55038759689923
Benign,311,97.29651162790698
Benign,312,93.4108527131783
Benign,313,101.02325581395348
Benign,314,83.6686046511628
Benign,315,82.79263565891473
Benign,316,85.43217054263566
Benign,317,100.48449612403101
Benign,318,84.4186046511628
Benign,319,72.67441860465117
Benign,320,78.31782945736434
Benign,321,92.66279069767442
Benign,322,93.74031007751938
Benign,323,88.57945736434108
Benign,324,95.48255813953489
Benign,325,95.3391472868217
Benign,326,83.34689922480621
Benign,327,91.32170542635659
Benign,328,101.96124031007751
Benign,329,88.87790697674419
Benign,330,89.50387596899225
Benign,331,83.24806201550388
Benign,332,86.75581395348837
Benign,333,89.62790697674419
Benign,334,77.09883720930233
Benign,335,81.63178294573643
Benign,336,83.06782945736434
Benign,337,91.1124031007752
Benign,338,81.30813953488372
Benign,339,119.20930232558139
Benign,340,91.3624031007752
Benign,341,91.88178294573643
Benign,342,89.30038759689923
Benign,343,84.42829457364341
Benign,344,83.02906976744185
Benign,345,77.89728682170542
Benign,346,74.98643410852713
Benign,347,82.3875968992248
Benign,348,81.07558139534883
Benign,349,88.3391472868217
Benign,350,80.24806201550388
Benign,351,88.4108527131783
Benign,352,84.64728682170542
Benign,353,85.99418604651163
Benign,354,78.59883720930233
Benign,355,93.09883720930233
Benign,356,81.20736434108527
Benign,357,75.9515503875969
Benign,358,86.91472868217055
Benign,359,78.08720930232558
Benign,360,86.68217054263566
Benign,361,87.62015503875969
Benign,362,94.62984496124031
Benign,363,89.09302325581395
Benign,364,85.70930232558139
Benign,365,96.06007751937985
Benign,366,82.18217054263566
Benign,367,79.52325581395348
Benign,368,83.15503875968992
Benign,369,94.81589147286822
Benign,370,105.04069767441861
Benign,371,83.55813953488372
Benign,372,81.99418604651163
Benign,373,80.44186046511628
Benign,374,77.65310077519379
Benign,375,89.45736434108527
Benign,376,83.47093023255815
Benign,377,88.78100775193798
Benign,378,87.6686046511628
Benign,379,86.04069767441861
Benign,380,88.97093023255815
Benign,381,74.77713178294573
Benign,382,84.28294573643412
Benign,383,83.26937984496124
Benign,384,88.82364341085271
Benign,385,84.23449612403101
Benign,386,79.76937984496124
Benign,387,92.62015503875969
Benign,388,94.69961240310077
Benign,389,83.89922480620154
Benign,390,84.01550387596899
Benign,391,79.05813953488372
Benign,392,82.26356589147287
Benign,393,82.51937984496124
Benign,394,95.09302325581395
Benign,395,86.95348837209302
Benign,396,70.8624031007752
Benign,397,82.17635658914729
Benign,398,79.84302325581395
Benign,399,85.49612403100775
Benign,400,80.3953488372093
Benign,401,87.90891472868218
Benign,402,77.2984496124031
Benign,403,86.82364341085271
Benign,404,83.01356589147287
Benign,405,84.50581395348837
Benign,406,81.44961240310077
Benign,407,81.37596899224806
Benign,408,95.74031007751938
Benign,409,88.0484496124031
Benign,410,82.87403100775194
Benign,411,80.81395348837209
Benign,412,86.85271317829458
Benign,413,79.35852713178295
Benign,414,84.5
Benign,415,80.06201550387597
Benign,416,86.68023255813954
Benign,417,86.23449612403101
Benign,418,96.92054263565892
Benign,419,86.66472868217055
Benign,420,80.20930232558139
Benign,421,84.39147286821705
Benign,422,81.15503875968992
Benign,423,80.14147286821705
Benign,424,80.02713178294573
Benign,425,77.85077519379846
Benign,426,80.51937984496124
Benign,427,76.07364341085271
Benign,428,75.51356589147287
Benign,429,98.82945736434108
Benign,430,81.08527131782945
Benign,431,88.14341085271317
Benign,432,93.14147286821705
Benign,433,77.97286821705427
Benign,434,89.13372093023256
Benign,435,98.2577519379845
Benign,436,80.8546511627907
Benign,437,87.99418604651163
Benign,438,72.57751937984496
Benign,439,83.49806201550388
Benign,440,84.81976744186046
Benign,441,76.82170542635659
Benign,442,85.89922480620154
Benign,443,74.42829457364341
Benign,444,83.00968992248062
Benign,445,88.18992248062015
Benign,446,98.81007751937985
Benign,447,83.04651162790698
Benign,448,76.0251937984496
Benign,449,86.48643410852713
Benign,450,94.80232558139535
Benign,451,78.38372093023256
Benign,452,72.84883720930233
Benign,453,78.01937984496124
Benign,454,88.47868217054264
Benign,455,76.11627906976744
Benign,456,93.1124031007752
Benign,457,93.22868217054264
Benign,458,86.05232558139535
Benign,459,80.63565891472868
Benign,460,92.57364341085271
Benign,461,80.64147286821705
Benign,462,74.43798449612403
Benign,463,80.5
Benign,464,90.08720930232558
Benign,465,82.25968992248062
Benign,466,94.50193798449612
Benign,467,90.29457364341086
Benign,468,84.22868217054264
Benign,469,79.09883720930233
Benign,470,83.76550387596899
Benign,471,87.97093023255815
Benign,472,90.45542635658914
Benign,473,80.0484496124031
Benign,474,84.01550387596899
Benign,475,77.88565891472868
Benign,476,70.44767441860465
Benign,477,80.1608527131783
Benign,478,83.56201550387597
Benign,479,86.9515503875969
Benign,480,85.65697674418605
Benign,481,76.13565891472868
Benign,482,90.74418604651163
Benign,483,84.33527131782945
Benign,484,87.02713178294573
Benign,485,75.23837209302326
Benign,486,97.03100775193798
Benign,487,81.84302325581395
Benign,488,88.1046511627907
Benign,489,93.08720930232558
Benign,490,87.6453488372093
Benign,491,86.5251937984496
Benign,492,78.55232558139535
Benign,493,80.34883720930233
Benign,494,81.67248062015504
Benign,495,85.45736434108527
Benign,496,86.66472868217055
Benign,497,79.6124031007752
Benign,498,89.12984496124031
Benign,499,75.93798449612403
Benign,500,90.03488372093024
Benign,501,81.97868217054264
Benign,502,92.93410852713178
Benign,503,85.06007751937985
Benign,504,91.52713178294573
Benign,505,77.01356589147287
Benign,506,77.96705426356588
Benign,507,83.8546511627907
Benign,508,91.1046511627907
Benign,509,87.88565891472868
Benign,510,87.49806201550388
Benign,511,77.37209302325581
Benign,512,88.8391472868217
Benign,513,87.14147286821705
Benign,514,94.73449612403101
Benign,515,85.98062015503876
Benign,516,96.83333333333333
Benign,517,93.20348837209302
Benign,518,91.89147286821705
Benign,519,85.72868217054264
Benign,520,84.82558139534883
Benign,521,92.66472868217055
Benign,522,80.13178294573643
Benign,523,77.31395348837209
Benign,524,89.87015503875969
Benign,525,82.9922480620155
Benign,526,94.00968992248062
Benign,527,86.47674418604652
Benign,528,81.9922480620155
Benign,529,85.31976744186046
Benign,530,89.11821705426357
Benign,531,80.49612403100775
Benign,532,86.53294573643412
Benign,533,84.50387596899225
Benign,534,81.40116279069767
Benign,535,74.77325581395348
Benign,536,87.56007751937985
Benign,537,78.51162790697674
Benign,538,87.09689922480621
Benign,539,84.67829457364341
Benign,540,86.09302325581395
Benign,541,82.77906976744185
Benign,542,95.23643410852713
Benign,543,99.3953488372093
Benign,544,93.96124031007751
Benign,545,90.54457364341086
Benign,546,93.31395348837209
Benign,547,79.26550387596899
Benign,548,87.63565891472868
Benign,549,85.96511627906976
Benign,550,89.0813953488372
Benign,551,82.37209302325581
Benign,552,84.70542635658914
Benign,553,95.85658914728683
Benign,554,79.15503875968992
Benign,555,97.87984496124031
Benign,556,76.61821705426357
Benign,557,79.0891472868217
Benign,558,90.02906976744185
Benign,559,76.03682170542636
Benign,560,78.49612403100775
Benign,561,94.34302325581395
Benign,562,95.53100775193798
Benign,563,87.6686046511628
Benign,564,80.28682170542636
Benign,565,84.21705426356588
Benign,566,85.90116279069767
Benign,567,78.96124031007751
Benign,568,82.23643410852713
Benign,569,83.30232558139535
Benign,570,98.21899224806202
Benign,571,85.59108527131782
Benign,572,77.1937984496124
Benign,573,81.8313953488372
Benign,574,97.08720930232558
Benign,575,79.71511627906976
Benign,576,94.56589147286822
Benign,577,86.34108527131782
Benign,578,86.26162790697674
Benign,579,75.5484496124031
Benign,580,76.80038759689923
Benign,581,90.78875968992249
Benign,582,82.81007751937985
Benign,583,91.01937984496124
Benign,584,79.37984496124031
Benign,585,92.36627906976744
Benign,586,81.67054263565892
Benign,587,86.69186046511628
Benign,588,82.24612403100775
Benign,589,93.58333333333333
Benign,590,94.6937984496124
Benign,591,80.98255813953489
Benign,592,85.85658914728683
Benign,593,93.6937984496124
Benign,594,72.5077519379845
Benign,595,82.83333333333333
Benign,596,92.72286821705427
Benign,597,93.4108527131783
Benign,598,77.16472868217055
Benign,599,90.67441860465117
Benign,600,79.68992248062015
Benign,601,82.4108527131783
Benign,602,81.28875968992249
Benign,603,93.80426356589147
Benign,604,87.1375968992248
Benign,605,102.88953488372093
Benign,606,93.8546511627907
Benign,607,86.31589147286822
Benign,608,92.65697674418605
Benign,609,84.64728682170542
Benign,610,91.11434108527132
Benign,611,87.84496124031008
Benign,612,88.26162790697674
Benign,613,84.04263565891473
Benign,614,81.24612403100775
Benign,615,78.6608527131783
Benign,616,87.1686046511628
Benign,617,88.61627906976744
Benign,618,93.43410852713178
Benign,619,88.21124031007751
Benign,620,105.0562015503876
Benign,621,79.05038759689923
Benign,622,81.69767441860465
Benign,623,81.6937984496124
Benign,624,78.96511627906976
Benign,625,92.48255813953489
Benign,626,91.21124031007751
Benign,627,79.82751937984496
Benign,628,86.89341085271317
Benign,629,86.96511627906976
Benign,630,81.30426356589147
Benign,631,85.10271317829458
Benign,632,90.57170542635659
Benign,633,87.28875968992249
Benign,634,77.86434108527132
Benign,635,86.89147286821705
Benign,636,83.02325581395348
Benign,637,81.21317829457364
Benign,638,84.6608527131783
Benign,639,78.86046511627907
Benign,640,74.67441860465117
Benign,641,79.58333333333333
Benign,642,86.58527131782945
Benign,643,79.87596899224806
Benign,644,84.29069767441861
Benign,645,80.50387596899225
Benign,646,89.21124031007751
Benign,647,71.27713178294573
Benign,648,84.98255813953489
Benign,649,89.9186046511628
Benign,650,70.24612403100775
Benign,651,86.8313953488372
Benign,652,82.21511627906976
Benign,653,95.06395348837209
Benign,654,84.19573643410853
Benign,655,80.60852713178295
Benign,656,90.32558139534883
Benign,657,81.06395348837209
Benign,658,76.57364341085271
Benign,659,72.22093023255815
Benign,660,102.62209302325581
Benign,661,86.27325581395348
Benign,662,87.93023255813954
Benign,663,80.9515503875969
Benign,664,81.50581395348837
Benign,665,84.62596899224806
Benign,666,89.14341085271317
Benign,667,91.80038759689923
Benign,668,91.70930232558139
Benign,669,82.4437984496124
Benign,670,77.08527131782945
Benign,671,84.12209302325581
Benign,672,79.0251937984496
Benign,673,87.7577519379845
Benign,674,76.38178294573643
Benign,675,85.05426356589147
Benign,676,78.55232558139535
Benign,677,85.04457364341086
Benign,678,78.49418604651163
Benign,679,97.48255813953489
Benign,680,78.53294573643412
Benign,681,80.97286821705427
Benign,682,87.05232558139535
Benign,683,88.51356589147287
Benign,684,88.86627906976744
Benign,685,81.56007751937985
Benign,686,87.16666666666667
Benign,687,91.37596899224806
Benign,688,83.14147286821705
Benign,689,79.84108527131782
Benign,690,94.95736434108527
Benign,691,94.03294573643412
Benign,692,86.50581395348837
Benign,693,88.0
Benign,694,81.27325581395348
Benign,695,87.24612403100775
Benign,696,79.83527131782945
Benign,697,93.70542635658914
Benign,698,85.89728682170542
Benign,699,84.03294573643412
Benign,700,81.45542635658914
Benign,701,80.84108527131782
Benign,702,99.31201550387597
Benign,703,86.42248062015504
Benign,704,81.1375968992248
Benign,705,101.67248062015504
Benign,706,89.68798449612403
Benign,707,86.88178294573643
Benign,708,93.61627906976744
Benign,709,83.73449612403101
Benign,710,83.32558139534883
Benign,711,79.29457364341086
Benign,712,83.3875968992248
Benign,713,90.5251937984496
Benign,714,89.59108527131782
Benign,715,82.08720930232558
Benign,716,91.34689922480621
Benign,717,76.71899224806202
Benign,718,87.36046511627907
Benign,719,89.88178294573643
Benign,720,74.65503875968992
Benign,721,86.44186046511628
Benign,722,93.83527131782945
Benign,723,79.50968992248062
Benign,724,85.12984496124031
Benign,725,93.9922480620155
Benign,726,78.76356589147287
Benign,727,87.25968992248062
Benign,728,81.37596899224806
Benign,729,86.37596899224806
Benign,730,90.84883720930233
Benign,731,91.5484496124031
Benign,732,86.0251937984496
Benign,733,86.13565891472868
Benign,734,91.40891472868218
Benign,735,89.98837209302326
Benign,736,88.7577519379845
Benign,737,81.37790697674419
Benign,738,82.36046511627907
Benign,739,93.41666666666667
Benign,740,81.9515503875969
Benign,741,91.36434108527132
Benign,742,94.73255813953489
Benign,743,78.36046511627907
Benign,744,87.92248062015504
Benign,745,88.57751937984496
Benign,746,95.75968992248062
Benign,747,78.60852713178295
Benign,748,75.49612403100775
Benign,749,86.22868217054264
Benign,750,86.67054263565892
Benign,751,84.54457364341086
Benign,752,85.1686046511628
Benign,753,87.38953488372093
Benign,754,80.89341085271317
Benign,755,80.61046511627907
Benign,756,77.5
Benign,757,84.3391472868217
Benign,758,80.15310077519379
Benign,759,93.09108527131782
Benign,760,77.27713178294573
Benign,761,89.78875968992249
Benign,762,84.30426356589147
Benign,763,78.60077519379846
Benign,764,84.3953488372093
Benign,765,88.83333333333333
Benign,766,86.18798449612403
Benign,767,83.03294573643412
Benign,768,88.07945736434108
Benign,769,97.68217054263566
Benign,770,83.83527131782945
Benign,771,86.69186046511628
Benign,772,91.16666666666667
Benign,773,91.00387596899225
Benign,774,74.35658914728683
Benign,775,80.18410852713178
Benign,776,85.7422480620155
Benign,777,87.06201550387597
Benign,778,84.78682170542636
Benign,779,85.76356589147287
Benign,780,78.96317829457364
Benign,781,86.79651162790698
Benign,782,83.59108527131782
Benign,783,87.1608527131783
Benign,784,79.99806201550388
Benign,785,94.36434108527132
Benign,786,82.59496124031008
Benign,787,96.99806201550388
Benign,788,87.28488372093024
Benign,789,79.32945736434108
Benign,790,88.29651162790698
Benign,791,93.73062015503876
Benign,792,76.8546511627907
Benign,793,86.03875968992249
Benign,794,78.31007751937985
Benign,795,100.47868217054264
Benign,796,85.50193798449612
Benign,797,81.12596899224806
Benign,798,92.93798449612403
Benign,799,96.0251937984496
Benign,800,76.65891472868218
Benign,801,77.15891472868218
Benign,802,83.84883720930233
Benign,803,90.53488372093024
Benign,804,99.52713178294573
Benign,805,86.36821705426357
Benign,806,85.68798449612403
Benign,807,82.8953488372093
Benign,808,80.71899224806202
Benign,809,88.12015503875969
Benign,810,83.40116279069767
Benign,811,74.96317829457364
Benign,812,84.25193798449612
Benign,813,80.78875968992249
Benign,814,80.42635658914729
Benign,815,95.06976744186046
Benign,816,87.21899224806202
Benign,817,93.75193798449612
Benign,818,85.70736434108527
Benign,819,88.31395348837209
Benign,820,86.92248062015504
Benign,821,87.03488372093024
Benign,822,87.40116279069767
Benign,823,95.16666666666667
Benign,824,96.17829457364341
Benign,825,82.75387596899225
Benign,826,84.43604651162791
Benign,827,83.39728682170542
Benign,828,83.81201550387597
Benign,829,88.37403100775194
Benign,830,86.86627906976744
Benign,831,76.53100775193798
Benign,832,75.77906976744185
Benign,833,78.04457364341086
Benign,834,96.14922480620154
Benign,835,88.09883720930233
Benign,836,70.79651162790698
Benign,837,84.46899224806202
Benign,838,108.8062015503876
Benign,839,80.17248062015504
Benign,840,85.09496124031008
Benign,841,87.95348837209302
Benign,842,85.36046511627907
Benign,843,89.97093023255815
Benign,844,83.01744186046511
Benign,845,90.14728682170542
Benign,846,79.88178294573643
Benign,847,90.32170542635659
Benign,848,89.05426356589147
Benign,849,76.59496124031008
Benign,850,83.55813953488372
Benign,851,95.97093023255815
Benign,852,89.82364341085271
Benign,853,82.1124031007752
Benign,854,92.43992248062015
Benign,855,93.98837209302326
Benign,856,91.46317829457364
Benign,857,93.31782945736434
Benign,858,89.05426356589147
Benign,859,94.27713178294573
Benign,860,82.36821705426357
Benign,861,81.45348837209302
Benign,862,89.19767441860465
Benign,863,96.85658914728683
Benign,864,88.63953488372093
Benign,865,81.40116279069767
Benign,866,87.62596899224806
Benign,867,83.66279069767442
Benign,868,77.23255813953489
Benign,869,77.18992248062015
Benign,870,89.3313953488372
Benign,871,86.55426356589147
Benign,872,76.90697674418605
Benign,873,79.32751937984496
Benign,874,85.83333333333333
Benign,875,76.6453488372093
Benign,876,86.33720930232558
Benign,877,80.55813953488372
Benign,878,77.26356589147287
Benign,879,83.94573643410853
Benign,880,91.31395348837209
Benign,881,80.98643410852713
Benign,882,79.74031007751938
Benign,883,69.17441860465117
Benign,884,98.40891472868218
Benign,885,72.07751937984496
Benign,886,99.13178294573643
Benign,887,89.25
Benign,888,87.66279069767442
Benign,889,79.64341085271317
Benign,890,88.80232558139535
Benign,891,88.0813953488372
Benign,892,81.51937984496124
Benign,893,80.43798449612403
Benign,894,94.98449612403101
Benign,895,86.77325581395348
Benign,896,85.14728682170542
Benign,897,87.71705426356588
Benign,898,93.15503875968992
Benign,899,85.36627906976744
Benign,900,92.54651162790698
Benign,901,88.69767441860465
Benign,902,89.5891472868217
Benign,903,94.36627906976744
Benign,904,87.50387596899225
Benign,905,81.34496124031008
Benign,906,82.9748062015504
Benign,907,88.46705426356588
Benign,908,84.12984496124031
Benign,909,89.49031007751938
Benign,910,93.06007751937985
Benign,911,84.21317829457364
Benign,912,82.99612403100775
Benign,913,92.81201550387597
Benign,914,90.44961240310077
Benign,915,90.05426356589147
Benign,916,88.10077519379846
Benign,917,89.7751937984496
Benign,918,94.43410852713178
Benign,919,85.46899224806202
Benign,920,80.01162790697674
Benign,921,82.35658914728683
Benign,922,80.3624031007752
Benign,923,87.27325581395348
Benign,924,85.53682170542636
Benign,925,76.28682170542636
Benign,926,92.06395348837209
Benign,927,88.07751937984496
Benign,928,91.45348837209302
Benign,929,90.60658914728683
Benign,930,78.08720930232558
Benign,931,80.08527131782945
Benign,932,84.48643410852713
Benign,933,90.02131782945736
Benign,934,96.7422480620155
Benign,935,83.22674418604652
Benign,936,84.73449612403101
Benign,937,74.67248062015504
Benign,938,78.98255813953489
Benign,939,80.57558139534883
Benign,940,85.14728682170542
Benign,941,90.56201550387597
Benign,942,82.08527131782945
Benign,943,78.12984496124031
Benign,944,89.12015503875969
Benign,945,87.56782945736434
Benign,946,88.62209302325581
Benign,947,94.55813953488372
Benign,948,93.53100775193798
Benign,949,90.14147286821705
Benign,950,83.98062015503876
Benign,951,82.37209302325581
Benign,952,97.60271317829458
Benign,953,74.42054263565892
Benign,954,95.48062015503876
Benign,955,86.1937984496124
Benign,956,81.1375968992248
Benign,957,95.37403100775194
Benign,958,79.48062015503876
Benign,959,82.07945736434108
Benign,960,80.41279069767442
Benign,961,83.56007751937985
Benign,962,92.9922480620155
Benign,963,93.59883720930233
Benign,964,83.71124031007751
Benign,965,85.34302325581395
Benign,966,78.27713178294573
Benign,967,88.10271317829458
Benign,968,90.00387596899225
Benign,969,74.87209302325581
Benign,970,90.45348837209302
Benign,971,84.92054263565892
Benign,972,86.71705426356588
Benign,973,88.30232558139535
Benign,974,72.37403100775194
Benign,975,75.00387596899225
Benign,976,96.80232558139535
Benign,977,87.47674418604652
Benign,978,76.28100775193798
Benign,979,92.36627906976744
Benign,980,73.77131782945736
Benign,981,98.19186046511628
Benign,982,78.31007751937985
Benign,983,82.34108527131782
Benign,984,86.4437984496124
Benign,985,81.41666666666667
Benign,986,78.56782945736434
Benign,987,80.01550387596899
Benign,988,86.48449612403101
Benign,989,90.37015503875969
Benign,990,83.83527131782945
Benign,991,94.20930232558139
Benign,992,84.1046511627907
Benign,993,83.65310077519379
Benign,994,99.10852713178295
Benign,995,89.29069767441861
Benign,996,84.98449612403101
Benign,997,97.50968992248062
Benign,998,83.26937984496124
Benign,999,93.71899224806202
Benign,1000,76.64341085271317
Benign,1001,86.89147286821705
Benign,1002,89.07364341085271
Benign,1003,80.25193798449612
Benign,1004,92.7577519379845
Benign,1005,86.13953488372093
Benign,1006,80.62596899224806
Benign,1007,91.2577519379845
Benign,1008,87.36046511627907
Benign,1009,87.57170542635659
Benign,1010,111.95736434108527
Benign,1011,95.43023255813954
Benign,1012,96.44767441860465
Benign,1013,85.78294573643412
Benign,1014,95.04069767441861
Benign,1015,79.74612403100775
Benign,1016,90.59496124031008
Benign,1017,84.0891472868217
Benign,1018,82.12209302325581
Benign,1019,87.62403100775194
Benign,1020,78.84496124031008
Benign,1021,95.07170542635659
Benign,1022,83.21511627906976
Benign,1023,96.11046511627907
Benign,1024,93.2751937984496
Benign,1025,82.55426356589147
Benign,1026,84.37209302325581
Benign,1027,78.73837209302326
Benign,1028,85.85077519379846
Benign,1029,89.6453488372093
Benign,1030,86.95736434108527
Benign,1031,86.32558139534883
Benign,1032,77.03682170542636
Benign,1033,96.11046511627907
Benign,1034,84.5251937984496
Benign,1035,82.5562015503876
Benign,1036,85.76550387596899
Benign,1037,86.31395348837209
Benign,1038,92.06782945736434
Benign,1039,87.10658914728683
Benign,1040,94.55813953488372
Benign,1041,94.90116279069767
Benign,1042,83.18217054263566
Benign,1043,86.11046511627907
Benign,1044,95.12596899224806
Benign,1045,87.60271317829458
Benign,1046,94.88953488372093
Benign,1047,91.67054263565892
Benign,1048,82.64922480620154
Benign,1049,78.10077519379846
Benign,1050,84.98062015503876
Benign,1051,79.48062015503876
Benign,1052,80.01162790697674
Benign,1053,78.83527131782945
Benign,1054,90.74612403100775
Benign,1055,88.55813953488372
Benign,1056,87.34689922480621
Benign,1057,79.33333333333333
Benign,1058,80.38178294573643
Benign,1059,92.47674418604652
Benign,1060,87.10852713178295
Benign,1061,83.85658914728683
Benign,1062,86.31007751937985
Benign,1063,78.8313953488372
Benign,1064,92.30813953488372
Benign,1065,88.6937984496124
Benign,1066,98.56007751937985
Benign,1067,84.88372093023256
Benign,1068,74.31782945736434
Benign,1069,85.30813953488372
Benign,1070,80.28294573643412
Benign,1071,82.09883720930233
Benign,1072,81.20348837209302
Benign,1073,84.73449612403101
Benign,1074,81.25581395348837
Benign,1075,88.0891472868217
Benign,1076,86.52713178294573
Benign,1077,84.8953488372093
Benign,1078,89.75
Benign,1079,86.02325581395348
Benign,1080,90.45930232558139
Benign,1081,86.78100775193798
Benign,1082,75.52906976744185
Benign,1083,83.47093023255815
Benign,1084,82.03488372093024
Benign,1085,89.26744186046511
Benign,1086,83.14728682170542
Benign,1087,93.83333333333333
Benign,1088,99.82170542635659
Benign,1089,79.75193798449612
Benign,1090,89.96124031007751
Benign,1091,89.94767441860465
Benign,1092,80.59108527131782
Benign,1093,86.9515503875969
Benign,1094,82.19186046511628
Benign,1095,83.73062015503876
Benign,1096,84.84883720930233
Benign,1097,89.88178294573643
Benign,1098,77.88372093023256
Benign,1099,90.71511627906976
Benign,1100,95.21124031007751
Benign,1101,80.0
Benign,1102,88.07751937984496
Benign,1103,94.6608527131783
Benign,1104,87.37403100775194
Benign,1105,93.36046511627907
Benign,1106,93.5077519379845
Benign,1107,80.63953488372093
Benign,1108,84.1375968992248
Benign,1109,78.92248062015504
Benign,1110,86.66279069767442
Benign,1111,89.1375968992248
Benign,1112,101.62984496124031
Benign,1113,86.06201550387597
Benign,1114,89.89922480620154
Benign,1115,87.69573643410853
Benign,1116,81.51937984496124
Benign,1117,81.76356589147287
Benign,1118,77.12790697674419
Benign,1119,76.76550387596899
Benign,1120,90.02713178294573
Benign,1121,85.96899224806202
Benign,1122,88.70736434108527
Benign,1123,87.18992248062015
Benign,1124,93.9186046511628
Benign,1125,88.43798449612403
Benign,1126,89.85077519379846
Benign,1127,86.65503875968992
Benign,1128,72.32170542635659
Benign,1129,82.06976744186046
Benign,1130,87.62984496124031
Benign,1131,75.31395348837209
Benign,1132,84.5077519379845
Benign,1133,87.17829457364341
Benign,1134,85.05232558139535
Benign,1135,78.98255813953489
Benign,1136,84.99612403100775
Benign,1137,89.00387596899225
Benign,1138,82.52131782945736
Benign,1139,81.11627906976744
Benign,1140,93.70348837209302
Benign,1141,83.23643410852713
Benign,1142,84.17248062015504
Benign,1143,85.4108527131783
Benign,1144,83.83720930232558
Benign,1145,83.68798449612403
Benign,1146,87.0484496124031
Benign,1147,81.21705426356588
Benign,1148,89.45348837209302
Benign,1149,97.85658914728683
Benign,1150,88.8624031007752
Benign,1151,86.63953488372093
Benign,1152,76.43992248062015
Benign,1153,86.74031007751938
Benign,1154,78.11434108527132
Benign,1155,113.44186046511628
Benign,1156,84.93604651162791
Benign,1157,83.46899224806202
Benign,1158,82.16472868217055
Benign,1159,83.46899224806202
Benign,1160,80.28875968992249
Benign,1161,79.10852713178295
Benign,1162,84.2248062015504
Benign,1163,86.48062015503876
Benign,1164,95.50581395348837
Benign,1165,100.9922480620155
Benign,1166,78.50581395348837
Benign,1167,85.8624031007752
Benign,1168,84.9922480620155
Benign,1169,87.73837209302326
Benign,1170,91.70542635658914
Benign,1171,81.95348837209302
Benign,1172,91.0891472868217
Benign,1173,76.08720930232558
Benign,1174,91.48643410852713
Benign,1175,80.94961240310077
Benign,1176,85.15697674418605
Benign,1177,82.99806201550388
Benign,1178,91.42441860465117
Benign,1179,87.29069767441861
Benign,1180,92.98062015503876
Benign,1181,87.01162790697674
Benign,1182,91.9186046511628
Benign,1183,73.28875968992249
Benign,1184,83.4748062015504
Benign,1185,85.22674418604652
Benign,1186,89.83333333333333
Benign,1187,83.20930232558139
Benign,1188,82.74806201550388
Benign,1189,88.96511627906976
Benign,1190,75.07558139534883
Benign,1191,92.50581395348837
Benign,1192,88.11434108527132
Benign,1193,88.03682170542636
Benign,1194,84.78100775193798
Benign,1195,81.78488372093024
Benign,1196,84.5813953488372
Benign,1197,83.76937984496124
Benign,1198,82.18410852713178
Benign,1199,91.4922480620155
Benign,1200,80.66666666666667
Benign,1201,96.01162790697674
Benign,1202,97.73255813953489
Benign,1203,74.76356589147287
Benign,1204,94.05426356589147
Benign,1205,83.09883720930233
Benign,1206,86.3875968992248
Benign,1207,92.06976744186046
Benign,1208,80.17054263565892
Benign,1209,99.06007751937985
Benign,1210,99.3062015503876
Benign,1211,95.84108527131782
Benign,1212,95.38565891472868
Benign,1213,88.1686046511628
Benign,1214,79.65310077519379
Benign,1215,80.52713178294573
Benign,1216,89.57170542635659
Benign,1217,83.21124031007751
Benign,1218,102.47674418604652
Benign,1219,97.7422480620155
Benign,1220,85.6124031007752
Benign,1221,89.48255813953489
Benign,1222,100.48643410852713
Benign,1223,73.16666666666667
Benign,1224,88.46899224806202
Benign,1225,91.52906976744185
Benign,1226,83.15891472868218
Benign,1227,88.47286821705427
Benign,1228,79.56589147286822
Benign,1229,78.10271317829458
Benign,1230,85.6046511627907
Benign,1231,86.73062015503876
Benign,1232,75.49031007751938
Benign,1233,92.76744186046511
Benign,1234,80.27713178294573
Benign,1235,75.4748062015504
Benign,1236,90.1608527131783
Benign,1237,80.05038759689923
Benign,1238,83.34883720930233
Benign,1239,79.69767441860465
Benign,1240,94.03100775193798
Benign,1241,80.08527131782945
Benign,1242,84.90697674418605
Benign,1243,86.82558139534883
Benign,1244,85.76356589147287
Benign,1245,89.85077519379846
Benign,1246,80.65891472868218
Benign,1247,89.51550387596899
Benign,1248,88.00193798449612
Benign,1249,91.02713178294573
Benign,1250,81.47286821705427
Benign,1251,87.72286821705427
Benign,1252,84.97286821705427
Benign,1253,89.06976744186046
Benign,1254,92.65697674418605
Benign,1255,87.0813953488372
Benign,1256,83.0891472868217
Benign,1257,80.29069767441861
Benign,1258,79.5562015503876
Benign,1259,84.03488372093024
Benign,1260,78.73062015503876
Benign,1261,89.82945736434108
Benign,1262,86.48837209302326
Benign,1263,83.5484496124031
Benign,1264,84.00581395348837
Benign,1265,82.75968992248062
Benign,1266,91.02713178294573
Benign,1267,87.30426356589147
Benign,1268,85.05038759689923
Benign,1269,87.03100775193798
Benign,1270,85.71124031007751
Benign,1271,88.7984496124031
Benign,1272,82.23837209302326
Benign,1273,89.63565891472868
Benign,1274,84.44186046511628
Benign,1275,82.53682170542636
Benign,1276,91.47286821705427
Benign,1277,95.43992248062015
Benign,1278,95.18217054263566
Benign,1279,79.74612403100775
Benign,1280,92.95930232558139
Benign,1281,89.74806201550388
Benign,1282,87.1686046511628
Benign,1283,78.61627906976744
Benign,1284,91.40697674418605
Benign,1285,92.76356589147287
Benign,1286,80.82558139534883
Benign,1287,72.13372093023256
Benign,1288,81.12596899224806
Benign,1289,86.20930232558139
Benign,1290,85.50193798449612
Benign,1291,95.93410852713178
Benign,1292,78.9922480620155
Benign,1293,97.24031007751938
Benign,1294,83.68023255813954
Benign,1295,91.71899224806202
Benign,1296,85.3624031007752
Benign,1297,90.40697674418605
Benign,1298,97.31395348837209
Benign,1299,89.09108527131782
Benign,1300,88.22093023255815
Benign,1301,85.92635658914729
Benign,1302,83.31976744186046
Benign,1303,98.98643410852713
Benign,1304,96.80038759689923
Benign,1305,76.91472868217055
Benign,1306,89.1046511627907
Benign,1307,90.29457364341086
Benign,1308,91.36627906976744
Benign,1309,69.58720930232558
Benign,1310,76.44767441860465
Benign,1311,89.09302325581395
Benign,1312,89.51356589147287
Benign,1313,78.92441860465117
Benign,1314,84.20542635658914
Benign,1315,87.95930232558139
Benign,1316,84.31589147286822
Benign,1317,85.07170542635659
Benign,1318,80.55038759689923
Benign,1319,85.18023255813954
Benign,1320,92.7015503875969
Benign,1321,79.98255813953489
Benign,1322,80.78100775193798
Benign,1323,89.72674418604652
Benign,1324,83.61821705426357
Benign,1325,95.55232558139535
Benign,1326,75.14341085271317
Benign,1327,82.57558139534883
Benign,1328,83.56782945736434
Benign,1329,93.8875968992248
Benign,1330,79.9437984496124
Benign,1331,88.07558139534883
Benign,1332,78.15503875968992
Benign,1333,83.28294573643412
Benign,1334,87.22674418604652
Benign,1335,86.8953488372093
Benign,1336,88.77906976744185
Benign,1337,86.55813953488372
Benign,1338,81.98255813953489
Benign,1339,81.29457364341086
Benign,1340,77.46899224806202
Benign,1341,102.01550387596899
Benign,1342,93.2984496124031
Benign,1343,86.05426356589147
Benign,1344,87.11046511627907
Benign,1345,91.45736434108527
Benign,1346,85.61821705426357
Benign,1347,80.99806201550388
Benign,1348,79.65310077519379
Benign,1349,83.31976744186046
Benign,1350,86.03100775193798
Benign,1351,87.8313953488372
Benign,1352,83.74031007751938
Benign,1353,83.68410852713178
Benign,1354,86.7984496124031
Benign,1355,84.23062015503876
Benign,1356,85.1608527131783
Benign,1357,87.92054263565892
Benign,1358,80.87403100775194
Benign,1359,73.3624031007752
Benign,1360,78.98643410852713
Benign,1361,76.69573643410853
Benign,1362,80.1124031007752
Benign,1363,80.97868217054264
Benign,1364,91.39728682170542
Benign,1365,89.35077519379846
Benign,1366,82.98449612403101
Benign,1367,87.43217054263566
Benign,1368,90.01550387596899
Benign,1369,90.10077519379846
Benign,1370,86.85852713178295
Benign,1371,98.42635658914729
Benign,1372,85.6375968992248
Benign,1373,78.74806201550388
Benign,1374,86.30426356589147
Benign,1375,84.65697674418605
Benign,1376,102.36046511627907
Benign,1377,77.19961240310077
Benign,1378,83.8624031007752
Benign,1379,83.86434108527132
Benign,1380,83.2577519379845
Benign,1381,90.8953488372093
Benign,1382,85.31201550387597
Benign,1383,89.25387596899225
Benign,1384,83.37596899224806
Benign,1385,92.47286821705427
Benign,1386,91.66279069767442
Benign,1387,80.68604651162791
Benign,1388,96.12403100775194
Benign,1389,101.20542635658914
Benign,1390,80.22093023255815
Benign,1391,96.10271317829458
Benign,1392,84.7751937984496
Benign,1393,92.20348837209302
Benign,1394,79.6686046511628
Benign,1395,84.8313953488372
Benign,1396,95.3391472868217
Benign,1397,83.28294573643412
Benign,1398,84.34689922480621
Benign,1399,98.55426356589147
Benign,1400,75.65503875968992
Benign,1401,81.29457364341086
Benign,1402,87.84302325581395
Benign,1403,84.98062015503876
Benign,1404,85.94961240310077
Benign,1405,92.07364341085271
Benign,1406,96.21511627906976
Benign,1407,87.48643410852713
Benign,1408,78.30813953488372
Benign,1409,83.16472868217055
Benign,1410,91.31976744186046
Benign,1411,86.89728682170542
Benign,1412,78.96511627906976
Benign,1413,87.95736434108527
Benign,1414,80.6608527131783
Benign,1415,80.98837209302326
Benign,1416,80.54263565891473
Benign,1417,80.49612403100775
Benign,1418,77.72868217054264
Benign,1419,93.66472868217055
Benign,1420,84.13372093023256
Benign,1421,76.99612403100775
Benign,1422,78.03875968992249
Benign,1423,91.63565891472868
Benign,1424,84.40116279069767
Benign,1425,78.56782945736434
Benign,1426,83.7751937984496
Benign,1427,81.84496124031008
Benign,1428,90.94961240310077
Benign,1429,97.18798449612403
Benign,1430,83.06589147286822
Benign,1431,77.67441860465117
Benign,1432,84.23643410852713
Benign,1433,79.92829457364341
Benign,1434,85.31976744186046
Benign,1435,76.9922480620155
Benign,1436,87.90697674418605
Benign,1437,87.43217054263566
Benign,1438,84.92054263565892
Benign,1439,89.98449612403101
Benign,1440,89.57364341085271
Benign,1441,80.58333333333333
Benign,1442,76.23062015503876
Benign,1443,91.31201550387597
Benign,1444,84.33720930232558
Benign,1445,87.22868217054264
Benign,1446,84.86627906976744
Benign,1447,91.85658914728683
Benign,1448,65.13372093023256
Benign,1449,82.45542635658914
Benign,1450,80.93992248062015
Benign,1451,84.23837209302326
Benign,1452,78.01356589147287
Benign,1453,89.77906976744185
Benign,1454,88.6375968992248
Benign,1455,74.91666666666667
Benign,1456,77.90116279069767
Benign,1457,75.05038759689923
Benign,1458,81.18604651162791
Benign,1459,81.38953488372093
Benign,1460,88.74031007751938
Benign,1461,93.76744186046511
Benign,1462,77.85271317829458
Benign,1463,78.29651162790698
Benign,1464,80.56976744186046
Benign,1465,76.8391472868217
Benign,1466,92.76550387596899
Benign,1467,84.73255813953489
Benign,1468,85.75968992248062
Benign,1469,88.68798449612403
Benign,1470,87.10271317829458
Benign,1471,87.97093023255815
Benign,1472,88.87790697674419
Benign,1473,77.09496124031008
Benign,1474,87.65310077519379
Benign,1475,78.97674418604652
Benign,1476,89.5813953488372
Benign,1477,82.83527131782945
Benign,1478,89.33333333333333
Benign,1479,71.15891472868218
Benign,1480,79.12790697674419
Benign,1481,91.71317829457364
Benign,1482,94.23449612403101
Benign,1483,91.02325581395348
Benign,1484,74.82364341085271
Benign,1485,87.05426356589147
Benign,1486,92.95348837209302
Benign,1487,100.3624031007752
Benign,1488,96.49806201550388
Benign,1489,80.55426356589147
Benign,1490,85.8875968992248
Benign,1491,87.95930232558139
Benign,1492,86.73643410852713
Benign,1493,86.72286821705427
Benign,1494,72.14341085271317
Benign,1495,86.71899224806202
Benign,1496,92.8546511627907
Benign,1497,83.10852713178295
Benign,1498,90.69961240310077
Benign,1499,84.51937984496124
Benign,1500,83.5813953488372
Benign,1501,86.20930232558139
Benign,1502,91.17248062015504
Benign,1503,77.5813953488372
Benign,1504,78.39147286821705
Benign,1505,84.63565891472868
Benign,1506,77.4922480620155
Benign,1507,78.19186046511628
Benign,1508,79.05426356589147
Benign,1509,88.42054263565892
Benign,1510,86.62790697674419
Benign,1511,76.26356589147287
Benign,1512,75.57170542635659
Benign,1513,79.97674418604652
Benign,1514,84.88953488372093
Benign,1515,79.66279069767442
Benign,1516,78.44961240310077
Benign,1517,75.7751937984496
Benign,1518,87.1453488372093
Benign,1519,87.87596899224806
Benign,1520,95.56007751937985
Benign,1521,80.34302325581395
Benign,1522,85.84883720930233
Benign,1523,77.96511627906976
Benign,1524,78.04651162790698
Benign,1525,87.83527131782945
Benign,1526,78.43798449612403
Benign,1527,77.38178294573643
Benign,1528,94.47286821705427
Benign,1529,80.38178294573643
Benign,1530,84.94186046511628
Benign,1531,98.09302325581395
Benign,1532,86.79069767441861
Benign,1533,87.32364341085271
Benign,1534,85.15503875968992
Benign,1535,71.80232558139535
Benign,1536,87.67635658914729
Benign,1537,88.52131782945736
Benign,1538,82.82751937984496
Benign,1539,100.21124031007751
Benign,1540,90.89922480620154
Benign,1541,82.87596899224806
Benign,1542,86.62209302325581
Benign,1543,83.4748062015504
Benign,1544,86.70542635658914
Benign,1545,91.38565891472868
Benign,1546,97.21317829457364
Benign,1547,95.65891472868218
Benign,1548,80.21705426356588
Benign,1549,80.47868217054264
Benign,1550,90.41472868217055
Benign,1551,88.18992248062015
Benign,1552,88.95348837209302
Benign,1553,75.14922480620154
Benign,1554,81.43217054263566
Benign,1555,79.2984496124031
Benign,1556,83.06201550387597
Benign,1557,94.03875968992249
Benign,1558,87.11046511627907
Benign,1559,92.02906976744185
Benign,1560,91.8875968992248
Benign,1561,72.17829457364341
Benign,1562,81.49612403100775
Benign,1563,81.71899224806202
Benign,1564,88.62209302325581
Benign,1565,87.12790697674419
Benign,1566,84.29069767441861
Benign,1567,77.68604651162791
Benign,1568,89.80813953488372
Benign,1569,84.09883720930233
Benign,1570,82.8313953488372
Benign,1571,85.76744186046511
Benign,1572,89.61046511627907
Benign,1573,85.71124031007751
Benign,1574,87.12984496124031
Benign,1575,83.60658914728683
Benign,1576,74.45542635658914
Benign,1577,87.24806201550388
Benign,1578,81.75968992248062
Benign,1579,88.75
Benign,1580,91.04457364341086
Benign,1581,81.10852713178295
Benign,1582,91.55232558139535
Benign,1583,78.67054263565892
Benign,1584,85.86046511627907
Benign,1585,89.31782945736434
Benign,1586,82.62596899224806
Benign,1587,84.55038759689923
Benign,1588,86.2248062015504
Benign,1589,89.58720930232558
Benign,1590,87.68604651162791
Benign,1591,88.05813953488372
Benign,1592,76.68992248062015
Benign,1593,84.57751937984496
Benign,1594,90.24418604651163
Benign,1595,74.87209302325581
Benign,1596,87.58333333333333
Benign,1597,82.81395348837209
Benign,1598,88.97674418604652
Benign,1599,75.85077519379846
Benign,1600,92.56007751937985
Benign,1601,98.04457364341086
Benign,1602,83.56589147286822
Benign,1603,73.57751937984496
Benign,1604,88.74612403100775
Benign,1605,71.21705426356588
Benign,1606,79.78100775193798
Benign,1607,85.67829457364341
Benign,1608,91.62403100775194
Benign,1609,84.09108527131782
Benign,1610,95.59689922480621
Benign,1611,89.46317829457364
Benign,1612,78.70736434108527
Benign,1613,81.62596899224806
Benign,1614,83.45348837209302
Benign,1615,70.78294573643412
Benign,1616,81.53294573643412
Benign,1617,84.04069767441861
Benign,1618,83.56589147286822
Benign,1619,87.9437984496124
Benign,1620,88.72093023255815
Benign,1621,82.37209302325581
Benign,1622,82.47093023255815
Benign,1623,76.88372093023256
Benign,1624,90.51356589147287
Benign,1625,77.75193798449612
Benign,1626,93.81976744186046
Benign,1627,86.79263565891473
Benign,1628,84.79069767441861
Benign,1629,73.71511627906976
Benign,1630,84.74612403100775
Benign,1631,82.74612403100775
Benign,1632,90.01356589147287
Benign,1633,96.8313953488372
Benign,1634,84.42054263565892
Benign,1635,81.32751937984496
Benign,1636,79.7751937984496
Benign,1637,89.29457364341086
Benign,1638,85.17635658914729
Benign,1639,82.56201550387597
Benign,1640,75.4748062015504
Benign,1641,78.95542635658914
Benign,1642,100.95930232558139
Benign,1643,74.82558139534883
Benign,1644,91.56976744186046
Benign,1645,75.46124031007751
Benign,1646,82.0562015503876
Benign,1647,86.75
Benign,1648,80.88953488372093
Benign,1649,81.1453488372093
Benign,1650,92.46899224806202
Benign,1651,94.35077519379846
Benign,1652,83.20348837209302
Benign,1653,83.17441860465117
Benign,1654,82.67829457364341
Benign,1655,81.7984496124031
Benign,1656,85.80232558139535
Benign,1657,92.51937984496124
Benign,1658,87.40116279069767
Benign,1659,88.13565891472868
Benign,1660,82.79069767441861
Benign,1661,77.3391472868217
Benign,1662,79.43217054263566
Benign,1663,83.76550387596899
Benign,1664,78.07170542635659
Benign,1665,100.30813953488372
Benign,1666,79.29457364341086
Benign,1667,80.90116279069767
Benign,1668,86.96899224806202
Benign,1669,85.98062015503876
Benign,1670,97.08333333333333
Benign,1671,88.35271317829458
Benign,1672,92.30038759689923
Benign,1673,81.01744186046511
Benign,1674,81.12984496124031
Benign,1675,80.07945736434108
Benign,1676,89.33527131782945
Benign,1677,82.52325581395348
Benign,1678,90.09883720930233
Benign,1679,75.14147286821705
Benign,1680,84.07751937984496
Benign,1681,90.36627906976744
Benign,1682,84.85271317829458
Benign,1683,76.05232558139535
Benign,1684,76.53100775193798
Benign,1685,78.21899224806202
Benign,1686,81.51356589147287
Benign,1687,78.0484496124031
Benign,1688,82.78875968992249
Benign,1689,68.98449612403101
Benign,1690,74.22093023255815
Benign,1691,76.59689922480621
Benign,1692,79.19573643410853
Benign,1693,82.10077519379846
Benign,1694,91.8953488372093
Benign,1695,82.62209302325581
Benign,1696,77.73062015503876
Benign,1697,84.20348837209302
Benign,1698,78.21124031007751
Benign,1699,85.7577519379845
Benign,1700,103.53488372093024
Benign,1701,82.45348837209302
Benign,1702,82.22868217054264
Benign,1703,96.30038759689923
Benign,1704,89.65697674418605
Benign,1705,80.48255813953489
Benign,1706,82.47868217054264
Benign,1707,74.65697674418605
Benign,1708,83.07751937984496
Benign,1709,85.22674418604652
Benign,1710,89.74031007751938
Benign,1711,81.23062015503876
Benign,1712,91.28875968992249
Benign,1713,87.69186046511628
Benign,1714,100.37596899224806
Benign,1715,81.48255813953489
Benign,1716,86.59302325581395
Benign,1717,86.13178294573643
Benign,1718,81.09496124031008
Benign,1719,87.25968992248062
Benign,1720,100.87015503875969
Benign,1721,91.41472868217055
Benign,1722,93.25387596899225
Benign,1723,87.75968992248062
Benign,1724,86.71705426356588
Benign,1725,76.81007751937985
Benign,1726,97.62403100775194
Benign,1727,83.68992248062015
Benign,1728,82.88178294573643
Benign,1729,84.0891472868217
Benign,1730,92.34496124031008
Benign,1731,80.67054263565892
Benign,1732,96.48837209302326
Benign,1733,75.77325581395348
Benign,1734,85.23643410852713
Benign,1735,87.53294573643412
Benign,1736,86.65891472868218
Benign,1737,81.78682170542636
Benign,1738,87.61434108527132
Benign,1739,86.0
Benign,1740,82.51744186046511
Benign,1741,76.61821705426357
Benign,1742,83.54263565891473
Benign,1743,87.78100775193798
Benign,1744,92.20542635658914
Benign,1745,88.23449612403101
Benign,1746,87.92829457364341
Benign,1747,87.23255813953489
Benign,1748,89.56395348837209
Benign,1749,95.24031007751938
Benign,1750,83.2015503875969
Benign,1751,96.63953488372093
Benign,1752,85.15697674418605
Benign,1753,84.59496124031008
Benign,1754,81.59302325581395
Benign,1755,81.68217054263566
Benign,1756,88.32170542635659
Benign,1757,87.22093023255815
Benign,1758,80.56782945736434
Benign,1759,92.05426356589147
Benign,1760,87.40503875968992
Benign,1761,70.55038759689923
Benign,1762,81.93410852713178
Benign,1763,80.40503875968992
Benign,1764,79.99418604651163
Benign,1765,94.77906976744185
Benign,1766,84.05038759689923
Benign,1767,79.29069767441861
Benign,1768,87.01937984496124
Benign,1769,86.28488372093024
Benign,1770,80.05232558139535
Benign,1771,82.40116279069767
Benign,1772,74.81395348837209
Benign,1773,82.77131782945736
Benign,1774,86.30426356589147
Benign,1775,87.26744186046511
Benign,1776,95.14341085271317
Benign,1777,88.66472868217055
Benign,1778,79.62403100775194
Benign,1779,83.24418604651163
Benign,1780,97.42054263565892
Benign,1781,91.92441860465117
Benign,1782,89.3624031007752
Benign,1783,77.76744186046511
Benign,1784,78.68217054263566
Benign,1785,80.68217054263566
Benign,1786,90.21511627906976
Benign,1787,89.71511627906976
Benign,1788,86.81782945736434
Benign,1789,94.85852713178295
Benign,1790,86.37209302325581
Benign,1791,85.67248062015504
Benign,1792,75.98837209302326
Benign,1793,75.44186046511628
Benign,1794,86.17441860465117
Benign,1795,89.3391472868217
Benign,1796,75.36434108527132
Benign,1797,79.56201550387597
Benign,1798,91.26744186046511
Benign,1799,87.29263565891473
Benign,1800,88.40310077519379
Benign,1801,75.77131782945736
Benign,1802,82.17635658914729
Benign,1803,84.36627906976744
Benign,1804,81.35852713178295
Benign,1805,82.6608527131783
Benign,1806,88.04069767441861
Benign,1807,80.3391472868217
Benign,1808,87.63565891472868
Benign,1809,95.76162790697674
Benign,1810,93.64922480620154
Benign,1811,86.46317829457364
Benign,1812,83.46317829457364
Benign,1813,95.73643410852713
Benign,1814,85.94767441860465
Benign,1815,88.49031007751938
Benign,1816,85.76937984496124
Benign,1817,80.9922480620155
Benign,1818,85.43023255813954
Benign,1819,89.25581395348837
Benign,1820,94.46705426356588
Benign,1821,87.37015503875969
Benign,1822,92.41279069767442
Benign,1823,88.18023255813954
Benign,1824,99.37015503875969
Benign,1825,88.20930232558139
Benign,1826,95.0
Benign,1827,82.86046511627907
Benign,1828,87.56201550387597
Benign,1829,79.09108527131782
Benign,1830,85.38953488372093
Benign,1831,90.8624031007752
Benign,1832,94.86821705426357
Benign,1833,79.93217054263566
Benign,1834,92.7984496124031
Benign,1835,72.18023255813954
Benign,1836,83.71511627906976
Benign,1837,80.19573643410853
Benign,1838,84.31007751937985
Benign,1839,71.19961240310077
Benign,1840,79.45348837209302
Benign,1841,87.43217054263566
Benign,1842,93.06395348837209
Benign,1843,90.57558139534883
Benign,1844,87.25968992248062
Benign,1845,80.28875968992249
Benign,1846,76.28100775193798
Benign,1847,89.90116279069767
Benign,1848,85.14728682170542
Benign,1849,91.52713178294573
Benign,1850,90.68992248062015
Benign,1851,83.07364341085271
Benign,1852,84.20930232558139
Benign,1853,91.44573643410853
Benign,1854,83.38565891472868
Benign,1855,90.82751937984496
Benign,1856,80.85077519379846
Benign,1857,84.16279069767442
Benign,1858,83.06589147286822
Benign,1859,84.51356589147287
Benign,1860,82.92441860465117
Benign,1861,91.23449612403101
Benign,1862,83.90891472868218
Benign,1863,82.27131782945736
Benign,1864,94.21124031007751
Benign,1865,85.10658914728683
Benign,1866,87.09302325581395
Benign,1867,82.28682170542636
Benign,1868,91.52325581395348
Benign,1869,76.00581395348837
Benign,1870,87.5813953488372
Benign,1871,95.73062015503876
Benign,1872,86.48062015503876
Benign,1873,74.40891472868218
Benign,1874,76.98837209302326
Benign,1875,89.94186046511628
Benign,1876,82.44186046511628
Benign,1877,85.48449612403101
Benign,1878,80.14147286821705
Benign,1879,89.12403100775194
Benign,1880,92.68604651162791
Benign,1881,83.44961240310077
Benign,1882,85.67054263565892
Benign,1883,98.07364341085271
Benign,1884,86.69573643410853
Benign,1885,86.89728682170542
Benign,1886,75.46705426356588
Benign,1887,91.80038759689923
Benign,1888,89.73837209302326
Benign,1889,81.48643410852713
Benign,1890,83.96705426356588
Benign,1891,74.18410852713178
Benign,1892,83.33527131782945
Benign,1893,76.96511627906976
Benign,1894,85.2248062015504
Benign,1895,86.51550387596899
Benign,1896,85.12790697674419
Benign,1897,81.56589147286822
Benign,1898,100.17248062015504
Benign,1899,87.68410852713178
Benign,1900,90.12403100775194
Benign,1901,91.30426356589147
Benign,1902,77.18217054263566
Benign,1903,91.52713178294573
Benign,1904,87.29651162790698
Benign,1905,85.09302325581395
Benign,1906,82.12596899224806
Benign,1907,107.5891472868217
Benign,1908,89.68798449612403
Benign,1909,71.6686046511628
Benign,1910,79.16666666666667
Benign,1911,78.53100775193798
Benign,1912,91.6608527131783
Benign,1913,81.55038759689923
Benign,1914,92.10852713178295
Benign,1915,78.26162790697674
Benign,1916,86.43410852713178
Benign,1917,74.1686046511628
Benign,1918,84.32364341085271
Benign,1919,80.26744186046511
Benign,1920,79.42248062015504
Benign,1921,84.8624031007752
Benign,1922,83.82364341085271
Benign,1923,88.95348837209302
Benign,1924,91.34108527131782
Benign,1925,83.97093023255815
Benign,1926,84.56201550387597
Benign,1927,94.0
Benign,1928,82.0813953488372
Benign,1929,85.19573643410853
Benign,1930,88.74418604651163
Benign,1931,91.95542635658914
Benign,1932,82.97868217054264
Benign,1933,76.38953488372093
Benign,1934,81.75968992248062
Benign,1935,84.56976744186046
Benign,1936,84.17829457364341
Benign,1937,92.5484496124031
Benign,1938,80.58720930232558
Benign,1939,76.47093023255815
Benign,1940,78.09302325581395
Benign,1941,96.48062015503876
Benign,1942,93.27131782945736
Benign,1943,91.26356589147287
Benign,1944,84.47286821705427
Benign,1945,69.45930232558139
Benign,1946,85.40891472868218
Benign,1947,80.23062015503876
Benign,1948,77.41666666666667
Benign,1949,81.0077519379845
Benign,1950,85.02713178294573
Benign,1951,90.58527131782945
Benign,1952,73.88372093023256
Benign,1953,89.45930232558139
Benign,1954,86.50581395348837
Benign,1955,85.1375968992248
Benign,1956,85.97093023255815
Benign,1957,96.73062015503876
Benign,1958,77.36434108527132
Benign,1959,82.95736434108527
Benign,1960,89.76550387596899
Benign,1961,95.28875968992249
Benign,1962,83.57170542635659
Benign,1963,77.25193798449612
Benign,1964,89.32751937984496
Benign,1965,89.23643410852713
Benign,1966,92.37790697674419
Benign,1967,85.64922480620154
Benign,1968,91.6046511627907
Benign,1969,87.5251937984496
Benign,1970,89.56007751937985
Benign,1971,91.70736434108527
Benign,1972,77.04263565891473
Benign,1973,88.99806201550388
Benign,1974,83.85077519379846
Benign,1975,92.19573643410853
Benign,1976,85.64341085271317
Benign,1977,77.94767441860465
Benign,1978,97.38953488372093
Benign,1979,88.93604651162791
Benign,1980,85.37015503875969
Benign,1981,85.50968992248062
Benign,1982,84.35658914728683
Benign,1983,89.33527131782945
Benign,1984,90.3875968992248
Benign,1985,89.75968992248062
Benign,1986,89.60271317829458
Benign,1987,83.3546511627907
Benign,1988,83.74031007751938
Benign,1989,87.27713178294573
Benign,1990,89.39147286821705
Benign,1991,90.2751937984496
Benign,1992,84.41666666666667
Benign,1993,94.23062015503876
Benign,1994,82.48643410852713
Benign,1995,91.43410852713178
Benign,1996,86.70736434108527
Benign,1997,78.43604651162791
Benign,1998,103.44573643410853
Benign,1999,91.97286821705427
Benign,2000,88.52906976744185
Benign,2001,90.25968992248062
Benign,2002,79.9437984496124
Benign,2003,88.6453488372093
Benign,2004,75.9186046511628
Benign,2005,93.34108527131782
Benign,2006,79.5484496124031
Benign,2007,86.51162790697674
Benign,2008,86.3546511627907
Benign,2009,82.15891472868218
Benign,2010,96.98643410852713
Benign,2011,101.61046511627907
Benign,2012,88.39341085271317
Benign,2013,76.25
Benign,2014,77.29651162790698
Benign,2015,89.70930232558139
Benign,2016,86.58333333333333
Benign,2017,96.94961240310077
Benign,2018,78.45930232558139
Benign,2019,81.63953488372093
Benign,2020,84.6686046511628
Benign,2021,88.98449612403101
Benign,2022,81.2984496124031
Benign,2023,85.15116279069767
Benign,2024,87.96705426356588
Benign,2025,88.70736434108527
Benign,2026,78.07558139534883
Benign,2027,93.6046511627907
Benign,2028,75.28875968992249
Benign,2029,81.42441860465117
Benign,2030,93.85658914728683
Benign,2031,96.01744186046511
Benign,2032,90.29457364341086
Benign,2033,98.21124031007751
Benign,2034,75.15697674418605
Benign,2035,84.12790697674419
Benign,2036,93.30813953488372
Benign,2037,96.50581395348837
Benign,2038,88.45930232558139
Benign,2039,78.58720930232558
Benign,2040,81.53682170542636
Benign,2041,86.70930232558139
Benign,2042,89.24031007751938
Benign,2043,95.83720930232558
Benign,2044,82.92441860465117
Benign,2045,76.91279069767442
Benign,2046,90.94767441860465
Benign,2047,83.28100775193798
Benign,2048,81.03682170542636
Benign,2049,93.51744186046511
Benign,2050,77.46511627906976
Benign,2051,94.68023255813954
Benign,2052,80.86434108527132
Benign,2053,82.21317829457364
Benign,2054,79.61821705426357
Benign,2055,82.67054263565892
Benign,2056,85.30813953488372
Benign,2057,80.15310077519379
Benign,2058,91.81395348837209
Benign,2059,81.53875968992249
Benign,2060,78.77325581395348
Benign,2061,85.02906976744185
Benign,2062,80.42441860465117
Benign,2063,85.88178294573643
Benign,2064,85.49612403100775
Benign,2065,78.4186046511628
Benign,2066,89.41666666666667
Benign,2067,76.55038759689923
Benign,2068,94.7015503875969
Benign,2069,84.42635658914729
Benign,2070,82.7422480620155
Benign,2071,96.90503875968992
Benign,2072,79.57751937984496
Benign,2073,82.32751937984496
Benign,2074,87.90116279069767
Benign,2075,83.9108527131783
Benign,2076,98.99612403100775
Benign,2077,90.32558139534883
Benign,2078,88.63178294573643
Benign,2079,82.36821705426357
Benign,2080,96.43992248062015
Benign,2081,88.00193798449612
Benign,2082,92.92248062015504
Benign,2083,99.82170542635659
Benign,2084,88.55813953488372
Benign,2085,88.36821705426357
Benign,2086,91.77713178294573
Benign,2087,96.74031007751938
Benign,2088,83.38565891472868
Benign,2089,84.05232558139535
Benign,2090,79.03682170542636
Benign,2091,93.94767441860465
Benign,2092,94.83720930232558
Benign,2093,81.71705426356588
Benign,2094,89.76356589147287
Benign,2095,82.28100775193798
Benign,2096,97.3624031007752
Benign,2097,81.2248062015504
Benign,2098,95.09108527131782
Benign,2099,81.02131782945736
Benign,2100,88.98643410852713
Benign,2101,88.7984496124031
Benign,2102,84.0562015503876
Benign,2103,82.7577519379845
Benign,2104,86.12984496124031
Benign,2105,84.5251937984496
Benign,2106,82.47286821705427
Benign,2107,89.19767441860465
Benign,2108,86.15503875968992
Benign,2109,85.96317829457364
Benign,2110,91.85077519379846
Benign,2111,78.15116279069767
Benign,2112,91.84108527131782
Benign,2113,79.11046511627907
Benign,2114,86.63372093023256
Benign,2115,92.98643410852713
Benign,2116,87.25581395348837
Benign,2117,80.19961240310077
Benign,2118,91.93023255813954
Benign,2119,107.21705426356588
Benign,2120,92.22093023255815
Benign,2121,87.96124031007751
Benign,2122,87.58720930232558
Benign,2123,77.53875968992249
Benign,2124,84.31395348837209
Benign,2125,102.32945736434108
Benign,2126,82.71899224806202
Benign,2127,82.83333333333333
Benign,2128,85.96899224806202
Benign,2129,81.94767441860465
Benign,2130,77.96124031007751
Benign,2131,86.09108527131782
Benign,2132,89.33720930232558
Benign,2133,84.76356589147287
Benign,2134,90.93604651162791
Benign,2135,91.3391472868217
Benign,2136,83.8313953488372
Benign,2137,79.70736434108527
Benign,2138,88.43217054263566
Benign,2139,80.72093023255815
Benign,2140,83.83333333333333
Benign,2141,90.51744186046511
Benign,2142,87.87403100775194
Benign,2143,101.67829457364341
Benign,2144,92.46124031007751
Benign,2145,79.48643410852713
Benign,2146,86.06589147286822
Benign,2147,92.95348837209302
Benign,2148,85.45542635658914
Benign,2149,85.28875968992249
Benign,2150,91.09302325581395
Benign,2151,91.00581395348837
Benign,2152,94.84108527131782
Benign,2153,79.76744186046511
Benign,2154,82.40116279069767
Benign,2155,76.46124031007751
Benign,2156,99.43798449612403
Benign,2157,82.24612403100775
Benign,2158,81.32364341085271
Benign,2159,80.54069767441861
Benign,2160,88.54457364341086
Benign,2161,69.31976744186046
Benign,2162,84.66472868217055
Benign,2163,70.35852713178295
Benign,2164,69.70930232558139
Benign,2165,73.72674418604652
Benign,2166,89.62015503875969
Benign,2167,80.77325581395348
Benign,2168,76.96899224806202
Benign,2169,84.74806201550388
Benign,2170,90.43604651162791
Benign,2171,88.43217054263566
Benign,2172,84.04651162790698
Benign,2173,79.6937984496124
Benign,2174,90.14728682170542
Benign,2175,88.59496124031008
Benign,2176,80.15697674418605
Benign,2177,89.1124031007752
Benign,2178,83.11046511627907
Benign,2179,78.40503875968992
Benign,2180,84.32170542635659
Benign,2181,97.18604651162791
Benign,2182,87.32751937984496
Benign,2183,84.90310077519379
Benign,2184,81.70348837209302
Benign,2185,88.99612403100775
Benign,2186,100.78682170542636
Benign,2187,90.92635658914729
Benign,2188,84.40503875968992
Benign,2189,91.51162790697674
Benign,2190,103.35658914728683
Benign,2191,88.34689922480621
Benign,2192,97.60077519379846
Benign,2193,78.28682170542636
Benign,2194,78.42248062015504
Benign,2195,89.43604651162791
Benign,2196,80.00387596899225
Benign,2197,96.36434108527132
Benign,2198,84.05813953488372
Benign,2199,88.35852713178295
Benign,2200,78.51356589147287
Benign,2201,93.4437984496124
Benign,2202,87.89147286821705
Benign,2203,93.61046511627907
Benign,2204,84.75
Benign,2205,91.30232558139535
Benign,2206,77.55426356589147
Benign,2207,77.7015503875969
Benign,2208,88.61046511627907
Benign,2209,84.8875968992248
Benign,2210,80.59496124031008
Benign,2211,84.80232558139535
Benign,2212,99.50581395348837
Benign,2213,85.30813953488372
Benign,2214,79.64728682170542
Benign,2215,85.6608527131783
Benign,2216,81.1375968992248
Benign,2217,88.71705426356588
Benign,2218,75.55813953488372
Benign,2219,91.68217054263566
Benign,2220,78.95736434108527
Benign,2221,77.60658914728683
Benign,2222,77.95348837209302
Benign,2223,99.63178294573643
Benign,2224,83.24612403100775
Benign,2225,82.34496124031008
Benign,2226,86.07945736434108
Benign,2227,83.74806201550388
Benign,2228,85.7577519379845
Benign,2229,83.6375968992248
Benign,2230,83.24612403100775
Benign,2231,78.36046511627907
Benign,2232,86.92635658914729
Benign,2233,77.31201550387597
Benign,2234,73.04069767441861
Benign,2235,77.91279069767442
Benign,2236,91.5891472868217
Benign,2237,84.64728682170542
Benign,2238,95.97674418604652
Benign,2239,80.96317829457364
Benign,2240,77.71124031007751
Benign,2241,79.64341085271317
Benign,2242,88.71317829457364
Benign,2243,78.34496124031008
Benign,2244,96.85077519379846
Benign,2245,85.84689922480621
Benign,2246,98.07364341085271
Benign,2247,79.39922480620154
Benign,2248,88.39922480620154
Benign,2249,76.18992248062015
Benign,2250,76.27906976744185
Benign,2251,95.0
Benign,2252,81.76937984496124
Benign,2253,88.27713178294573
Benign,2254,85.91279069767442
Benign,2255,83.30426356589147
Benign,2256,88.73643410852713
Benign,2257,87.71124031007751
Benign,2258,85.53100775193798
Benign,2259,96.79651162790698
Benign,2260,81.41279069767442
Benign,2261,75.93023255813954
Benign,2262,87.20348837209302
Benign,2263,82.65310077519379
Benign,2264,81.70736434108527
Benign,2265,81.01356589147287
Benign,2266,81.86627906976744
Benign,2267,96.84108527131782
Benign,2268,89.08720930232558
Benign,2269,75.30426356589147
Benign,2270,90.66472868217055
Benign,2271,72.0077519379845
Benign,2272,84.78488372093024
Benign,2273,78.36627906976744
Benign,2274,92.90116279069767
Benign,2275,89.20930232558139
Benign,2276,83.59689922480621
Benign,2277,82.53682170542636
Benign,2278,90.03682170542636
Benign,2279,89.24806201550388
Benign,2280,89.23837209302326
Benign,2281,79.34883720930233
Benign,2282,84.04457364341086
Benign,2283,95.92829457364341
Benign,2284,77.94767441860465
Benign,2285,77.85077519379846
Benign,2286,91.9922480620155
Benign,2287,85.56589147286822
Benign,2288,91.67248062015504
Benign,2289,85.77325581395348
Benign,2290,89.39922480620154
Benign,2291,79.66472868217055
Benign,2292,84.80232558139535
Benign,2293,84.02906976744185
Benign,2294,75.2422480620155
Benign,2295,85.39922480620154
Benign,2296,92.4515503875969
Benign,2297,89.33720930232558
Benign,2298,72.89922480620154
Benign,2299,92.69573643410853
Benign,2300,93.05813953488372
Benign,2301,83.80232558139535
Benign,2302,88.97674418604652
Benign,2303,82.96511627906976
Benign,2304,100.22286821705427
Benign,2305,80.03100775193798
Benign,2306,89.93217054263566
Benign,2307,87.92054263565892
Benign,2308,92.1608527131783
Benign,2309,78.57170542635659
Benign,2310,83.76162790697674
Benign,2311,87.50387596899225
Benign,2312,90.62403100775194
Benign,2313,77.81782945736434
Benign,2314,78.16666666666667
Benign,2315,88.85271317829458
Benign,2316,92.81395348837209
Benign,2317,80.77131782945736
Benign,2318,90.73255813953489
Benign,2319,88.82364341085271
Benign,2320,90.8546511627907
Benign,2321,92.88565891472868
Benign,2322,84.02325581395348
Benign,2323,87.26550387596899
Benign,2324,91.16666666666667
Benign,2325,80.14922480620154
Benign,2326,86.12403100775194
Benign,2327,82.47093023255815
Benign,2328,84.76550387596899
Benign,2329,87.53875968992249
Benign,2330,96.21511627906976
Benign,2331,89.99612403100775
Benign,2332,81.93217054263566
Benign,2333,83.53875968992249
Benign,2334,89.78100775193798
Benign,2335,83.66279069767442
Benign,2336,80.20348837209302
Benign,2337,99.54457364341086
Benign,2338,91.44767441860465
Benign,2339,85.13953488372093
Benign,2340,79.64922480620154
Benign,2341,98.03875968992249
Benign,2342,84.64728682170542
Benign,2343,82.49031007751938
Benign,2344,81.61434108527132
Benign,2345,85.75581395348837
Benign,2346,90.50968992248062
Benign,2347,92.3313953488372
Benign,2348,81.95348837209302
Benign,2349,84.93798449612403
Benign,2350,83.0077519379845
Benign,2351,85.68217054263566
Benign,2352,83.47286821705427
Benign,2353,73.41279069767442
Benign,2354,84.37209302325581
Benign,2355,81.65697674418605
Benign,2356,90.90891472868218
Benign,2357,87.5484496124031
Benign,2358,100.94767441860465
Benign,2359,94.0891472868217
Benign,2360,89.26550387596899
Benign,2361,87.7015503875969
Benign,2362,100.21705426356588
Benign,2363,81.43023255813954
Benign,2364,87.41472868217055
Benign,2365,96.86046511627907
Benign,2366,85.0562015503876
Benign,2367,82.23837209302326
Benign,2368,85.63372093023256
Benign,2369,90.37596899224806
Benign,2370,87.70930232558139
Benign,2371,88.31782945736434
Benign,2372,93.01162790697674
Benign,2373,81.46511627906976
Benign,2374,87.49031007751938
Benign,2375,93.79457364341086
Benign,2376,93.0
Benign,2377,93.00968992248062
Benign,2378,75.04457364341086
Benign,2379,85.68992248062015
Benign,2380,96.29457364341086
Benign,2381,89.42829457364341
Benign,2382,78.98062015503876
Benign,2383,87.41279069767442
Benign,2384,83.28682170542636
Benign,2385,80.9748062015504
Benign,2386,81.43023255813954
Benign,2387,78.96124031007751
Benign,2388,74.67248062015504
Benign,2389,91.47093023255815
Benign,2390,85.98643410852713
Benign,2391,95.43798449612403
Benign,2392,83.02325581395348
Benign,2393,84.26744186046511
Benign,2394,84.41279069767442
Benign,2395,80.75581395348837
Benign,2396,81.74418604651163
Benign,2397,93.23837209302326
Benign,2398,86.12790697674419
Benign,2399,78.54263565891473
Benign,2400,79.20348837209302
Benign,2401,79.84496124031008
Benign,2402,86.84108527131782
Benign,2403,94.43410852713178
Benign,2404,74.93604651162791
Benign,2405,82.5077519379845
Benign,2406,88.48255813953489
Benign,2407,77.39728682170542
Benign,2408,87.75193798449612
Benign,2409,86.53682170542636
Benign,2410,92.67054263565892
Benign,2411,78.98837209302326
Benign,2412,77.52131782945736
Benign,2413,92.98062015503876
Benign,2414,75.39341085271317
Benign,2415,94.72093023255815
Benign,2416,92.43992248062015
Benign,2417,81.07945736434108
Benign,2418,85.59302325581395
Benign,2419,86.12790697674419
Benign,2420,81.18992248062015
Benign,2421,86.3624031007752
Benign,2422,84.00387596899225
Benign,2423,72.12984496124031
Benign,2424,76.06395348837209
Benign,2425,77.29457364341086
Benign,2426,90.26356589147287
Benign,2427,85.53294573643412
Benign,2428,92.40503875968992
Benign,2429,105.96899224806202
Benign,2430,87.65116279069767
Benign,2431,91.08527131782945
Benign,2432,89.82558139534883
Benign,2433,82.73643410852713
Benign,2434,82.02713178294573
Benign,2435,93.6124031007752
Benign,2436,86.52325581395348
Benign,2437,84.74031007751938
Benign,2438,90.96317829457364
Benign,2439,81.87984496124031
Benign,2440,79.19186046511628
Benign,2441,79.50968992248062
Benign,2442,86.81589147286822
Benign,2443,79.44573643410853
Benign,2444,78.0251937984496
Benign,2445,78.41279069767442
Benign,2446,81.57364341085271
Benign,2447,96.73255813953489
Benign,2448,82.48449612403101
Benign,2449,91.17635658914729
Benign,2450,91.03100775193798
Benign,2451,87.92829457364341
Benign,2452,91.6046511627907
Benign,2453,79.12790697674419
Benign,2454,82.8953488372093
Benign,2455,89.5484496124031
Benign,2456,100.1608527131783
Benign,2457,90.85077519379846
Benign,2458,81.67441860465117
Benign,2459,94.18023255813954
Benign,2460,82.86821705426357
Benign,2461,90.54457364341086
Benign,2462,86.14728682170542
Benign,2463,83.28100775193798
Benign,2464,80.68410852713178
Benign,2465,87.3546511627907
Benign,2466,84.98837209302326
Benign,2467,85.80813953488372
Benign,2468,86.92441860465117
Benign,2469,89.63372093023256
Benign,2470,87.64922480620154
Benign,2471,88.53875968992249
Benign,2472,92.63953488372093
Benign,2473,93.90116279069767
Benign,2474,82.82558139534883
Benign,2475,90.33720930232558
Benign,2476,89.86046511627907
Benign,2477,86.47868217054264
Benign,2478,80.45930232558139
Benign,2479,81.62984496124031
Benign,2480,88.9922480620155
Benign,2481,77.64728682170542
Benign,2482,89.67054263565892
Benign,2483,88.98255813953489
Benign,2484,91.35852713178295
Benign,2485,86.3313953488372
Benign,2486,79.46705426356588
Benign,2487,89.0251937984496
Benign,2488,81.35077519379846
Benign,2489,76.20736434108527
Benign,2490,82.05232558139535
Benign,2491,85.1124031007752
Benign,2492,83.25387596899225
Benign,2493,94.77713178294573
Benign,2494,87.38372093023256
Benign,2495,81.7015503875969
Benign,2496,84.47093023255815
Benign,2497,95.91472868217055
Benign,2498,89.5251937984496
Benign,2499,80.7577519379845
Benign,2500,72.86821705426357
Benign,2501,88.37790697674419
Benign,2502,81.65697674418605
Benign,2503,78.93992248062015
Benign,2504,83.60271317829458
Benign,2505,81.92441860465117
Benign,2506,87.90503875968992
Benign,2507,85.95930232558139
Benign,2508,90.9437984496124
Benign,2509,79.26744186046511
Benign,2510,78.6124031007752
Benign,2511,95.78100775193798
Benign,2512,82.8953488372093
Benign,2513,80.58333333333333
Benign,2514,88.06589147286822
Benign,2515,86.9186046511628
Benign,2516,89.07558139534883
Benign,2517,82.2248062015504
Benign,2518,81.9437984496124
Benign,2519,92.62403100775194
Benign,2520,75.51744186046511
Benign,2521,78.88953488372093
Benign,2522,77.95542635658914
Benign,2523,90.73837209302326
Benign,2524,79.92441860465117
Benign,2525,83.86821705426357
Benign,2526,86.76162790697674
Benign,2527,85.26356589147287
Benign,2528,94.06589147286822
Benign,2529,82.06007751937985
Benign,2530,86.36434108527132
Benign,2531,86.40503875968992
Benign,2532,88.37984496124031
Benign,2533,84.76356589147287
Benign,2534,86.34883720930233
Benign,2535,81.30426356589147
Benign,2536,86.32170542635659
Benign,2537,81.62015503875969
Benign,2538,81.55813953488372
Benign,2539,83.04651162790698
Benign,2540,84.24031007751938
Benign,2541,86.93217054263566
Benign,2542,83.04651162790698
Benign,2543,83.25193798449612
Benign,2544,80.5251937984496
Benign,2545,77.72674418604652
Benign,2546,87.26162790697674
Benign,2547,82.42635658914729
Benign,2548,76.31976744186046
Benign,2549,86.43604651162791
Benign,2550,88.53294573643412
Benign,2551,89.3546511627907
Benign,2552,93.90697674418605
Benign,2553,82.37015503875969
Benign,2554,80.82751937984496
Benign,2555,92.29651162790698
Benign,2556,88.73643410852713
Benign,2557,97.80813953488372
Benign,2558,77.13565891472868
Benign,2559,80.24418604651163
Benign,2560,75.13953488372093
Benign,2561,94.74031007751938
Benign,2562,88.16472868217055
Benign,2563,88.26162790697674
Benign,2564,98.17054263565892
Benign,2565,85.6937984496124
Benign,2566,100.57558139534883
Benign,2567,87.75968992248062
Benign,2568,87.6686046511628
Benign,2569,86.94573643410853
Benign,2570,89.64728682170542
Benign,2571,92.02906976744185
Benign,2572,93.47868217054264
Benign,2573,82.33720930232558
Benign,2574,87.2751937984496
Benign,2575,78.93410852713178
Benign,2576,76.81201550387597
Benign,2577,84.96899224806202
Benign,2578,88.63953488372093
Benign,2579,88.7248062015504
Benign,2580,82.89147286821705
Benign,2581,89.63565891472868
Benign,2582,83.28682170542636
Benign,2583,84.00387596899225
Benign,2584,78.74806201550388
Benign,2585,88.14147286821705
Benign,2586,87.34689922480621
Benign,2587,79.99031007751938
Benign,2588,92.08527131782945
Benign,2589,83.38178294573643
Benign,2590,90.90503875968992
Benign,2591,82.60658914728683
Benign,2592,80.51356589147287
Benign,2593,91.15891472868218
Benign,2594,85.14147286821705
Benign,2595,87.50193798449612
Benign,2596,79.29069767441861
Benign,2597,79.78875968992249
Benign,2598,85.27906976744185
Benign,2599,82.29457364341086
Benign,2600,81.30426356589147
Benign,2601,85.33527131782945
Benign,2602,86.00193798449612
Benign,2603,82.91279069767442
Benign,2604,86.42054263565892
Benign,2605,92.75968992248062
Benign,2606,80.23062015503876
Benign,2607,88.46317829457364
Benign,2608,102.90503875968992
Benign,2609,82.51937984496124
Benign,2610,76.23062015503876
Benign,2611,87.31782945736434
Benign,2612,83.36627906976744
Benign,2613,77.96124031007751
Benign,2614,82.61046511627907
Benign,2615,91.96317829457364
Benign,2616,81.13178294573643
Benign,2617,80.65891472868218
Benign,2618,84.48255813953489
Benign,2619,87.53294573643412
Benign,2620,80.72868217054264
Benign,2621,76.00968992248062
Benign,2622,71.7015503875969
Benign,2623,89.4922480620155
Benign,2624,85.08720930232558
Benign,2625,80.91279069767442
Benign,2626,84.76550387596899
Benign,2627,90.47286821705427
Benign,2628,87.69573643410853
Benign,2629,83.4515503875969
Benign,2630,82.50193798449612
Benign,2631,82.29651162790698
Benign,2632,80.93604651162791
Benign,2633,85.02325581395348
Benign,2634,83.53488372093024
Benign,2635,85.0251937984496
Benign,2636,77.51744186046511
Benign,2637,83.07170542635659
Benign,2638,89.55232558139535
Benign,2639,87.90891472868218
Benign,2640,82.46899224806202
Benign,2641,79.15503875968992
Benign,2642,97.31782945736434
Benign,2643,77.62015503875969
Benign,2644,78.39147286821705
Benign,2645,83.55232558139535
Benign,2646,82.82945736434108
Benign,2647,80.98062015503876
Benign,2648,89.44961240310077
Benign,2649,88.5077519379845
Benign,2650,89.85658914728683
Benign,2651,92.38178294573643
Benign,2652,87.02325581395348
Benign,2653,77.5484496124031
Benign,2654,78.61046511627907
Benign,2655,92.76937984496124
Benign,2656,92.46124031007751
Benign,2657,76.92635658914729
Benign,2658,86.98643410852713
Benign,2659,96.66666666666667
Benign,2660,89.27131782945736
Benign,2661,90.40891472868218
Benign,2662,89.35852713178295
Benign,2663,85.78100775193798
Benign,2664,82.5077519379845
Benign,2665,82.03488372093024
Benign,2666,94.07558139534883
Benign,2667,91.13178294573643
Benign,2668,83.12403100775194
Benign,2669,84.90503875968992
Benign,2670,75.39341085271317
Benign,2671,95.12984496124031
Benign,2672,85.33527131782945
Benign,2673,86.70736434108527
Benign,2674,91.68798449612403
Benign,2675,75.79651162790698
Benign,2676,88.17054263565892
Benign,2677,84.65116279069767
Benign,2678,89.56782945736434
Benign,2679,79.60852713178295
Benign,2680,88.79263565891473
Benign,2681,76.85852713178295
Benign,2682,78.96705426356588
Benign,2683,77.98255813953489
Benign,2684,74.73449612403101
Benign,2685,90.7248062015504
Benign,2686,90.12984496124031
Benign,2687,80.19186046511628
Benign,2688,85.23449612403101
Benign,2689,94.63953488372093
Benign,2690,85.05038759689923
Benign,2691,80.42248062015504
Benign,2692,75.06007751937985
Benign,2693,89.91279069767442
Benign,2694,83.68217054263566
Benign,2695,77.62596899224806
Benign,2696,91.19767441860465
Benign,2697,70.1453488372093
Benign,2698,78.95542635658914
Benign,2699,86.56589147286822
Benign,2700,94.0484496124031
Benign,2701,87.4922480620155
Benign,2702,88.25387596899225
Benign,2703,86.33333333333333
Benign,2704,74.48837209302326
Benign,2705,74.70348837209302
Benign,2706,86.39728682170542
Benign,2707,77.10658914728683
Benign,2708,88.15116279069767
Benign,2709,82.7577519379845
Benign,2710,75.34883720930233
Benign,2711,86.50193798449612
Benign,2712,85.40503875968992
Benign,2713,80.06007751937985
Benign,2714,78.67054263565892
Benign,2715,87.95930232558139
Benign,2716,79.47868217054264
Benign,2717,96.64728682170542
Benign,2718,86.1124031007752
Benign,2719,82.12015503875969
Benign,2720,84.56589147286822
Benign,2721,91.35271317829458
Benign,2722,86.63372093023256
Benign,2723,79.03100775193798
Benign,2724,86.38372093023256
Benign,2725,83.73837209302326
Benign,2726,81.80232558139535
Benign,2727,78.77906976744185
Benign,2728,91.26744186046511
Benign,2729,85.34496124031008
Benign,2730,84.48643410852713
Benign,2731,84.37790697674419
Benign,2732,89.83527131782945
Benign,2733,76.1608527131783
Benign,2734,88.25387596899225
Benign,2735,82.68798449612403
Benign,2736,92.72868217054264
Benign,2737,82.7015503875969
Benign,2738,81.73062015503876
Benign,2739,92.0562015503876
Benign,2740,93.14728682170542
Benign,2741,77.68604651162791
Benign,2742,103.26550387596899
Benign,2743,87.56589147286822
Benign,2744,87.07170542635659
Benign,2745,87.76356589147287
Benign,2746,89.53682170542636
Benign,2747,72.90116279069767
Benign,2748,86.61821705426357
Benign,2749,82.35077519379846
Benign,2750,83.65116279069767
Benign,2751,79.92829457364341
Benign,2752,93.70930232558139
Benign,2753,88.02325581395348
Benign,2754,88.68023255813954
Benign,2755,89.3313953488372
Benign,2756,75.98449612403101
Benign,2757,83.33527131782945
Benign,2758,86.96899224806202
Benign,2759,86.0077519379845
Benign,2760,82.4108527131783
Benign,2761,77.64922480620154
Benign,2762,81.81007751937985
Benign,2763,101.31007751937985
Benign,2764,88.32170542635659
Benign,2765,83.04651162790698
Benign,2766,86.82945736434108
Benign,2767,84.10658914728683
Benign,2768,91.59496124031008
Benign,2769,97.37209302325581
Benign,2770,86.58527131782945
Benign,2771,92.12015503875969
Benign,2772,81.81782945736434
Benign,2773,90.53875968992249
Benign,2774,87.9922480620155
Benign,2775,93.43217054263566
Benign,2776,83.20736434108527
Benign,2777,93.85658914728683
Benign,2778,89.45736434108527
Benign,2779,96.67054263565892
Benign,2780,82.3062015503876
Benign,2781,66.42248062015504
Benign,2782,88.9748062015504
Benign,2783,85.03100775193798
Benign,2784,83.43798449612403
Benign,2785,83.9748062015504
Benign,2786,92.03294573643412
Benign,2787,90.99806201550388
Benign,2788,81.08333333333333
Benign,2789,82.51744186046511
Benign,2790,85.10852713178295
Benign,2791,82.94767441860465
Benign,2792,95.1608527131783
Benign,2793,89.70542635658914
Benign,2794,80.81782945736434
Benign,2795,80.84883720930233
Benign,2796,84.9186046511628
Benign,2797,82.96511627906976
Benign,2798,80.87596899224806
Benign,2799,78.93992248062015
Benign,2800,89.41279069767442
Benign,2801,80.93023255813954
Benign,2802,81.5813953488372
Benign,2803,88.31007751937985
Benign,2804,78.54263565891473
Benign,2805,77.88372093023256
Benign,2806,84.12403100775194
Benign,2807,82.45736434108527
Benign,2808,86.88372093023256
Benign,2809,84.15697674418605
Benign,2810,82.50387596899225
Benign,2811,80.74806201550388
Benign,2812,82.76550387596899
Benign,2813,92.73643410852713
Benign,2814,88.27906976744185
Benign,2815,85.21705426356588
Benign,2816,80.14728682170542
Benign,2817,79.5891472868217
Benign,2818,91.80426356589147
Benign,2819,89.61627906976744
Benign,2820,83.51550387596899
Benign,2821,91.03875968992249
Benign,2822,87.38953488372093
Benign,2823,79.18604651162791
Benign,2824,86.82364341085271
Benign,2825,78.04069767441861
Benign,2826,83.18410852713178
Benign,2827,85.23643410852713
Benign,2828,76.98062015503876
Benign,2829,88.36627906976744
Benign,2830,80.06201550387597
Benign,2831,84.10077519379846
Benign,2832,82.72674418604652
Benign,2833,91.54069767441861
Benign,2834,90.29457364341086
Benign,2835,80.70736434108527
Benign,2836,82.77131782945736
Benign,2837,87.26162790697674
Benign,2838,83.51744186046511
Benign,2839,84.12790697674419
Benign,2840,97.13372093023256
Benign,2841,92.67441860465117
Benign,2842,85.3062015503876
Benign,2843,77.36627906976744
Benign,2844,97.37596899224806
Benign,2845,77.68604651162791
Benign,2846,81.83720930232558
Benign,2847,76.88565891472868
Benign,2848,83.77906976744185
Benign,2849,96.11627906976744
Benign,2850,89.61434108527132
Benign,2851,80.81395348837209
Benign,2852,78.10658914728683
Benign,2853,88.02131782945736
Benign,2854,98.88372093023256
Benign,2855,89.03488372093024
Benign,2856,81.34302325581395
Benign,2857,84.05813953488372
Benign,2858,81.09302325581395
Benign,2859,82.54069767441861
Benign,2860,86.40891472868218
Benign,2861,84.13565891472868
Benign,2862,94.61046511627907
Benign,2863,75.88565891472868
Benign,2864,90.82751937984496
Benign,2865,74.55813953488372
Benign,2866,87.05813953488372
Benign,2867,86.40697674418605
Benign,2868,81.68992248062015
Benign,2869,85.85271317829458
Benign,2870,84.46705426356588
Benign,2871,79.43604651162791
Benign,2872,83.34689922480621
Benign,2873,88.91279069767442
Benign,2874,82.93604651162791
Benign,2875,79.57170542635659
Benign,2876,81.2577519379845
Benign,2877,93.27131782945736
Benign,2878,87.4108527131783
Benign,2879,88.13178294573643
Benign,2880,94.64922480620154
Benign,2881,92.84496124031008
Benign,2882,89.67635658914729
Benign,2883,85.21705426356588
Benign,2884,76.88178294573643
Benign,2885,87.4186046511628
Benign,2886,87.37209302325581
Benign,2887,80.64341085271317
Benign,2888,80.67441860465117
Benign,2889,105.09108527131782
Benign,2890,90.46899224806202
Benign,2891,89.9108527131783
Benign,2892,79.37015503875969
Benign,2893,80.98837209302326
Benign,2894,79.11821705426357
Benign,2895,78.85852713178295
Benign,2896,85.31589147286822
Benign,2897,93.99418604651163
Benign,2898,78.3546511627907
Benign,2899,76.01162790697674
Benign,2900,82.68410852713178
Benign,2901,79.75
Benign,2902,88.49418604651163
Benign,2903,85.98643410852713
Benign,2904,77.99806201550388
Benign,2905,80.60852713178295
Benign,2906,80.18992248062015
Benign,2907,79.06976744186046
Benign,2908,77.84108527131782
Benign,2909,97.97868217054264
Benign,2910,97.88372093023256
Benign,2911,89.34496124031008
Benign,2912,86.75387596899225
Benign,2913,77.85077519379846
Benign,2914,83.53294573643412
Benign,2915,83.90310077519379
Benign,2916,86.4922480620155
Benign,2917,90.60658914728683
Benign,2918,81.50581395348837
Benign,2919,81.35658914728683
Benign,2920,81.46511627906976
Benign,2921,82.17054263565892
Benign,2922,81.0077519379845
Benign,2923,90.63565891472868
Benign,2924,82.1608527131783
Benign,2925,73.74418604651163
Benign,2926,95.94767441860465
Benign,2927,85.47674418604652
Benign,2928,88.77906976744185
Benign,2929,84.61434108527132
Benign,2930,73.30038759689923
Benign,2931,79.36821705426357
Benign,2932,83.07364341085271
Benign,2933,85.90697674418605
Benign,2934,89.45736434108527
Benign,2935,84.34302325581395
Benign,2936,86.36627906976744
Benign,2937,81.1124031007752
Benign,2938,86.03100775193798
Benign,2939,79.70736434108527
Benign,2940,77.10852713178295
Benign,2941,88.81395348837209
Benign,2942,86.9515503875969
Benign,2943,90.18604651162791
Benign,2944,87.68217054263566
Benign,2945,84.57751937984496
Benign,2946,86.11627906976744
Benign,2947,87.18992248062015
Benign,2948,80.4748062015504
Benign,2949,84.57170542635659
Benign,2950,79.9108527131783
Benign,2951,86.78100775193798
Benign,2952,75.19961240310077
Benign,2953,78.34108527131782
Benign,2954,97.36627906976744
Benign,2955,81.81007751937985
Benign,2956,78.59689922480621
Benign,2957,80.4186046511628
Benign,2958,84.00193798449612
Benign,2959,89.49612403100775
Benign,2960,84.12015503875969
Benign,2961,76.42248062015504
Benign,2962,89.84496124031008
Benign,2963,86.16279069767442
Benign,2964,79.50193798449612
Benign,2965,87.31976744186046
Benign,2966,99.38565891472868
Benign,2967,89.73062015503876
Benign,2968,79.64922480620154
Benign,2969,82.7577519379845
Benign,2970,92.55426356589147
Benign,2971,86.59689922480621
Benign,2972,88.69961240310077
Benign,2973,79.51356589147287
Benign,2974,89.37790697674419
Benign,2975,91.38178294573643
Benign,2976,86.73837209302326
Benign,2977,86.5562015503876
Benign,2978,74.18604651162791
Benign,2979,100.60271317829458
Benign,2980,77.12790697674419
Benign,2981,95.3391472868217
Benign,2982,81.9922480620155
Benign,2983,84.48837209302326
Benign,2984,80.14341085271317
Benign,2985,81.96705426356588
Benign,2986,87.38565891472868
Benign,2987,95.96124031007751
Benign,2988,78.53488372093024
Benign,2989,92.82364341085271
Benign,2990,90.83720930232558
Benign,2991,106.75968992248062
Benign,2992,88.32945736434108
Benign,2993,78.4186046511628
Benign,2994,89.23643410852713
Benign,2995,79.96511627906976
Benign,2996,84.31201550387597
Benign,2997,79.93798449612403
Benign,2998,85.8624031007752
Benign,2999,88.85658914728683
Benign,3000,89.08527131782945
Benign,3001,87.7248062015504
Benign,3002,88.72093023255815
Benign,3003,78.10658914728683
Benign,3004,87.54651162790698
Benign,3005,83.87209302325581
Benign,3006,94.63953488372093
Benign,3007,89.95736434108527
Benign,3008,79.62015503875969
Benign,3009,82.63372093023256
Benign,3010,99.07945736434108
Benign,3011,86.96317829457364
Benign,3012,76.93798449612403
Benign,3013,82.23643410852713
Benign,3014,77.45736434108527
Benign,3015,97.6046511627907
Benign,3016,77.17441860465117
Benign,3017,93.02713178294573
Benign,3018,81.06782945736434
Benign,3019,82.74031007751938
Benign,3020,88.42054263565892
Benign,3021,85.59496124031008
Benign,3022,75.2751937984496
Benign,3023,91.21705426356588
Benign,3024,90.60271317829458
Benign,3025,92.80232558139535
Benign,3026,88.65310077519379
Benign,3027,88.5484496124031
Benign,3028,72.08527131782945
Benign,3029,80.88953488372093
Benign,3030,80.50193798449612
Benign,3031,83.98449612403101
Benign,3032,79.12790697674419
Benign,3033,90.57364341085271
Benign,3034,85.42635658914729
Benign,3035,78.06201550387597
Benign,3036,84.5
Benign,3037,85.76937984496124
Benign,3038,87.46124031007751
Benign,3039,86.7422480620155
Benign,3040,88.1375968992248
Benign,3041,84.74418604651163
Benign,3042,72.32364341085271
Benign,3043,82.94961240310077
Benign,3044,84.3875968992248
Benign,3045,93.50581395348837
Benign,3046,88.47868217054264
Benign,3047,89.28294573643412
Benign,3048,82.58333333333333
Benign,3049,90.13565891472868
Benign,3050,97.37790697674419
Benign,3051,82.84108527131782
Benign,3052,86.18992248062015
Benign,3053,83.92829457364341
Benign,3054,80.12596899224806
Benign,3055,88.22286821705427
Benign,3056,82.43992248062015
Benign,3057,79.39728682170542
Benign,3058,95.2984496124031
Benign,3059,91.00193798449612
Benign,3060,99.47868217054264
Benign,3061,87.11434108527132
Benign,3062,71.17248062015504
Benign,3063,71.43604651162791
Benign,3064,76.94961240310077
Benign,3065,87.23255813953489
Benign,3066,88.30813953488372
Benign,3067,82.77906976744185
Benign,3068,88.48449612403101
Benign,3069,86.60271317829458
Benign,3070,89.65310077519379
Benign,3071,88.51937984496124
Benign,3072,89.62596899224806
Benign,3073,104.09496124031008
Benign,3074,96.53875968992249
Benign,3075,95.6375968992248
Benign,3076,94.7248062015504
Benign,3077,76.13565891472868
Benign,3078,85.76356589147287
Benign,3079,85.06007751937985
Benign,3080,87.94961240310077
Benign,3081,86.29263565891473
Benign,3082,82.12984496124031
Benign,3083,97.11434108527132
Benign,3084,90.83720930232558
Benign,3085,76.33333333333333
Benign,3086,80.49031007751938
Benign,3087,91.4515503875969
Benign,3088,87.9922480620155
Benign,3089,89.35271317829458
Benign,3090,75.9748062015504
Benign,3091,95.0077519379845
Benign,3092,87.04069767441861
Benign,3093,81.96317829457364
Benign,3094,85.39922480620154
Benign,3095,87.00387596899225
Benign,3096,90.74612403100775
Benign,3097,82.75
Benign,3098,95.51550387596899
Benign,3099,83.15310077519379
Benign,3100,79.01162790697674
Benign,3101,90.54457364341086
Benign,3102,88.34689922480621
Benign,3103,90.85271317829458
Benign,3104,84.5251937984496
Benign,3105,85.38372093023256
Benign,3106,79.09496124031008
Benign,3107,76.09883720930233
Benign,3108,87.55813953488372
Benign,3109,80.21317829457364
Benign,3110,83.84108527131782
Benign,3111,81.05232558139535
Benign,3112,86.22674418604652
Benign,3113,81.7984496124031
Benign,3114,72.26356589147287
Benign,3115,85.8391472868217
Benign,3116,82.40310077519379
Benign,3117,70.92635658914729
Benign,3118,85.19573643410853
Benign,3119,90.47868217054264
Benign,3120,86.50968992248062
Benign,3121,76.62790697674419
Benign,3122,73.37403100775194
Benign,3123,80.98062015503876
Benign,3124,90.64147286821705
Benign,3125,75.45542635658914
Benign,3126,91.34108527131782
Benign,3127,83.09108527131782
Benign,3128,79.48449612403101
Benign,3129,87.78875968992249
Benign,3130,84.95542635658914
Benign,3131,84.36434108527132
Benign,3132,84.22868217054264
Benign,3133,94.25193798449612
Benign,3134,100.12015503875969
Benign,3135,75.56395348837209
Benign,3136,101.69961240310077
Benign,3137,87.56976744186046
Benign,3138,78.04069767441861
Benign,3139,79.20348837209302
Benign,3140,89.09108527131782
Benign,3141,80.56976744186046
Benign,3142,82.25581395348837
Benign,3143,85.8313953488372
Benign,3144,90.62209302325581
Benign,3145,75.54651162790698
Benign,3146,87.90503875968992
Benign,3147,85.42829457364341
Benign,3148,87.62790697674419
Benign,3149,76.62015503875969
Benign,3150,78.36821705426357
Benign,3151,84.87596899224806
Benign,3152,90.84302325581395
Benign,3153,76.09302325581395
Benign,3154,75.1686046511628
Benign,3155,78.51744186046511
Benign,3156,82.23449612403101
Benign,3157,81.39147286821705
Benign,3158,87.96705426356588
Benign,3159,85.77906976744185
Benign,3160,97.42248062015504
Benign,3161,73.0484496124031
Benign,3162,76.93798449612403
Benign,3163,85.22674418604652
Benign,3164,84.67248062015504
Benign,3165,86.86434108527132
Benign,3166,77.98643410852713
Benign,3167,83.37790697674419
Benign,3168,89.14341085271317
Benign,3169,83.88178294573643
Benign,3170,84.01550387596899
Benign,3171,89.50387596899225
Benign,3172,87.36821705426357
Benign,3173,90.04457364341086
Benign,3174,84.10077519379846
Benign,3175,77.07364341085271
Benign,3176,87.1046511627907
Benign,3177,80.21511627906976
Benign,3178,75.92054263565892
Benign,3179,85.26937984496124
Benign,3180,79.53100775193798
Benign,3181,102.84689922480621
Benign,3182,86.81201550387597
Benign,3183,91.33720930232558
Benign,3184,83.61627906976744
Benign,3185,93.70930232558139
Benign,3186,85.65116279069767
Benign,3187,93.84883720930233
Benign,3188,91.97093023255815
Benign,3189,87.4108527131783
Benign,3190,90.71511627906976
Benign,3191,88.21317829457364
Benign,3192,79.29651162790698
Benign,3193,84.10077519379846
Benign,3194,79.50387596899225
Benign,3195,87.3062015503876
Benign,3196,92.83333333333333
Benign,3197,78.44767441860465
Benign,3198,84.95542635658914
Benign,3199,79.59496124031008
Benign,3200,93.5484496124031
Benign,3201,85.7751937984496
Benign,3202,85.07558139534883
Benign,3203,84.09302325581395
Benign,3204,90.8313953488372
Benign,3205,84.94186046511628
Benign,3206,79.48837209302326
Benign,3207,77.90503875968992
Benign,3208,93.16472868217055
Benign,3209,83.95348837209302
Benign,3210,89.43410852713178
Benign,3211,86.59883720930233
Benign,3212,89.30813953488372
Benign,3213,89.3391472868217
Benign,3214,81.15891472868218
Benign,3215,79.77713178294573
Benign,3216,74.93217054263566
Benign,3217,84.17248062015504
Benign,3218,76.67248062015504
Benign,3219,79.7248062015504
Benign,3220,93.67441860465117
Benign,3221,84.17635658914729
Benign,3222,81.90310077519379
Benign,3223,88.3953488372093
Benign,3224,70.2015503875969
Benign,3225,88.11046511627907
Benign,3226,81.09302325581395
Benign,3227,86.4186046511628
Benign,3228,78.5251937984496
Benign,3229,86.10077519379846
Benign,3230,78.33333333333333
Benign,3231,89.8313953488372
Benign,3232,89.50968992248062
Benign,3233,85.1046511627907
Benign,3234,90.40116279069767
Benign,3235,86.02325581395348
Benign,3236,94.92248062015504
Benign,3237,93.56395348837209
Benign,3238,98.2577519379845
Benign,3239,80.64341085271317
Benign,3240,86.63565891472868
Benign,3241,85.64922480620154
Benign,3242,89.68410852713178
Benign,3243,76.42441860465117
Benign,3244,93.57751937984496
Benign,3245,84.67441860465117
Benign,3246,79.40503875968992
Benign,3247,95.16472868217055
Benign,3248,91.51162790697674
Benign,3249,81.40503875968992
Benign,3250,83.60658914728683
Benign,3251,96.01744186046511
Benign,3252,89.48643410852713
Benign,3253,73.54457364341086
Benign,3254,93.30426356589147
Benign,3255,97.86046511627907
Benign,3256,82.01162790697674
Benign,3257,85.20736434108527
Benign,3258,85.1453488372093
Benign,3259,83.3546511627907
Benign,3260,83.65697674418605
Benign,3261,83.24612403100775
Benign,3262,86.87596899224806
Benign,3263,103.62596899224806
Benign,3264,91.06589147286822
Benign,3265,92.3391472868217
Benign,3266,85.40503875968992
Benign,3267,82.85852713178295
Benign,3268,81.82170542635659
Benign,3269,105.39922480620154
Benign,3270,77.12015503875969
Benign,3271,94.20542635658914
Benign,3272,93.42829457364341
Benign,3273,92.07751937984496
Benign,3274,72.90891472868218
Benign,3275,85.60852713178295
Benign,3276,85.7248062015504
Benign,3277,79.89728682170542
Benign,3278,77.32364341085271
Benign,3279,92.54651162790698
Benign,3280,81.0
Benign,3281,88.07364341085271
Benign,3282,78.45542635658914
Benign,3283,97.72286821705427
Benign,3284,84.55813953488372
Benign,3285,84.54069767441861
Benign,3286,85.07364341085271
Benign,3287,82.60658914728683
Benign,3288,87.33333333333333
Benign,3289,81.6937984496124
Benign,3290,88.08527131782945
Benign,3291,77.67635658914729
Benign,3292,84.61821705426357
Benign,3293,91.61627906976744
Benign,3294,100.93217054263566
Benign,3295,76.16279069767442
Benign,3296,90.12015503875969
Benign,3297,82.24806201550388
Benign,3298,90.93410852713178
Benign,3299,87.99031007751938
Benign,3300,75.92054263565892
Benign,3301,89.93798449612403
Benign,3302,79.87403100775194
Benign,3303,82.18023255813954
Benign,3304,93.62403100775194
Benign,3305,91.09689922480621
Benign,3306,78.98255813953489
Benign,3307,91.18023255813954
Benign,3308,95.57945736434108
Benign,3309,84.7015503875969
Benign,3310,80.40310077519379
Benign,3311,88.95930232558139
Benign,3312,80.42635658914729
Benign,3313,87.72674418604652
Benign,3314,82.89728682170542
Benign,3315,81.78100775193798
Benign,3316,95.6375968992248
Benign,3317,88.0484496124031
Benign,3318,86.2577519379845
Benign,3319,98.75387596899225
Benign,3320,83.12015503875969
Benign,3321,85.17829457364341
Benign,3322,86.60658914728683
Benign,3323,82.57558139534883
Benign,3324,84.48643410852713
Benign,3325,93.44186046511628
Benign,3326,77.29069767441861
Benign,3327,85.84496124031008
Benign,3328,86.54069767441861
Benign,3329,88.80426356589147
Benign,3330,92.53875968992249
Benign,3331,84.57945736434108
Benign,3332,83.62984496124031
Benign,3333,89.46705426356588
Benign,3334,92.29651162790698
Benign,3335,86.28100775193798
Benign,3336,88.1686046511628
Benign,3337,83.77131782945736
Benign,3338,93.71124031007751
Benign,3339,78.85271317829458
Benign,3340,78.98062015503876
Benign,3341,87.76550387596899
Benign,3342,85.29651162790698
Benign,3343,79.1124031007752
Benign,3344,79.03100775193798
Benign,3345,90.51744186046511
Benign,3346,88.19961240310077
Benign,3347,83.34689922480621
Benign,3348,77.64922480620154
Benign,3349,83.15891472868218
Benign,3350,76.34496124031008
Benign,3351,93.87015503875969
Benign,3352,84.27713178294573
Benign,3353,89.57170542635659
Benign,3354,100.24418604651163
Benign,3355,83.97286821705427
Benign,3356,91.71899224806202
Benign,3357,79.58527131782945
Benign,3358,78.00581395348837
Benign,3359,79.93217054263566
Benign,3360,82.79263565891473
Benign,3361,82.96705426356588
Benign,3362,82.14922480620154
Benign,3363,87.5
Benign,3364,94.37015503875969
Benign,3365,83.96899224806202
Benign,3366,88.7422480620155
Benign,3367,89.37596899224806
Benign,3368,85.33333333333333
Benign,3369,86.6686046511628
Benign,3370,92.26162790697674
Benign,3371,98.46705426356588
Benign,3372,89.72674418604652
Benign,3373,86.89728682170542
Benign,3374,90.14147286821705
Benign,3375,87.3062015503876
Benign,3376,78.88565891472868
Benign,3377,77.45736434108527
Benign,3378,94.81589147286822
Benign,3379,87.86046511627907
Benign,3380,83.32558139534883
Benign,3381,83.6686046511628
Benign,3382,92.46511627906976
Benign,3383,78.04263565891473
Benign,3384,76.25
Benign,3385,79.12015503875969
Benign,3386,83.70542635658914
Benign,3387,88.92829457364341
Benign,3388,79.95542635658914
Benign,3389,79.05813953488372
Benign,3390,84.7248062015504
Benign,3391,80.36627906976744
Benign,3392,93.79457364341086
Benign,3393,71.32751937984496
Benign,3394,77.40891472868218
Benign,3395,80.86046511627907
Benign,3396,74.80813953488372
Benign,3397,84.05232558139535
Benign,3398,78.55813953488372
Benign,3399,82.3546511627907
Benign,3400,84.58333333333333
Benign,3401,77.53488372093024
Benign,3402,87.87403100775194
Benign,3403,96.69767441860465
Benign,3404,88.87403100775194
Benign,3405,96.77713178294573
Benign,3406,83.38178294573643
Benign,3407,91.7984496124031
Benign,3408,88.89922480620154
Benign,3409,80.2015503875969
Benign,3410,71.12015503875969
Benign,3411,85.4515503875969
Benign,3412,84.27131782945736
Benign,3413,99.34496124031008
Benign,3414,89.92635658914729
Benign,3415,82.57945736434108
Benign,3416,88.66472868217055
Benign,3417,87.22093023255815
Benign,3418,79.52131782945736
Benign,3419,84.56007751937985
Benign,3420,97.20930232558139
Benign,3421,84.83527131782945
Benign,3422,92.16472868217055
Benign,3423,82.52131782945736
Benign,3424,93.01550387596899
Benign,3425,91.8391472868217
Benign,3426,79.98062015503876
Benign,3427,81.79263565891473
Benign,3428,89.89147286821705
Benign,3429,76.49612403100775
Benign,3430,84.23643410852713
Benign,3431,91.26550387596899
Benign,3432,73.16666666666667
Benign,3433,98.65310077519379
Benign,3434,85.95348837209302
Benign,3435,91.30426356589147
Benign,3436,83.24418604651163
Benign,3437,81.70542635658914
Benign,3438,81.56201550387597
Benign,3439,77.51744186046511
Benign,3440,80.04069767441861
Benign,3441,81.81976744186046
Benign,3442,81.9515503875969
Benign,3443,81.02131782945736
Benign,3444,80.47093023255815
Benign,3445,83.3313953488372
Benign,3446,81.93410852713178
Benign,3447,87.37403100775194
Benign,3448,90.53488372093024
Benign,3449,87.0562015503876
Benign,3450,92.4437984496124
Benign,3451,82.36627906976744
Benign,3452,73.55813953488372
Benign,3453,80.1453488372093
Benign,3454,85.44186046511628
Benign,3455,86.01744186046511
Benign,3456,83.24806201550388
Benign,3457,90.64922480620154
Benign,3458,84.89728682170542
Benign,3459,82.85658914728683
Benign,3460,86.61627906976744
Benign,3461,80.75193798449612
Benign,3462,90.1937984496124
Benign,3463,76.9437984496124
Benign,3464,80.23837209302326
Benign,3465,73.67635658914729
Benign,3466,83.97286821705427
Benign,3467,91.25968992248062
Benign,3468,83.99418604651163
Benign,3469,92.30426356589147
Benign,3470,95.47674418604652
Benign,3471,78.01162790697674
Benign,3472,87.97093023255815
Benign,3473,81.4922480620155
Benign,3474,92.57751937984496
Benign,3475,87.35658914728683
Benign,3476,82.87984496124031
Benign,3477,81.46124031007751
Benign,3478,85.77131782945736
Benign,3479,96.02713178294573
Benign,3480,87.21899224806202
Benign,3481,79.0251937984496
Benign,3482,91.00387596899225
Benign,3483,81.3624031007752
Benign,3484,85.12209302325581
Benign,3485,80.88565891472868
Benign,3486,88.62403100775194
Benign,3487,79.99612403100775
Benign,3488,79.84883720930233
Benign,3489,85.75387596899225
Benign,3490,76.86627906976744
Benign,3491,95.85077519379846
Benign,3492,86.59689922480621
Benign,3493,96.83333333333333
Benign,3494,73.32751937984496
Benign,3495,76.14341085271317
Benign,3496,85.9108527131783
Benign,3497,78.22093023255815
Benign,3498,85.40891472868218
Benign,3499,88.40310077519379
Benign,3500,88.49806201550388
Benign,3501,88.31201550387597
Benign,3502,83.49031007751938
Benign,3503,84.14147286821705
Benign,3504,99.36434108527132
Benign,3505,79.97674418604652
Benign,3506,85.23643410852713
Benign,3507,85.07945736434108
Benign,3508,95.39147286821705
Benign,3509,86.57364341085271
Benign,3510,82.04069767441861
Benign,3511,84.62984496124031
Benign,3512,86.59883720930233
Benign,3513,68.23643410852713
Benign,3514,89.28294573643412
Benign,3515,78.80426356589147
Benign,3516,83.57364341085271
Benign,3517,80.76937984496124
Benign,3518,78.53488372093024
Benign,3519,79.67441860465117
Benign,3520,85.6375968992248
Benign,3521,94.10658914728683
Benign,3522,79.94186046511628
Benign,3523,93.13953488372093
Benign,3524,79.87015503875969
Benign,3525,82.7015503875969
Benign,3526,78.23837209302326
Benign,3527,88.10077519379846
Benign,3528,84.1124031007752
Benign,3529,82.36046511627907
Benign,3530,85.85271317829458
Benign,3531,75.87790697674419
Benign,3532,80.49612403100775
Benign,3533,75.9186046511628
Benign,3534,86.09496124031008
Benign,3535,87.60852713178295
Benign,3536,91.03875968992249
Benign,3537,88.88372093023256
Benign,3538,84.44961240310077
Benign,3539,79.46124031007751
Benign,3540,89.2422480620155
Benign,3541,91.89341085271317
Benign,3542,73.00968992248062
Benign,3543,78.22868217054264
Benign,3544,81.53682170542636
Benign,3545,85.82945736434108
Benign,3546,86.4437984496124
Benign,3547,91.99031007751938
Benign,3548,85.24031007751938
Benign,3549,87.95542635658914
Benign,3550,76.6937984496124
Benign,3551,95.98255813953489
Benign,3552,89.96705426356588
Benign,3553,94.16472868217055
Benign,3554,81.74031007751938
Benign,3555,93.61434108527132
Benign,3556,97.5
Benign,3557,101.6608527131783
Benign,3558,90.92441860465117
Benign,3559,77.43992248062015
Benign,3560,91.64341085271317
Benign,3561,103.26162790697674
Benign,3562,83.30426356589147
Benign,3563,82.6375968992248
Benign,3564,87.81201550387597
Benign,3565,78.80232558139535
Benign,3566,69.60271317829458
Benign,3567,101.89922480620154
Benign,3568,91.16279069767442
Benign,3569,87.01356589147287
Benign,3570,77.68992248062015
Benign,3571,88.30426356589147
Benign,3572,81.96511627906976
Benign,3573,85.49612403100775
Benign,3574,87.83527131782945
Benign,3575,81.59689922480621
Benign,3576,90.6046511627907
Benign,3577,80.73255813953489
Benign,3578,77.49806201550388
Benign,3579,85.48837209302326
Benign,3580,82.13565891472868
Benign,3581,77.60852713178295
Benign,3582,87.89147286821705
Benign,3583,90.6375968992248
Benign,3584,83.09108527131782
Benign,3585,79.37596899224806
Benign,3586,96.98062015503876
Benign,3587,78.10077519379846
Benign,3588,89.04651162790698
Benign,3589,90.45930232558139
Benign,3590,89.65891472868218
Benign,3591,72.06782945736434
Benign,3592,83.32558139534883
Benign,3593,77.29069767441861
Benign,3594,81.09302325581395
Benign,3595,88.08333333333333
Benign,3596,85.58333333333333
Benign,3597,80.2015503875969
Benign,3598,81.04457364341086
Benign,3599,93.3313953488372
Benign,3600,92.13372093023256
Benign,3601,89.78100775193798
Benign,3602,81.19767441860465
Benign,3603,87.26162790697674
Benign,3604,79.43604651162791
Benign,3605,85.71705426356588
Benign,3606,72.39728682170542
Benign,3607,90.54263565891473
Benign,3608,75.43410852713178
Benign,3609,75.20348837209302
Benign,3610,87.66279069767442
Benign,3611,85.75193798449612
Benign,3612,79.56782945736434
Benign,3613,87.18217054263566
Benign,3614,77.98837209302326
Benign,3615,91.02131782945736
Benign,3616,101.43217054263566
Benign,3617,94.9186046511628
Benign,3618,90.82170542635659
Benign,3619,84.53682170542636
Benign,3620,81.93798449612403
Benign,3621,91.81782945736434
Benign,3622,80.87984496124031
Benign,3623,79.48062015503876
Benign,3624,82.62209302325581
Benign,3625,87.10077519379846
Benign,3626,75.52131782945736
Benign,3627,92.77906976744185
Benign,3628,84.06395348837209
Benign,3629,93.78875968992249
Benign,3630,75.0813953488372
Benign,3631,86.25387596899225
Benign,3632,93.3313953488372
Benign,3633,84.56782945736434
Benign,3634,91.48643410852713
Benign,3635,93.0813953488372
Benign,3636,77.80813953488372
Benign,3637,78.50193798449612
Benign,3638,78.78875968992249
Benign,3639,71.73837209302326
Benign,3640,78.9437984496124
Benign,3641,101.6124031007752
Benign,3642,82.80426356589147
Benign,3643,82.39728682170542
Benign,3644,87.07751937984496
Benign,3645,93.75193798449612
Benign,3646,82.85077519379846
Benign,3647,87.70736434108527
Benign,3648,71.13372093023256
Benign,3649,90.74806201550388
Benign,3650,84.87790697674419
Benign,3651,89.09689922480621
Benign,3652,77.1046511627907
Benign,3653,93.49612403100775
Benign,3654,76.43410852713178
Benign,3655,85.09496124031008
Benign,3656,88.03100775193798
Benign,3657,89.28682170542636
Benign,3658,77.99031007751938
Benign,3659,77.73643410852713
Benign,3660,72.9186046511628
Benign,3661,87.68798449612403
Benign,3662,83.9515503875969
Benign,3663,83.31976744186046
Benign,3664,90.65891472868218
Benign,3665,84.37984496124031
Benign,3666,89.90310077519379
Benign,3667,89.01937984496124
Benign,3668,77.98062015503876
Benign,3669,79.42635658914729
Benign,3670,93.14922480620154
Benign,3671,88.53682170542636
Benign,3672,83.33720930232558
Benign,3673,89.08720930232558
Benign,3674,92.07558139534883
Benign,3675,82.45542635658914
Benign,3676,83.30232558139535
Benign,3677,81.38178294573643
Benign,3678,92.0251937984496
Benign,3679,94.10077519379846
Benign,3680,86.5891472868217
Benign,3681,76.12209302325581
Benign,3682,78.84883720930233
Benign,3683,89.88372093023256
Benign,3684,86.31782945736434
Benign,3685,81.20542635658914
Benign,3686,83.53294573643412
Benign,3687,85.51550387596899
Benign,3688,80.36434108527132
Benign,3689,91.98643410852713
Benign,3690,81.62209302325581
Benign,3691,100.32751937984496
Benign,3692,90.4922480620155
Benign,3693,85.98837209302326
Benign,3694,91.75
Benign,3695,84.37596899224806
Benign,3696,89.19767441860465
Benign,3697,83.30426356589147
Benign,3698,81.20736434108527
Benign,3699,87.46511627906976
Benign,3700,88.13372093023256
Benign,3701,84.09108527131782
Benign,3702,82.67054263565892
Benign,3703,89.92248062015504
Benign,3704,82.75968992248062
Benign,3705,90.42441860465117
Benign,3706,90.39728682170542
Benign,3707,91.30038759689923
Benign,3708,84.26550387596899
Benign,3709,91.37790697674419
Benign,3710,86.14728682170542
Benign,3711,89.93992248062015
Benign,3712,93.95930232558139
Benign,3713,79.28875968992249
Benign,3714,87.78294573643412
Benign,3715,86.17248062015504
Benign,3716,81.21705426356588
Benign,3717,93.82170542635659
Benign,3718,88.23062015503876
Benign,3719,80.17635658914729
Benign,3720,77.76744186046511
Benign,3721,84.88953488372093
Benign,3722,87.32945736434108
Benign,3723,86.31201550387597
Benign,3724,85.45542635658914
Benign,3725,77.37209302325581
Benign,3726,88.07751937984496
Benign,3727,97.67441860465117
Benign,3728,97.86434108527132
Benign,3729,85.06976744186046
Benign,3730,86.24031007751938
Benign,3731,89.30813953488372
Benign,3732,79.40116279069767
Benign,3733,81.42441860465117
Benign,3734,83.65503875968992
Benign,3735,83.44767441860465
Benign,3736,93.23449612403101
Benign,3737,77.62790697674419
Benign,3738,86.15891472868218
Benign,3739,93.53875968992249
Benign,3740,92.38372093023256
Benign,3741,91.96124031007751
Benign,3742,89.23449612403101
Benign,3743,81.82558139534883
Benign,3744,69.64341085271317
Benign,3745,78.32751937984496
Benign,3746,78.89147286821705
Benign,3747,80.79069767441861
Benign,3748,82.84883720930233
Benign,3749,92.65891472868218
Benign,3750,75.75968992248062
Benign,3751,83.33527131782945
Benign,3752,93.53488372093024
Benign,3753,87.90503875968992
Benign,3754,90.18217054263566
Benign,3755,72.5891472868217
Benign,3756,76.8953488372093
Benign,3757,84.43798449612403
Benign,3758,75.15116279069767
Benign,3759,79.32364341085271
Benign,3760,86.09108527131782
Benign,3761,77.23255813953489
Benign,3762,87.87209302325581
Benign,3763,87.75193798449612
Benign,3764,82.0484496124031
Benign,3765,96.34689922480621
Benign,3766,86.11627906976744
Benign,3767,83.85852713178295
Benign,3768,87.30426356589147
Benign,3769,87.74612403100775
Benign,3770,87.90116279069767
Benign,3771,85.61434108527132
Benign,3772,93.2751937984496
Benign,3773,99.72286821705427
Benign,3774,79.66666666666667
Benign,3775,74.31782945736434
Benign,3776,80.76937984496124
Benign,3777,97.06589147286822
Benign,3778,78.4437984496124
Benign,3779,85.67441860465117
Benign,3780,77.32170542635659
Benign,3781,89.0562015503876
Benign,3782,89.76162790697674
Benign,3783,90.45736434108527
Benign,3784,76.76937984496124
Benign,3785,87.65891472868218
Benign,3786,87.66472868217055
Benign,3787,84.56395348837209
Benign,3788,85.1686046511628
Benign,3789,88.9922480620155
Benign,3790,79.86046511627907
Benign,3791,76.36434108527132
Benign,3792,78.26550387596899
Benign,3793,97.19767441860465
Benign,3794,105.0
Benign,3795,80.17441860465117
Benign,3796,86.98643410852713
Benign,3797,79.02906976744185
Benign,3798,94.04457364341086
Benign,3799,78.8391472868217
Benign,3800,82.38565891472868
Benign,3801,82.90503875968992
Benign,3802,83.8624031007752
Benign,3803,88.39147286821705
Benign,3804,79.09689922480621
Benign,3805,85.8953488372093
Benign,3806,87.08720930232558
Benign,3807,82.19573643410853
Benign,3808,93.26162790697674
Benign,3809,89.75387596899225
Benign,3810,70.01937984496124
Benign,3811,79.59689922480621
Benign,3812,79.8313953488372
Benign,3813,86.40503875968992
Benign,3814,93.34689922480621
Benign,3815,84.15503875968992
Benign,3816,81.33527131782945
Benign,3817,79.65116279069767
Benign,3818,82.14341085271317
Benign,3819,89.74031007751938
Benign,3820,91.34689922480621
Benign,3821,90.15891472868218
Benign,3822,98.31976744186046
Benign,3823,97.13372093023256
Benign,3824,91.31007751937985
Benign,3825,87.9748062015504
Benign,3826,76.20348837209302
Benign,3827,85.20542635658914
Benign,3828,88.5891472868217
Benign,3829,77.42054263565892
Benign,3830,88.18410852713178
Benign,3831,79.18410852713178
Benign,3832,92.3062015503876
Benign,3833,94.0813953488372
Benign,3834,93.15697674418605
Benign,3835,86.02131782945736
Benign,3836,81.31201550387597
Benign,3837,70.65310077519379
Benign,3838,80.57558139534883
Benign,3839,79.05232558139535
Benign,3840,87.07945736434108
Benign,3841,80.37015503875969
Benign,3842,81.90310077519379
Benign,3843,84.45348837209302
Benign,3844,85.37790697674419
Benign,3845,88.62596899224806
Benign,3846,79.49418604651163
Benign,3847,80.39147286821705
Benign,3848,87.75
Benign,3849,82.7248062015504
Benign,3850,81.77131782945736
Benign,3851,98.74418604651163
Benign,3852,98.04263565891473
Benign,3853,77.36821705426357
Benign,3854,84.10852713178295
Benign,3855,75.60271317829458
Benign,3856,93.3313953488372
Benign,3857,90.92054263565892
Benign,3858,94.24031007751938
Benign,3859,89.93023255813954
Benign,3860,77.43217054263566
Benign,3861,85.97286821705427
Benign,3862,86.34883720930233
Benign,3863,90.61821705426357
Benign,3864,81.36627906976744
Benign,3865,80.25
Benign,3866,91.03100775193798
Benign,3867,78.04069767441861
Benign,3868,93.91279069767442
Benign,3869,90.89728682170542
Benign,3870,89.56782945736434
Benign,3871,91.76162790697674
Benign,3872,84.92248062015504
Benign,3873,85.34302325581395
Benign,3874,82.98837209302326
Benign,3875,84.37596899224806
Benign,3876,92.47093023255815
Benign,3877,86.64341085271317
Benign,3878,93.82364341085271
Benign,3879,89.30038759689923
Benign,3880,96.55232558139535
Benign,3881,92.28100775193798
Benign,3882,94.22093023255815
Benign,3883,81.72286821705427
Benign,3884,81.68217054263566
Benign,3885,100.90503875968992
Benign,3886,85.44961240310077
Benign,3887,80.52325581395348
Benign,3888,92.2015503875969
Benign,3889,87.58527131782945
Benign,3890,92.09302325581395
Benign,3891,102.2751937984496
Benign,3892,99.86627906976744
Benign,3893,86.21124031007751
Benign,3894,80.32945736434108
Benign,3895,93.69767441860465
Benign,3896,83.26162790697674
Benign,3897,81.65503875968992
Benign,3898,87.65503875968992
Benign,3899,74.4922480620155
Benign,3900,86.23643410852713
Benign,3901,97.85271317829458
Benign,3902,87.98449612403101
Benign,3903,102.68410852713178
Benign,3904,73.53875968992249
Benign,3905,92.32945736434108
Benign,3906,82.64341085271317
Benign,3907,94.56007751937985
Benign,3908,72.54457364341086
Benign,3909,75.54651162790698
Benign,3910,85.92054263565892
Benign,3911,90.59496124031008
Benign,3912,80.93604651162791
Benign,3913,84.68217054263566
Benign,3914,92.37015503875969
Benign,3915,78.43604651162791
Benign,3916,88.82558139534883
Benign,3917,83.50581395348837
Benign,3918,90.01937984496124
Benign,3919,100.74418604651163
Benign,3920,83.9922480620155
Benign,3921,75.48062015503876
Benign,3922,82.3624031007752
Benign,3923,85.73255813953489
Benign,3924,84.37984496124031
Benign,3925,83.73062015503876
Benign,3926,94.17635658914729
Benign,3927,91.33527131782945
Benign,3928,87.75
Benign,3929,90.82364341085271
Benign,3930,82.2422480620155
Benign,3931,95.44767441860465
Benign,3932,83.40310077519379
Benign,3933,84.57558139534883
Benign,3934,94.53875968992249
Benign,3935,84.09883720930233
Benign,3936,82.73837209302326
Benign,3937,83.41472868217055
Benign,3938,84.18410852713178
Benign,3939,82.62015503875969
Benign,3940,88.49031007751938
Benign,3941,82.23643410852713
Benign,3942,96.11434108527132
Benign,3943,78.15310077519379
Benign,3944,87.65697674418605
Benign,3945,90.45348837209302
Benign,3946,70.93604651162791
Benign,3947,88.86434108527132
Benign,3948,86.57751937984496
Benign,3949,85.3953488372093
Benign,3950,99.87209302325581
Benign,3951,79.98449612403101
Benign,3952,78.0562015503876
Benign,3953,81.73062015503876
Benign,3954,84.08720930232558
Benign,3955,95.63953488372093
Benign,3956,87.73449612403101
Benign,3957,81.57170542635659
Benign,3958,83.16279069767442
Benign,3959,83.27713178294573
Benign,3960,73.76162790697674
Benign,3961,92.24031007751938
Benign,3962,81.97286821705427
Benign,3963,82.26937984496124
Benign,3964,81.21511627906976
Benign,3965,88.94186046511628
Benign,3966,83.0251937984496
Benign,3967,85.96317829457364
Benign,3968,77.97286821705427
Benign,3969,84.23255813953489
Benign,3970,84.68410852713178
Benign,3971,84.10852713178295
Benign,3972,88.85658914728683
Benign,3973,80.10852713178295
Benign,3974,98.23062015503876
Benign,3975,86.88953488372093
Benign,3976,82.06395348837209
Benign,3977,81.62984496124031
Benign,3978,85.3313953488372
Benign,3979,84.1046511627907
Benign,3980,90.17441860465117
Benign,3981,95.6046511627907
Benign,3982,75.93410852713178
Benign,3983,85.87403100775194
Benign,3984,84.7751937984496
Benign,3985,74.73643410852713
Benign,3986,88.0077519379845
Benign,3987,75.84302325581395
Benign,3988,80.0813953488372
Benign,3989,78.98643410852713
Benign,3990,81.05038759689923
Benign,3991,91.38953488372093
Benign,3992,86.40503875968992
Benign,3993,92.80813953488372
Benign,3994,91.45930232558139
Benign,3995,83.54069767441861
Benign,3996,80.97868217054264
Benign,3997,93.63372093023256
Benign,3998,87.64728682170542
Benign,3999,78.41279069767442
Benign,4000,85.2751937984496
Benign,4001,97.5
Benign,4002,94.61046511627907
Benign,4003,83.75581395348837
Benign,4004,92.15310077519379
Benign,4005,77.73255813953489
Benign,4006,91.94961240310077
Benign,4007,93.96705426356588
Benign,4008,83.17441860465117
Benign,4009,92.29069767441861
Benign,4010,87.97674418604652
Benign,4011,77.90697674418605
Benign,4012,87.8953488372093
Benign,4013,87.46899224806202
Benign,4014,88.78875968992249
Benign,4015,88.75387596899225
Benign,4016,86.54263565891473
Benign,4017,82.52131782945736
Benign,4018,83.18410852713178
Benign,4019,93.48062015503876
Benign,4020,89.83333333333333
Benign,4021,81.74031007751938
Benign,4022,93.07170542635659
Benign,4023,87.93604651162791
Benign,4024,83.68217054263566
Benign,4025,91.73643410852713
Benign,4026,90.17441860465117
Benign,4027,92.14341085271317
Benign,4028,75.61821705426357
Benign,4029,79.51356589147287
Benign,4030,87.37209302325581
Benign,4031,91.15116279069767
Benign,4032,81.44573643410853
Benign,4033,83.26356589147287
Benign,4034,79.06589147286822
Benign,4035,87.91279069767442
Benign,4036,80.4748062015504
Benign,4037,92.10077519379846
Benign,4038,90.9437984496124
Benign,4039,76.42441860465117
Benign,4040,80.15891472868218
Benign,4041,84.03682170542636
Benign,4042,92.24806201550388
Benign,4043,98.40310077519379
Benign,4044,83.97868217054264
Benign,4045,74.92441860465117
Benign,4046,90.27131782945736
Benign,4047,77.81976744186046
Benign,4048,86.80813953488372
Benign,4049,85.0077519379845
Benign,4050,90.58720930232558
Benign,4051,74.80038759689923
Benign,4052,86.9186046511628
Benign,4053,80.85852713178295
Benign,4054,83.70348837209302
Benign,4055,76.01162790697674
Benign,4056,97.3313953488372
Benign,4057,86.87790697674419
Benign,4058,79.01744186046511
Benign,4059,92.25387596899225
Benign,4060,81.14922480620154
Benign,4061,89.12596899224806
Benign,4062,95.92248062015504
Benign,4063,84.13178294573643
Benign,4064,85.20736434108527
Benign,4065,86.31007751937985
Benign,4066,93.04457364341086
Benign,4067,86.76356589147287
Benign,4068,81.72286821705427
Benign,4069,88.48449612403101
Benign,4070,88.9186046511628
Benign,4071,95.77713178294573
Benign,4072,84.82945736434108
Benign,4073,102.4748062015504
Benign,4074,79.32364341085271
Benign,4075,86.94767441860465
Benign,4076,90.24418604651163
Benign,4077,90.02713178294573
Benign,4078,81.01937984496124
Benign,4079,90.19186046511628
Benign,4080,94.82170542635659
Benign,4081,87.59883720930233
Benign,4082,81.44573643410853
Benign,4083,75.83333333333333
Benign,4084,83.24612403100775
Benign,4085,96.65503875968992
Benign,4086,83.84302325581395
Benign,4087,90.15310077519379
Benign,4088,72.20348837209302
Benign,4089,77.72093023255815
Benign,4090,77.52906976744185
Benign,4091,71.70348837209302
Benign,4092,85.84302325581395
Benign,4093,78.71899224806202
Benign,4094,75.75387596899225
Benign,4095,80.25968992248062
Benign,4096,85.5813953488372
Benign,4097,86.39341085271317
Benign,4098,89.03875968992249
Benign,4099,90.30426356589147
Benign,4100,73.79263565891473
Benign,4101,77.24806201550388
Benign,4102,77.78682170542636
Benign,4103,86.36046511627907
Benign,4104,84.53294573643412
Benign,4105,94.93023255813954
Benign,4106,100.57558139534883
Benign,4107,94.25
Benign,4108,84.36046511627907
Benign,4109,87.62596899224806
Benign,4110,94.13372093023256
Benign,4111,87.5077519379845
Benign,4112,79.93410852713178
Benign,4113,92.98062015503876
Benign,4114,71.51550387596899
Benign,4115,87.03488372093024
Benign,4116,85.18217054263566
Benign,4117,96.99612403100775
Benign,4118,91.00387596899225
Benign,4119,88.79651162790698
Benign,4120,82.53488372093024
Benign,4121,74.53294573643412
Benign,4122,81.74031007751938
Benign,4123,81.3313953488372
Benign,4124,84.93023255813954
Benign,4125,93.88565891472868
Benign,4126,89.24418604651163
Benign,4127,77.51550387596899
Benign,4128,81.70930232558139
Benign,4129,82.90697674418605
Benign,4130,89.56782945736434
Benign,4131,87.31007751937985
Benign,4132,90.22868217054264
Benign,4133,88.52713178294573
Benign,4134,90.56201550387597
Benign,4135,76.19186046511628
Benign,4136,82.2984496124031
Benign,4137,82.07751937984496
Benign,4138,78.96511627906976
Benign,4139,83.46705426356588
Benign,4140,82.32558139534883
Benign,4141,81.88178294573643
Benign,4142,87.52325581395348
Benign,4143,83.53875968992249
Benign,4144,77.65503875968992
Benign,4145,89.24612403100775
Benign,4146,92.24031007751938
Benign,4147,86.46124031007751
Benign,4148,79.45542635658914
Benign,4149,86.66279069767442
Benign,4150,88.43023255813954
Benign,4151,94.24418604651163
Benign,4152,82.02713178294573
Benign,4153,89.72286821705427
Benign,4154,87.5813953488372
Benign,4155,73.8313953488372
Benign,4156,93.58720930232558
Benign,4157,78.4186046511628
Benign,4158,82.83333333333333
Benign,4159,98.53100775193798
Benign,4160,82.53294573643412
Benign,4161,95.61046511627907
Benign,4162,78.00581395348837
Benign,4163,85.76550387596899
Benign,4164,84.91279069767442
Benign,4165,81.02131782945736
Benign,4166,85.93410852713178
Benign,4167,79.87209302325581
Benign,4168,80.71899224806202
Benign,4169,79.51550387596899
Benign,4170,91.19573643410853
Benign,4171,75.98449612403101
Benign,4172,82.6937984496124
Benign,4173,82.12596899224806
Benign,4174,86.59302325581395
Benign,4175,76.36046511627907
Benign,4176,75.31007751937985
Benign,4177,85.72868217054264
Benign,4178,85.99418604651163
Benign,4179,87.53100775193798
Benign,4180,84.12209302325581
Benign,4181,90.33720930232558
Benign,4182,84.82170542635659
Benign,4183,93.05813953488372
Benign,4184,77.28294573643412
Benign,4185,91.35077519379846
Benign,4186,84.27713178294573
Benign,4187,79.99031007751938
Benign,4188,93.31395348837209
Benign,4189,89.78682170542636
Benign,4190,93.49612403100775
Benign,4191,83.30232558139535
Benign,4192,83.80232558139535
Benign,4193,85.7248062015504
Benign,4194,89.86821705426357
Benign,4195,86.29069767441861
Benign,4196,91.31782945736434
Benign,4197,89.62015503875969
Benign,4198,86.06976744186046
Benign,4199,87.67054263565892
Benign,4200,85.03100775193798
Benign,4201,84.89922480620154
Benign,4202,89.29069767441861
Benign,4203,92.79651162790698
Benign,4204,82.92248062015504
Benign,4205,89.51550387596899
Benign,4206,95.65503875968992
Benign,4207,85.75581395348837
Benign,4208,85.34302325581395
Benign,4209,87.49418604651163
Benign,4210,83.12790697674419
Benign,4211,82.43992248062015
Benign,4212,82.61627906976744
Benign,4213,80.84689922480621
Benign,4214,85.44767441860465
Benign,4215,91.38953488372093
Benign,4216,96.04457364341086
Benign,4217,80.43217054263566
Benign,4218,86.00193798449612
Benign,4219,82.39728682170542
Benign,4220,85.73255813953489
Benign,4221,81.83720930232558
Benign,4222,88.97674418604652
Benign,4223,82.9437984496124
Benign,4224,91.64147286821705
Benign,4225,86.47093023255815
Benign,4226,76.26937984496124
Benign,4227,79.6124031007752
Benign,4228,81.89922480620154
Benign,4229,82.86627906976744
Benign,4230,83.83527131782945
Benign,4231,83.61046511627907
Benign,4232,86.40891472868218
Benign,4233,75.81007751937985
Benign,4234,87.40116279069767
Benign,4235,109.23643410852713
Benign,4236,78.62403100775194
Benign,4237,82.46124031007751
Benign,4238,88.82364341085271
Benign,4239,79.47093023255815
Benign,4240,80.0562015503876
Benign,4241,93.29069767441861
Benign,4242,77.80038759689923
Benign,4243,102.87403100775194
Benign,4244,88.16279069767442
Benign,4245,86.45348837209302
Benign,4246,78.68217054263566
Benign,4247,84.76162790697674
Benign,4248,94.49612403100775
Benign,4249,79.43604651162791
Benign,4250,85.67054263565892
Benign,4251,88.26162790697674
Benign,4252,75.65310077519379
Benign,4253,80.65310077519379
Benign,4254,90.90310077519379
Benign,4255,86.77325581395348
Benign,4256,89.06395348837209
Benign,4257,88.28875968992249
Benign,4258,78.58333333333333
Benign,4259,85.54069767441861
Benign,4260,90.55232558139535
Benign,4261,86.41279069767442
Benign,4262,91.20736434108527
Benign,4263,88.34108527131782
Benign,4264,90.81007751937985
Benign,4265,90.6375968992248
Benign,4266,89.01744186046511
Benign,4267,87.34108527131782
Benign,4268,96.43023255813954
Benign,4269,90.76937984496124
Benign,4270,81.94767441860465
Benign,4271,89.74418604651163
Benign,4272,83.66279069767442
Benign,4273,93.70930232558139
Benign,4274,73.45930232558139
Benign,4275,80.36046511627907
Benign,4276,82.95736434108527
Benign,4277,84.66472868217055
Benign,4278,89.38953488372093
Benign,4279,98.12403100775194
Benign,4280,86.84496124031008
Benign,4281,83.75
Benign,4282,83.48449612403101
Benign,4283,94.06782945736434
Benign,4284,79.85852713178295
Benign,4285,77.95542635658914
Benign,4286,90.2751937984496
Benign,4287,96.02713178294573
Benign,4288,91.81589147286822
Benign,4289,81.67054263565892
Benign,4290,72.93217054263566
Benign,4291,89.79069767441861
Benign,4292,104.16666666666667
Benign,4293,87.38178294573643
Benign,4294,91.8953488372093
Benign,4295,84.13565891472868
Benign,4296,88.40116279069767
Benign,4297,87.38178294573643
Benign,4298,70.47868217054264
Benign,4299,86.37015503875969
Benign,4300,100.8953488372093
Benign,4301,93.43992248062015
Benign,4302,89.62984496124031
Benign,4303,87.75193798449612
Benign,4304,74.41472868217055
Benign,4305,73.9922480620155
Benign,4306,91.86821705426357
Benign,4307,86.10658914728683
Benign,4308,83.19961240310077
Benign,4309,87.44573643410853
Benign,4310,81.61627906976744
Benign,4311,78.72674418604652
Benign,4312,90.59883720930233
Benign,4313,86.93604651162791
Benign,4314,84.68217054263566
Benign,4315,108.81201550387597
Benign,4316,81.5
Benign,4317,95.90697674418605
Benign,4318,93.20736434108527
Benign,4319,99.37015503875969
Benign,4320,89.54651162790698
Benign,4321,78.39147286821705
Benign,4322,79.22868217054264
Benign,4323,81.40503875968992
Benign,4324,86.84689922480621
Benign,4325,85.14922480620154
Benign,4326,89.94186046511628
Benign,4327,84.70736434108527
Benign,4328,90.4108527131783
Benign,4329,93.98837209302326
Benign,4330,76.27906976744185
Benign,4331,83.35852713178295
Benign,4332,82.44573643410853
Benign,4333,82.28488372093024
Benign,4334,85.43992248062015
Benign,4335,86.60271317829458
Benign,4336,96.46317829457364
Benign,4337,90.30813953488372
Benign,4338,92.2015503875969
Benign,4339,93.05232558139535
Benign,4340,80.26162790697674
Benign,4341,91.13178294573643
Benign,4342,87.01937984496124
Benign,4343,87.21317829457364
Benign,4344,87.54069767441861
Benign,4345,86.60271317829458
Benign,4346,84.42829457364341
Benign,4347,86.6046511627907
Benign,4348,83.32558139534883
Benign,4349,103.53488372093024
Benign,4350,83.7015503875969
Benign,4351,91.76550387596899
Benign,4352,79.20348837209302
Benign,4353,71.7984496124031
Benign,4354,95.99031007751938
Benign,4355,90.11821705426357
Benign,4356,84.00387596899225
Benign,4357,85.37209302325581
Benign,4358,85.02131782945736
Benign,4359,86.02713178294573
Benign,4360,93.27713178294573
Benign,4361,81.22674418604652
Benign,4362,83.56201550387597
Benign,4363,89.5077519379845
Benign,4364,83.09496124031008
Benign,4365,79.87209302325581
Benign,4366,90.62596899224806
Benign,4367,96.22674418604652
Benign,4368,101.1046511627907
Benign,4369,77.05232558139535
Benign,4370,69.15697674418605
Benign,4371,81.82751937984496
Benign,4372,85.0077519379845
Benign,4373,79.84108527131782
Benign,4374,86.77325581395348
Benign,4375,80.75
Benign,4376,86.99031007751938
Benign,4377,100.85271317829458
Benign,4378,91.75387596899225
Benign,4379,91.61821705426357
Benign,4380,88.03488372093024
Benign,4381,90.4748062015504
Benign,4382,88.36434108527132
Benign,4383,77.35658914728683
Benign,4384,93.19961240310077
Benign,4385,81.93604651162791
Benign,4386,81.38953488372093
Benign,4387,88.87984496124031
Benign,4388,97.05813953488372
Benign,4389,82.76356589147287
Benign,4390,82.00193798449612
Benign,4391,88.20930232558139
Benign,4392,83.40310077519379
Benign,4393,85.29651162790698
Benign,4394,76.90891472868218
Benign,4395,93.77325581395348
Benign,4396,81.15503875968992
Benign,4397,93.11821705426357
Benign,4398,81.49612403100775
Benign,4399,84.46124031007751
Benign,4400,75.30232558139535
Benign,4401,79.87596899224806
Benign,4402,89.52131782945736
Benign,4403,93.5484496124031
Benign,4404,81.20348837209302
Benign,4405,95.8546511627907
Benign,4406,101.60852713178295
Benign,4407,84.52713178294573
Benign,4408,78.78294573643412
Benign,4409,87.78100775193798
Benign,4410,86.83527131782945
Benign,4411,75.74612403100775
Benign,4412,97.53875968992249
Benign,4413,92.77131782945736
Benign,4414,90.74418604651163
Benign,4415,83.3062015503876
Benign,4416,86.14147286821705
Benign,4417,81.1608527131783
Benign,4418,86.15116279069767
Benign,4419,79.43604651162791
Benign,4420,81.28294573643412
Benign,4421,87.3953488372093
Benign,4422,101.56782945736434
Benign,4423,89.4437984496124
Benign,4424,87.6453488372093
Benign,4425,75.62209302325581
Benign,4426,92.05426356589147
Benign,4427,87.98449612403101
Benign,4428,82.44767441860465
Benign,4429,85.5484496124031
Benign,4430,88.8875968992248
Benign,4431,82.13178294573643
Benign,4432,90.38178294573643
Benign,4433,84.02131782945736
Benign,4434,74.45542635658914
Benign,4435,81.90697674418605
Benign,4436,84.18410852713178
Benign,4437,92.8624031007752
Benign,4438,89.26744186046511
Benign,4439,80.7984496124031
Benign,4440,78.27325581395348
Benign,4441,94.37403100775194
Benign,4442,85.63953488372093
Benign,4443,101.04457364341086
Benign,4444,97.21124031007751
Benign,4445,82.93604651162791
Benign,4446,78.6686046511628
Benign,4447,90.55232558139535
Benign,4448,79.94961240310077
Benign,4449,88.24612403100775
Benign,4450,83.4437984496124
Benign,4451,77.37015503875969
Benign,4452,89.67054263565892
Benign,4453,82.9748062015504
Benign,4454,83.3062015503876
Benign,4455,81.28682170542636
Benign,4456,85.01356589147287
Benign,4457,93.3062015503876
Benign,4458,85.90697674418605
Benign,4459,105.17248062015504
Benign,4460,84.73643410852713
Benign,4461,84.12596899224806
Benign,4462,80.73255813953489
Benign,4463,83.12984496124031
Benign,4464,82.77325581395348
Benign,4465,89.53682170542636
Benign,4466,82.50193798449612
Benign,4467,95.75
Benign,4468,79.81007751937985
Benign,4469,90.09496124031008
Benign,4470,89.57945736434108
Benign,4471,82.25968992248062
Benign,4472,92.44186046511628
Benign,4473,84.39728682170542
Benign,4474,80.9748062015504
Benign,4475,90.41472868217055
Benign,4476,82.18992248062015
Benign,4477,90.68217054263566
Benign,4478,83.43023255813954
Benign,4479,89.36821705426357
Benign,4480,87.34689922480621
Benign,4481,92.37403100775194
Benign,4482,81.54457364341086
Benign,4483,86.80232558139535
Benign,4484,78.8953488372093
Benign,4485,83.05813953488372
Benign,4486,85.90310077519379
Benign,4487,98.99806201550388
Benign,4488,80.31201550387597
Benign,4489,99.98255813953489
Benign,4490,90.1686046511628
Benign,4491,82.6124031007752
Benign,4492,89.3313953488372
Benign,4493,86.19767441860465
Benign,4494,96.08333333333333
Benign,4495,83.3391472868217
Benign,4496,83.78294573643412
Benign,4497,73.74612403100775
Benign,4498,105.81976744186046
Benign,4499,85.62790697674419
Benign,4500,80.91666666666667
Benign,4501,93.75968992248062
Benign,4502,93.40116279069767
Benign,4503,92.2577519379845
Benign,4504,80.19767441860465
Benign,4505,86.71124031007751
Benign,4506,73.73062015503876
Benign,4507,78.43604651162791
Benign,4508,98.47286821705427
Benign,4509,79.98255813953489
Benign,4510,92.74806201550388
Benign,4511,91.82945736434108
Benign,4512,81.96124031007751
Benign,4513,96.23643410852713
Benign,4514,97.42829457364341
Benign,4515,73.47868217054264
Benign,4516,84.07558139534883
Benign,4517,84.28875968992249
Benign,4518,84.65116279069767
Benign,4519,87.99806201550388
Benign,4520,81.34302325581395
Benign,4521,78.75968992248062
Benign,4522,88.15116279069767
Benign,4523,81.41279069767442
Benign,4524,82.59496124031008
Benign,4525,86.61046511627907
Benign,4526,95.25968992248062
Benign,4527,78.51550387596899
Benign,4528,86.15310077519379
Benign,4529,83.45930232558139
Benign,4530,80.18023255813954
Benign,4531,83.25581395348837
Benign,4532,76.96317829457364
Benign,4533,79.5891472868217
Benign,4534,71.61046511627907
Benign,4535,99.48062015503876
Benign,4536,85.79651162790698
Benign,4537,76.18604651162791
Benign,4538,77.73837209302326
Benign,4539,91.01356589147287
Benign,4540,90.93217054263566
Benign,4541,85.93023255813954
Benign,4542,84.32364341085271
Benign,4543,77.32170542635659
Benign,4544,88.20348837209302
Benign,4545,85.00387596899225
Benign,4546,86.60852713178295
Benign,4547,83.21317829457364
Benign,4548,82.53682170542636
Benign,4549,84.63178294573643
Benign,4550,90.31589147286822
Benign,4551,83.41666666666667
Benign,4552,89.87984496124031
Benign,4553,79.37403100775194
Benign,4554,94.12984496124031
Benign,4555,82.6608527131783
Benign,4556,80.07751937984496
Benign,4557,85.59689922480621
Benign,4558,82.17829457364341
Benign,4559,89.55426356589147
Benign,4560,81.22674418604652
Benign,4561,86.02906976744185
Benign,4562,84.97674418604652
Benign,4563,85.87015503875969
Benign,4564,94.30426356589147
Benign,4565,84.46899224806202
Benign,4566,85.57364341085271
Benign,4567,76.44186046511628
Benign,4568,81.76162790697674
Benign,4569,93.6686046511628
Benign,4570,81.35658914728683
Benign,4571,87.77131782945736
Benign,4572,91.54263565891473
Benign,4573,89.06395348837209
Benign,4574,90.57170542635659
Benign,4575,82.51356589147287
Benign,4576,98.5891472868217
Benign,4577,82.7577519379845
Benign,4578,76.91472868217055
Benign,4579,86.54457364341086
Benign,4580,96.07170542635659
Benign,4581,77.22286821705427
Benign,4582,75.0813953488372
Benign,4583,83.78488372093024
Benign,4584,84.12209302325581
Benign,4585,80.64341085271317
Benign,4586,80.94186046511628
Benign,4587,91.53682170542636
Benign,4588,85.31782945736434
Benign,4589,84.93798449612403
Benign,4590,79.62984496124031
Benign,4591,79.28294573643412
Benign,4592,90.0891472868217
Benign,4593,94.06201550387597
Benign,4594,78.68217054263566
Benign,4595,86.96705426356588
Benign,4596,79.14147286821705
Benign,4597,94.34302325581395
Benign,4598,82.43604651162791
Benign,4599,83.19767441860465
Benign,4600,81.8062015503876
Benign,4601,88.72093023255815
Benign,4602,77.32558139534883
Benign,4603,84.08333333333333
Benign,4604,91.07364341085271
Benign,4605,91.79069767441861
Benign,4606,82.66279069767442
Benign,4607,89.56782945736434
Benign,4608,87.23837209302326
Benign,4609,78.25387596899225
Benign,4610,84.01550387596899
Benign,4611,81.36434108527132
Benign,4612,79.49806201550388
Benign,4613,85.65503875968992
Benign,4614,94.3313953488372
Benign,4615,84.2248062015504
Benign,4616,83.62790697674419
Benign,4617,82.72674418604652
Benign,4618,83.22674418604652
Benign,4619,84.38178294573643
Benign,4620,92.40697674418605
Benign,4621,92.80426356589147
Benign,4622,93.71124031007751
Benign,4623,82.6453488372093
Benign,4624,85.76356589147287
Benign,4625,89.8875968992248
Benign,4626,84.34108527131782
Benign,4627,87.44573643410853
Benign,4628,87.30813953488372
Benign,4629,75.31976744186046
Benign,4630,86.85852713178295
Benign,4631,81.00968992248062
Benign,4632,88.4922480620155
Benign,4633,81.42054263565892
Benign,4634,91.10077519379846
Benign,4635,85.27906976744185
Benign,4636,80.96899224806202
Benign,4637,79.56976744186046
Benign,4638,81.74612403100775
Benign,4639,88.29263565891473
Benign,4640,84.66279069767442
Benign,4641,93.34496124031008
Benign,4642,91.15310077519379
Benign,4643,85.34689922480621
Benign,4644,83.27906976744185
Benign,4645,90.22868217054264
Benign,4646,79.30232558139535
Benign,4647,89.67441860465117
Benign,4648,88.92248062015504
Benign,4649,83.12403100775194
Benign,4650,79.23255813953489
Benign,4651,87.85658914728683
Benign,4652,86.51356589147287
Benign,4653,77.09496124031008
Benign,4654,80.61821705426357
Benign,4655,92.09689922480621
Benign,4656,86.41472868217055
Benign,4657,78.84108527131782
Benign,4658,83.99612403100775
Benign,4659,90.92441860465117
Benign,4660,82.48837209302326
Benign,4661,87.33333333333333
Benign,4662,78.21317829457364
Benign,4663,86.49612403100775
Benign,4664,100.96124031007751
Benign,4665,72.9748062015504
Benign,4666,84.24806201550388
Benign,4667,96.53100775193798
Benign,4668,89.61046511627907
Benign,4669,102.59302325581395
Benign,4670,78.11434108527132
Benign,4671,86.10658914728683
Benign,4672,91.56589147286822
Benign,4673,93.62403100775194
Benign,4674,77.39728682170542
Benign,4675,89.75193798449612
Benign,4676,74.88372093023256
Benign,4677,94.60658914728683
Benign,4678,69.93604651162791
Benign,4679,77.6608527131783
Benign,4680,95.68798449612403
Benign,4681,86.13178294573643
Benign,4682,84.05813953488372
Benign,4683,76.59302325581395
Benign,4684,76.2751937984496
Benign,4685,92.75
Benign,4686,76.06201550387597
Benign,4687,100.08333333333333
Benign,4688,94.7984496124031
Benign,4689,71.92054263565892
Benign,4690,80.64147286821705
Benign,4691,90.15116279069767
Benign,4692,93.89341085271317
Benign,4693,80.54457364341086
Benign,4694,82.56589147286822
Benign,4695,77.73837209302326
Benign,4696,86.22868217054264
Benign,4697,88.06976744186046
Benign,4698,80.82364341085271
Benign,4699,79.90116279069767
Benign,4700,86.37984496124031
Benign,4701,89.27131782945736
Benign,4702,80.7751937984496
Benign,4703,87.99418604651163
Benign,4704,94.88565891472868
Benign,4705,85.26356589147287
Benign,4706,89.93023255813954
Benign,4707,87.06201550387597
Benign,4708,80.75581395348837
Benign,4709,80.33720930232558
Benign,4710,80.75193798449612
Benign,4711,84.6375968992248
Benign,4712,77.94573643410853
Benign,4713,80.76550387596899
Benign,4714,75.17635658914729
Benign,4715,85.69573643410853
Benign,4716,83.6453488372093
Benign,4717,83.71317829457364
Benign,4718,91.0891472868217
Benign,4719,91.13953488372093
Benign,4720,81.2577519379845
Benign,4721,91.97674418604652
Benign,4722,89.47093023255815
Benign,4723,83.75
Benign,4724,94.38565891472868
Benign,4725,84.42248062015504
Benign,4726,90.21511627906976
Benign,4727,86.93992248062015
Benign,4728,86.35271317829458
Benign,4729,84.26937984496124
Benign,4730,82.76356589147287
Benign,4731,90.68992248062015
Benign,4732,79.21511627906976
Benign,4733,88.84496124031008
Benign,4734,82.1046511627907
Benign,4735,89.86046511627907
Benign,4736,82.70348837209302
Benign,4737,90.31007751937985
Benign,4738,81.19767441860465
Benign,4739,89.1453488372093
Benign,4740,88.52325581395348
Benign,4741,82.56782945736434
Benign,4742,82.49806201550388
Benign,4743,79.86046511627907
Benign,4744,76.09496124031008
Benign,4745,76.32170542635659
Benign,4746,79.53682170542636
Benign,4747,92.37403100775194
Benign,4748,88.64922480620154
Benign,4749,83.55038759689923
Benign,4750,91.79457364341086
Benign,4751,88.9437984496124
Benign,4752,84.79651162790698
Benign,4753,82.16279069767442
Benign,4754,83.15891472868218
Benign,4755,90.8313953488372
Benign,4756,81.45736434108527
Benign,4757,90.74612403100775
Benign,4758,82.66472868217055
Benign,4759,93.4437984496124
Benign,4760,92.81589147286822
Benign,4761,84.68217054263566
Benign,4762,71.67248062015504
Benign,4763,80.87209302325581
Benign,4764,79.22674418604652
Benign,4765,83.15697674418605
Benign,4766,78.82558139534883
Benign,4767,82.81976744186046
Benign,4768,80.00193798449612
Benign,4769,92.45542635658914
Benign,4770,80.15697674418605
Benign,4771,75.33720930232558
Benign,4772,90.95542635658914
Benign,4773,84.15116279069767
Benign,4774,88.14728682170542
Benign,4775,84.76744186046511
Benign,4776,86.71705426356588
Benign,4777,90.23449612403101
Benign,4778,96.5891472868217
Benign,4779,90.95542635658914
Benign,4780,83.58720930232558
Benign,4781,86.53488372093024
Benign,4782,89.54651162790698
Benign,4783,96.40116279069767
Benign,4784,98.76550387596899
Benign,4785,86.36434108527132
Benign,4786,79.50581395348837
Benign,4787,68.20930232558139
Benign,4788,78.72674418604652
Benign,4789,85.35271317829458
Benign,4790,75.94767441860465
Benign,4791,76.74806201550388
Benign,4792,99.41472868217055
Benign,4793,84.06007751937985
Benign,4794,88.57945736434108
Benign,4795,83.40116279069767
Benign,4796,80.00193798449612
Benign,4797,84.1453488372093
Benign,4798,80.20348837209302
Benign,4799,76.58527131782945
Benign,4800,83.42441860465117
Benign,4801,78.8391472868217
Benign,4802,88.85271317829458
Benign,4803,72.23062015503876
Benign,4804,84.04069767441861
Benign,4805,88.36434108527132
Benign,4806,97.98643410852713
Benign,4807,79.8313953488372
Benign,4808,86.76550387596899
Benign,4809,83.77325581395348
Benign,4810,80.93604651162791
Benign,4811,88.87403100775194
Benign,4812,89.53100775193798
Benign,4813,84.65697674418605
Benign,4814,73.68798449612403
Benign,4815,76.29651162790698
Benign,4816,89.37984496124031
Benign,4817,74.94573643410853
Benign,4818,75.19961240310077
Benign,4819,89.49418604651163
Benign,4820,86.68992248062015
Benign,4821,92.95930232558139
Benign,4822,93.08527131782945
Benign,4823,85.93604651162791
Benign,4824,79.36821705426357
Benign,4825,93.50581395348837
Benign,4826,79.59108527131782
Benign,4827,92.07751937984496
Benign,4828,81.96124031007751
Benign,4829,90.98255813953489
Benign,4830,88.23643410852713
Benign,4831,75.43604651162791
Benign,4832,88.95930232558139
Benign,4833,81.0891472868217
Benign,4834,92.52131782945736
Benign,4835,86.58720930232558
Benign,4836,85.07945736434108
Benign,4837,76.88953488372093
Benign,4838,101.88178294573643
Benign,4839,86.45348837209302
Benign,4840,83.80038759689923
Benign,4841,90.07945736434108
Benign,4842,96.86627906976744
Benign,4843,82.61627906976744
Benign,4844,92.27131782945736
Benign,4845,90.05426356589147
Benign,4846,83.93604651162791
Benign,4847,90.00581395348837
Benign,4848,90.51162790697674
Benign,4849,78.22868217054264
Benign,4850,84.65310077519379
Benign,4851,75.21899224806202
Benign,4852,110.04651162790698
Benign,4853,81.7015503875969
Benign,4854,87.34302325581395
Benign,4855,79.3391472868217
Benign,4856,85.94767441860465
Benign,4857,100.98062015503876
Benign,4858,88.75
Benign,4859,81.70348837209302
Benign,4860,81.68992248062015
Benign,4861,84.53682170542636
Benign,4862,85.01356589147287
Benign,4863,78.93410852713178
Benign,4864,101.36434108527132
Benign,4865,86.26550387596899
Benign,4866,77.04651162790698
Benign,4867,92.42635658914729
Benign,4868,100.22674418604652
Benign,4869,91.75
Benign,4870,93.01550387596899
Benign,4871,89.54263565891473
Benign,4872,82.90697674418605
Benign,4873,88.9108527131783
Benign,4874,85.04263565891473
Benign,4875,83.02906976744185
Benign,4876,84.39922480620154
Benign,4877,80.15116279069767
Benign,4878,78.96317829457364
Benign,4879,81.34302325581395
Benign,4880,100.82364341085271
Benign,4881,90.75968992248062
Benign,4882,80.7422480620155
Benign,4883,89.17054263565892
Benign,4884,77.83333333333333
Benign,4885,74.0251937984496
Benign,4886,89.38178294573643
Benign,4887,79.66279069767442
Benign,4888,85.56201550387597
Benign,4889,73.6124031007752
Benign,4890,77.56976744186046
Benign,4891,75.5562015503876
Benign,4892,78.7015503875969
Benign,4893,76.1686046511628
Benign,4894,79.83720930232558
Benign,4895,82.89341085271317
Benign,4896,95.81589147286822
Benign,4897,81.73837209302326
Benign,4898,83.11821705426357
Benign,4899,74.13565891472868
Benign,4900,85.11627906976744
Benign,4901,84.09496124031008
Benign,4902,91.29457364341086
Benign,4903,83.92829457364341
Benign,4904,80.15503875968992
Benign,4905,96.93023255813954
Benign,4906,85.85658914728683
Benign,4907,92.83333333333333
Benign,4908,80.8875968992248
Benign,4909,75.46511627906976
Benign,4910,94.61434108527132
Benign,4911,81.20736434108527
Benign,4912,87.86821705426357
Benign,4913,72.93992248062015
Benign,4914,91.38953488372093
Benign,4915,85.84883720930233
Benign,4916,79.35077519379846
Benign,4917,88.08527131782945
Benign,4918,89.37015503875969
Benign,4919,96.27325581395348
Benign,4920,76.38565891472868
Benign,4921,77.62403100775194
Benign,4922,93.96899224806202
Benign,4923,86.52713178294573
Benign,4924,80.39341085271317
Benign,4925,95.09108527131782
Benign,4926,88.75387596899225
Benign,4927,72.7015503875969
Benign,4928,80.56976744186046
Benign,4929,87.32751937984496
Benign,4930,80.48837209302326
Benign,4931,88.79069767441861
Benign,4932,86.75581395348837
Benign,4933,74.17635658914729
Benign,4934,78.50581395348837
Benign,4935,86.55038759689923
Benign,4936,79.99031007751938
Benign,4937,98.76356589147287
Benign,4938,80.26937984496124
Benign,4939,84.24418604651163
Benign,4940,80.34496124031008
Benign,4941,81.97674418604652
Benign,4942,71.32751937984496
Benign,4943,82.30232558139535
Benign,4944,87.86046511627907
Benign,4945,72.8875968992248
Benign,4946,90.44961240310077
Benign,4947,81.76356589147287
Benign,4948,82.19767441860465
Benign,4949,81.63565891472868
Benign,4950,88.12790697674419
Benign,4951,87.40697674418605
Benign,4952,83.92054263565892
Benign,4953,87.67441860465117
Benign,4954,78.86627906976744
Benign,4955,80.61434108527132
Benign,4956,77.51937984496124
Benign,4957,77.06201550387597
Benign,4958,79.07751937984496
Benign,4959,103.86821705426357
Benign,4960,94.51162790697674
Benign,4961,87.3953488372093
Benign,4962,90.37403100775194
Benign,4963,90.82751937984496
Benign,4964,74.77131782945736
Benign,4965,80.03294573643412
Benign,4966,87.60271317829458
Benign,4967,85.82170542635659
Benign,4968,81.43798449612403
Benign,4969,89.53100775193798
Benign,4970,77.52325581395348
Benign,4971,84.98837209302326
Benign,4972,77.9922480620155
Benign,4973,87.54263565891473
Benign,4974,99.60852713178295
Benign,4975,93.48449612403101
Benign,4976,85.35658914728683
Benign,4977,87.80038759689923
Benign,4978,100.34496124031008
Benign,4979,79.50193798449612
Benign,4980,95.73062015503876
Benign,4981,87.8062015503876
Benign,4982,86.10077519379846
Benign,4983,77.03294573643412
Benign,4984,90.54457364341086
Benign,4985,84.78488372093024
Benign,4986,78.75
Benign,4987,89.30038759689923
Benign,4988,93.96511627906976
Benign,4989,85.34883720930233
Benign,4990,86.99418604651163
Benign,4991,90.37790697674419
Benign,4992,91.04457364341086
Benign,4993,90.42441860465117
Benign,4994,87.17441860465117
Benign,4995,91.41279069767442
Benign,4996,82.03488372093024
Benign,4997,84.34689922480621
Benign,4998,85.42248062015504
Benign,4999,87.57364341085271
Benign,5000,82.56007751937985
Jailbreak,1,335.17087378640775
Jailbreak,2,310.7126213592233
Jailbreak,3,315.90291262135923
Jailbreak,4,334.38058252427186
Jailbreak,5,325.5339805825243
Jailbreak,6,320.747572815534
Jailbreak,7,333.05631067961167
Jailbreak,8,329.08155339805825
Jailbreak,9,323.3572815533981
Jailbreak,10,318.74368932038834
Jailbreak,11,328.3203883495146
Jailbreak,12,325.273786407767
Jailbreak,13,325.38252427184466
Jailbreak,14,314.695145631068
Jailbreak,15,332.1223300970874
Jailbreak,16,333.2019417475728
Jailbreak,17,340.70679611650485
Jailbreak,18,347.54757281553395
Jailbreak,19,341.6271844660194
Jailbreak,20,322.5514563106796
Jailbreak,21,315.6601941747573
Jailbreak,22,343.70485436893205
Jailbreak,23,334.021359223301
Jailbreak,24,329.1747572815534
Jailbreak,25,310.2679611650485
Jailbreak,26,329.9766990291262
Jailbreak,27,324.28155339805824
Jailbreak,28,336.36699029126214
Jailbreak,29,331.70291262135925
Jailbreak,30,333.178640776699
Jailbreak,31,342.9980582524272
Jailbreak,32,335.8776699029126
Jailbreak,33,304.34757281553397
Jailbreak,34,324.59223300970876
Jailbreak,35,332.7514563106796
Jailbreak,36,314.56893203883493
Jailbreak,37,320.6
Jailbreak,38,317.50873786407766
Jailbreak,39,338.5165048543689
Jailbreak,40,337.81165048543687
Jailbreak,41,331.40194174757283
Jailbreak,42,308.18446601941747
Jailbreak,43,320.05631067961167
Jailbreak,44,315.6097087378641
Jailbreak,45,316.21747572815536
Jailbreak,46,315.2834951456311
Jailbreak,47,333.7281553398058
Jailbreak,48,344.2640776699029
Jailbreak,49,334.5029126213592
Jailbreak,50,320.1592233009709
Jailbreak,51,314.68543689320387
Jailbreak,52,307.03106796116504
Jailbreak,53,328.0388349514563
Jailbreak,54,324.4097087378641
Jailbreak,55,303.6116504854369
Jailbreak,56,326.1436893203884
Jailbreak,57,325.8912621359223
Jailbreak,58,307.4815533980582
Jailbreak,59,346.50679611650486
Jailbreak,60,326.27766990291263
Jailbreak,61,322.27766990291263
Jailbreak,62,320.29126213592235
Jailbreak,63,322.78058252427184
Jailbreak,64,328.2116504854369
Jailbreak,65,314.2116504854369
Jailbreak,66,331.1126213592233
Jailbreak,67,342.20776699029125
Jailbreak,68,349.747572815534
Jailbreak,69,325.3766990291262
Jailbreak,70,324.0233009708738
Jailbreak,71,327.41941747572815
Jailbreak,72,317.926213592233
Jailbreak,73,311.45436893203885
Jailbreak,74,308.20388349514565
Jailbreak,75,335.1456310679612
Jailbreak,76,342.4621359223301
Jailbreak,77,316.06019417475727
Jailbreak,78,342.74563106796114
Jailbreak,79,351.53009708737864
Jailbreak,80,338.66990291262135
Jailbreak,81,313.52621359223303
Jailbreak,82,339.40582524271844
Jailbreak,83,328.7145631067961
Jailbreak,84,335.56116504854367
Jailbreak,85,328.2135922330097
Jailbreak,86,338.9980582524272
Jailbreak,87,311.0194174757282
Jailbreak,88,330.6019417475728
Jailbreak,89,337.7242718446602
Jailbreak,90,339.63495145631066
Jailbreak,91,321.32815533980585
Jailbreak,92,338.3864077669903
Jailbreak,93,314.8582524271845
Jailbreak,94,341.0757281553398
Jailbreak,95,348.15339805825244
Jailbreak,96,320.6077669902913
Jailbreak,97,336.95533980582525
Jailbreak,98,324.726213592233
Jailbreak,99,331.9650485436893
Jailbreak,100,329.15728155339804
Jailbreak,101,332.4135922330097
Jailbreak,102,333.88349514563106
Jailbreak,103,329.9864077669903
Jailbreak,104,348.2252427184466
Jailbreak,105,327.05631067961167
Jailbreak,106,347.3941747572816
Jailbreak,107,342.9883495145631
Jailbreak,108,313.7242718446602
Jailbreak,109,323.7747572815534
Jailbreak,110,331.40776699029124
Jailbreak,111,322.3203883495146
Jailbreak,112,334.0368932038835
Jailbreak,113,321.58058252427185
Jailbreak,114,312.9805825242718
Jailbreak,115,344.06796116504853
Jailbreak,116,315.1728155339806
Jailbreak,117,331.08155339805825
Jailbreak,118,332.48932038834954
Jailbreak,119,308.2718446601942
Jailbreak,120,326.6077669902913
Jailbreak,121,323.11650485436894
Jailbreak,122,352.8718446601942
Jailbreak,123,351.13398058252426
Jailbreak,124,353.3883495145631
Jailbreak,125,335.30679611650487
Jailbreak,126,336.73980582524274
Jailbreak,127,335.50679611650486
Jailbreak,128,337.978640776699
Jailbreak,129,328.00582524271846
Jailbreak,130,331.06213592233007
Jailbreak,131,318.61553398058254
Jailbreak,132,329.75728155339806
Jailbreak,133,319.84660194174756
Jailbreak,134,319.55728155339807
Jailbreak,135,333.50485436893206
Jailbreak,136,345.6970873786408
Jailbreak,137,324.4135922330097
Jailbreak,138,316.7844660194175
Jailbreak,139,328.54368932038835
Jailbreak,140,322.3592233009709
Jailbreak,141,317.273786407767
Jailbreak,142,329.7669902912621
Jailbreak,143,341.7106796116505
Jailbreak,144,338.4252427184466
Jailbreak,145,324.3572815533981
Jailbreak,146,328.4873786407767
Jailbreak,147,322.5145631067961
Jailbreak,148,359.91650485436895
Jailbreak,149,332.0504854368932
Jailbreak,150,347.1456310679612
Jailbreak,151,329.3417475728155
Jailbreak,152,323.46990291262136
Jailbreak,153,356.22135922330096
Jailbreak,154,342.9747572815534
Jailbreak,155,356.6388349514563
Jailbreak,156,315.9611650485437
Jailbreak,157,319.1378640776699
Jailbreak,158,330.66796116504855
Jailbreak,159,330.7145631067961
Jailbreak,160,333.7165048543689
Jailbreak,161,333.45631067961165
Jailbreak,162,319.61553398058254
Jailbreak,163,337.91650485436895
Jailbreak,164,344.09708737864077
Jailbreak,165,329.3747572815534
Jailbreak,166,324.86990291262134
Jailbreak,167,311.1495145631068
Jailbreak,168,321.6407766990291
Jailbreak,169,318.2660194174757
Jailbreak,170,330.36893203883494
Jailbreak,171,328.95533980582525
Jailbreak,172,314.45436893203885
Jailbreak,173,358.24271844660194
Jailbreak,174,341.021359223301
Jailbreak,175,325.79223300970875
Jailbreak,176,328.90679611650484
Jailbreak,177,322.6621359223301
Jailbreak,178,336.74368932038834
Jailbreak,179,344.0757281553398
Jailbreak,180,312.8019417475728
Jailbreak,181,335.79223300970875
Jailbreak,182,337.926213592233
Jailbreak,183,330.3922330097087
Jailbreak,184,314.46990291262136
Jailbreak,185,321.70679611650485
Jailbreak,186,335.80970873786407
Jailbreak,187,336.81165048543687
Jailbreak,188,340.2873786407767
Jailbreak,189,331.84466019417476
Jailbreak,190,339.1106796116505
Jailbreak,191,330.88155339805826
Jailbreak,192,311.81941747572813
Jailbreak,193,326.7300970873786
Jailbreak,194,331.02912621359224
Jailbreak,195,338.92038834951455
Jailbreak,196,345.0194174757282
Jailbreak,197,330.74368932038834
Jailbreak,198,327.768932038835
Jailbreak,199,339.54174757281555
Jailbreak,200,333.77864077669904
Jailbreak,201,323.24466019417474
Jailbreak,202,314.4776699029126
Jailbreak,203,323.93786407766993
Jailbreak,204,306.6504854368932
Jailbreak,205,312.2155339805825
Jailbreak,206,319.3747572815534
Jailbreak,207,325.3611650485437
Jailbreak,208,330.6407766990291
Jailbreak,209,337.54174757281555
Jailbreak,210,329.3223300970874
Jailbreak,211,328.93398058252427
Jailbreak,212,318.7009708737864
Jailbreak,213,325.68932038834953
Jailbreak,214,330.47184466019417
Jailbreak,215,298.55533980582527
Jailbreak,216,343.3203883495146
Jailbreak,217,335.06601941747573
Jailbreak,218,325.13592233009706
Jailbreak,219,334.7300970873786
Jailbreak,220,321.84854368932037
Jailbreak,221,321.1495145631068
Jailbreak,222,343.5223300970874
Jailbreak,223,361.3747572815534
Jailbreak,224,330.2485436893204
Jailbreak,225,343.6466019417476
Jailbreak,226,313.54174757281555
Jailbreak,227,333.3592233009709
Jailbreak,228,342.8970873786408
Jailbreak,229,321.15145631067963
Jailbreak,230,334.54368932038835
Jailbreak,231,333.22135922330096
Jailbreak,232,323.926213592233
Jailbreak,233,320.75533980582526
Jailbreak,234,329.5223300970874
Jailbreak,235,301.81941747572813
Jailbreak,236,329.2466019417476
Jailbreak,237,331.52621359223303
Jailbreak,238,321.7300970873786
Jailbreak,239,350.8912621359223
Jailbreak,240,331.8621359223301
Jailbreak,241,342.2699029126214
Jailbreak,242,307.1087378640777
Jailbreak,243,348.6757281553398
Jailbreak,244,317.7165048543689
Jailbreak,245,325.3009708737864
Jailbreak,246,346.45825242718445
Jailbreak,247,323.3242718446602
Jailbreak,248,337.25436893203886
Jailbreak,249,329.7669902912621
Jailbreak,250,325.16893203883495
Jailbreak,251,322.2893203883495
Jailbreak,252,336.25825242718446
Jailbreak,253,339.7514563106796
Jailbreak,254,319.20582524271845
Jailbreak,255,325.84271844660196
Jailbreak,256,340.87961165048546
Jailbreak,257,323.6601941747573
Jailbreak,258,348.13009708737866
Jailbreak,259,348.7281553398058
Jailbreak,260,326.9126213592233
Jailbreak,261,328.99223300970874
Jailbreak,262,329.54174757281555
Jailbreak,263,331.63106796116506
Jailbreak,264,330.66990291262135
Jailbreak,265,327.0912621359223
Jailbreak,266,328.8621359223301
Jailbreak,267,311.34563106796116
Jailbreak,268,322.2854368932039
Jailbreak,269,300.7864077669903
Jailbreak,270,319.147572815534
Jailbreak,271,346.4776699029126
Jailbreak,272,334.18834951456313
Jailbreak,273,333.13592233009706
Jailbreak,274,334.02718446601943
Jailbreak,275,322.41553398058255
Jailbreak,276,343.9106796116505
Jailbreak,277,317.21941747572816
Jailbreak,278,320.15728155339804
Jailbreak,279,338.29514563106795
Jailbreak,280,321.66601941747575
Jailbreak,281,315.72233009708737
Jailbreak,282,311.6252427184466
Jailbreak,283,324.2252427184466
Jailbreak,284,319.1592233009709
Jailbreak,285,323.99417475728154
Jailbreak,286,348.22135922330096
Jailbreak,287,331.8019417475728
Jailbreak,288,311.29708737864075
Jailbreak,289,333.1456310679612
Jailbreak,290,324.26019417475726
Jailbreak,291,320.3398058252427
Jailbreak,292,302.03106796116504
Jailbreak,293,333.51067961165046
Jailbreak,294,323.68155339805827
Jailbreak,295,316.7728155339806
Jailbreak,296,319.0699029126214
Jailbreak,297,328.1126213592233
Jailbreak,298,327.1456310679612
Jailbreak,299,335.8893203883495
Jailbreak,300,310.91844660194175
Jailbreak,301,332.2485436893204
Jailbreak,302,337.7281553398058
Jailbreak,303,349.2155339805825
Jailbreak,304,315.2873786407767
Jailbreak,305,343.4485436893204
Jailbreak,306,329.91844660194175
Jailbreak,307,340.6038834951456
Jailbreak,308,331.6019417475728
Jailbreak,309,344.6368932038835
Jailbreak,310,317.31650485436893
Jailbreak,311,304.9766990291262
Jailbreak,312,309.49320388349514
Jailbreak,313,328.74368932038834
Jailbreak,314,319.00388349514566
Jailbreak,315,331.7145631067961
Jailbreak,316,334.8601941747573
Jailbreak,317,323.2330097087379
Jailbreak,318,329.45631067961165
Jailbreak,319,312.1009708737864
Jailbreak,320,330.77669902912623
Jailbreak,321,340.5495145631068
Jailbreak,322,337.65242718446603
Jailbreak,323,313.2854368932039
Jailbreak,324,321.72233009708737
Jailbreak,325,342.6776699029126
Jailbreak,326,339.8582524271845
Jailbreak,327,344.0
Jailbreak,328,305.56116504854367
Jailbreak,329,337.8368932038835
Jailbreak,330,310.5883495145631
Jailbreak,331,331.1747572815534
Jailbreak,332,340.9805825242718
Jailbreak,333,308.6776699029126
Jailbreak,334,350.6601941747573
Jailbreak,335,317.19029126213593
Jailbreak,336,319.1456310679612
Jailbreak,337,309.6466019417476
Jailbreak,338,322.273786407767
Jailbreak,339,320.6466019417476
Jailbreak,340,350.3242718446602
Jailbreak,341,341.83106796116505
Jailbreak,342,342.57864077669905
Jailbreak,343,329.7378640776699
Jailbreak,344,338.0912621359223
Jailbreak,345,319.06601941747573
Jailbreak,346,337.04660194174755
Jailbreak,347,323.8019417475728
Jailbreak,348,315.21747572815536
Jailbreak,349,314.34563106796116
Jailbreak,350,329.66990291262135
Jailbreak,351,339.2640776699029
Jailbreak,352,326.40582524271844
Jailbreak,353,319.83300970873785
Jailbreak,354,352.4252427184466
Jailbreak,355,326.65436893203884
Jailbreak,356,327.1029126213592
Jailbreak,357,302.7980582524272
Jailbreak,358,337.8601941747573
Jailbreak,359,336.621359223301
Jailbreak,360,318.09320388349516
Jailbreak,361,356.7533980582524
Jailbreak,362,311.93398058252427
Jailbreak,363,329.0155339805825
Jailbreak,364,317.03106796116504
Jailbreak,365,317.5029126213592
Jailbreak,366,321.2834951456311
Jailbreak,367,326.1766990291262
Jailbreak,368,332.6019417475728
Jailbreak,369,347.3747572815534
Jailbreak,370,349.9300970873786
Jailbreak,371,316.2485436893204
Jailbreak,372,334.99417475728154
Jailbreak,373,339.5747572815534
Jailbreak,374,337.4116504854369
Jailbreak,375,303.34368932038836
Jailbreak,376,328.06796116504853
Jailbreak,377,325.18834951456313
Jailbreak,378,335.8543689320388
Jailbreak,379,336.1456310679612
Jailbreak,380,334.72038834951456
Jailbreak,381,333.6601941747573
Jailbreak,382,327.6271844660194
Jailbreak,383,341.65631067961164
Jailbreak,384,337.65242718446603
Jailbreak,385,323.4271844660194
Jailbreak,386,328.75728155339806
Jailbreak,387,334.09514563106796
Jailbreak,388,316.9980582524272
Jailbreak,389,336.6407766990291
Jailbreak,390,339.7864077669903
Jailbreak,391,324.69320388349513
Jailbreak,392,318.56699029126213
Jailbreak,393,340.03106796116504
Jailbreak,394,301.82912621359225
Jailbreak,395,315.27961165048544
Jailbreak,396,329.66796116504855
Jailbreak,397,308.3242718446602
Jailbreak,398,340.4621359223301
Jailbreak,399,327.747572815534
Jailbreak,400,343.49320388349514
Jailbreak,401,331.0543689320388
Jailbreak,402,315.40582524271844
Jailbreak,403,337.55922330097087
Jailbreak,404,346.7708737864078
Jailbreak,405,336.6582524271845
Jailbreak,406,316.7009708737864
Jailbreak,407,311.8621359223301
Jailbreak,408,337.9300970873786
Jailbreak,409,319.52815533980583
Jailbreak,410,334.0135922330097
Jailbreak,411,327.69320388349513
Jailbreak,412,337.70873786407765
Jailbreak,413,344.09902912621357
Jailbreak,414,304.873786407767
Jailbreak,415,315.59417475728156
Jailbreak,416,323.6621359223301
Jailbreak,417,327.75728155339806
Jailbreak,418,318.7495145631068
Jailbreak,419,331.70291262135925
Jailbreak,420,311.46796116504856
Jailbreak,421,323.873786407767
Jailbreak,422,329.0174757281553
Jailbreak,423,328.78058252427184
Jailbreak,424,336.747572815534
Jailbreak,425,322.8
Jailbreak,426,356.47378640776697
Jailbreak,427,316.7669902912621
Jailbreak,428,343.1631067961165
Jailbreak,429,331.8543689320388
Jailbreak,430,331.4757281553398
Jailbreak,431,332.68737864077667
Jailbreak,432,338.6601941747573
Jailbreak,433,331.5126213592233
Jailbreak,434,316.0388349514563
Jailbreak,435,346.0854368932039
Jailbreak,436,317.3592233009709
Jailbreak,437,311.1378640776699
Jailbreak,438,312.6640776699029
Jailbreak,439,327.68349514563107
Jailbreak,440,325.0349514563107
Jailbreak,441,331.9766990291262
Jailbreak,442,322.9980582524272
Jailbreak,443,347.7980582524272
Jailbreak,444,311.65631067961164
Jailbreak,445,343.126213592233
Jailbreak,446,323.34757281553397
Jailbreak,447,340.7378640776699
Jailbreak,448,318.56893203883493
Jailbreak,449,327.93592233009707
Jailbreak,450,307.09514563106796
Jailbreak,451,319.74563106796114
Jailbreak,452,347.1029126213592
Jailbreak,453,312.2097087378641
Jailbreak,454,322.8601941747573
Jailbreak,455,305.9106796116505
Jailbreak,456,326.72038834951456
Jailbreak,457,333.7106796116505
Jailbreak,458,328.41941747572815
Jailbreak,459,335.304854368932
Jailbreak,460,333.768932038835
Jailbreak,461,319.81165048543687
Jailbreak,462,317.1281553398058
Jailbreak,463,327.1126213592233
Jailbreak,464,334.3203883495146
Jailbreak,465,334.66990291262135
Jailbreak,466,337.55533980582527
Jailbreak,467,338.04077669902915
Jailbreak,468,336.0019417475728
Jailbreak,469,331.695145631068
Jailbreak,470,320.1029126213592
Jailbreak,471,338.06019417475727
Jailbreak,472,315.55728155339807
Jailbreak,473,309.4854368932039
Jailbreak,474,323.90679611650484
Jailbreak,475,330.8776699029126
Jailbreak,476,338.5359223300971
Jailbreak,477,339.95728155339805
Jailbreak,478,330.32815533980585
Jailbreak,479,350.68155339805827
Jailbreak,480,334.44271844660193
Jailbreak,481,328.4873786407767
Jailbreak,482,333.1747572815534
Jailbreak,483,319.7126213592233
Jailbreak,484,338.71844660194176
Jailbreak,485,316.2485436893204
Jailbreak,486,338.6116504854369
Jailbreak,487,332.93592233009707
Jailbreak,488,325.0233009708738
Jailbreak,489,332.8
Jailbreak,490,300.5495145631068
Jailbreak,491,336.3533980582524
Jailbreak,492,316.0873786407767
Jailbreak,493,336.50679611650486
Jailbreak,494,336.3553398058252
Jailbreak,495,334.2019417475728
Jailbreak,496,327.7145631067961
Jailbreak,497,344.3883495145631
Jailbreak,498,340.6271844660194
Jailbreak,499,344.1611650485437
Jailbreak,500,338.7106796116505
Jailbreak,501,322.69126213592233
Jailbreak,502,300.9844660194175
Jailbreak,503,355.42135922330095
Jailbreak,504,337.74563106796114
Jailbreak,505,353.44077669902913
Jailbreak,506,351.0873786407767
Jailbreak,507,333.0
Jailbreak,508,342.19223300970873
Jailbreak,509,346.5223300970874
Jailbreak,510,355.8893203883495
Jailbreak,511,325.53009708737864
Jailbreak,512,318.04660194174755
Jailbreak,513,343.8388349514563
Jailbreak,514,316.72038834951456
Jailbreak,515,316.22135922330096
Jailbreak,516,317.49514563106794
Jailbreak,517,307.3592233009709
Jailbreak,518,355.24077669902914
Jailbreak,519,333.15728155339804
Jailbreak,520,329.252427184466
Jailbreak,521,325.68932038834953
Jailbreak,522,326.3359223300971
Jailbreak,523,301.55533980582527
Jailbreak,524,322.926213592233
Jailbreak,525,319.3378640776699
Jailbreak,526,338.0
Jailbreak,527,347.9825242718447
Jailbreak,528,335.93786407766993
Jailbreak,529,358.0504854368932
Jailbreak,530,327.7902912621359
Jailbreak,531,320.7126213592233
Jailbreak,532,336.22135922330096
Jailbreak,533,321.7495145631068
Jailbreak,534,320.80970873786407
Jailbreak,535,325.32815533980585
Jailbreak,536,307.0194174757282
Jailbreak,537,314.79417475728155
Jailbreak,538,328.3359223300971
Jailbreak,539,344.38252427184466
Jailbreak,540,327.02912621359224
Jailbreak,541,349.18640776699027
Jailbreak,542,336.2854368932039
Jailbreak,543,329.47378640776697
Jailbreak,544,326.3203883495146
Jailbreak,545,329.5495145631068
Jailbreak,546,316.5728155339806
Jailbreak,547,329.49126213592234
Jailbreak,548,329.55533980582527
Jailbreak,549,324.9300970873786
Jailbreak,550,334.5126213592233
Jailbreak,551,327.49514563106794
Jailbreak,552,348.326213592233
Jailbreak,553,326.45825242718445
Jailbreak,554,334.895145631068
Jailbreak,555,330.5533980582524
Jailbreak,556,338.13398058252426
Jailbreak,557,345.3922330097087
Jailbreak,558,340.0349514563107
Jailbreak,559,315.93786407766993
Jailbreak,560,316.0893203883495
Jailbreak,561,321.47184466019417
Jailbreak,562,327.34563106796116
Jailbreak,563,331.03300970873784
Jailbreak,564,320.82912621359225
Jailbreak,565,352.1650485436893
Jailbreak,566,339.84466019417476
Jailbreak,567,339.55922330097087
Jailbreak,568,344.81747572815533
Jailbreak,569,354.5126213592233
Jailbreak,570,309.21941747572816
Jailbreak,571,323.5728155339806
Jailbreak,572,313.3417475728155
Jailbreak,573,336.4097087378641
Jailbreak,574,347.8
Jailbreak,575,323.40388349514564
Jailbreak,576,319.6796116504854
Jailbreak,577,340.42135922330095
Jailbreak,578,343.1611650485437
Jailbreak,579,309.6990291262136
Jailbreak,580,317.5126213592233
Jailbreak,581,320.61553398058254
Jailbreak,582,340.78058252427184
Jailbreak,583,325.8563106796116
Jailbreak,584,329.86601941747574
Jailbreak,585,330.5747572815534
Jailbreak,586,356.84466019417476
Jailbreak,587,330.07961165048545
Jailbreak,588,338.13592233009706
Jailbreak,589,336.86990291262134
Jailbreak,590,308.58252427184465
Jailbreak,591,322.09320388349516
Jailbreak,592,327.24466019417474
Jailbreak,593,333.2135922330097
Jailbreak,594,327.88155339805826
Jailbreak,595,308.3029126213592
Jailbreak,596,317.7009708737864
Jailbreak,597,342.3553398058252
Jailbreak,598,323.29514563106795
Jailbreak,599,323.91844660194175
Jailbreak,600,320.92038834951455
Jailbreak,601,321.78252427184464
Jailbreak,602,322.0174757281553
Jailbreak,603,330.5029126213592
Jailbreak,604,327.72038834951456
Jailbreak,605,324.621359223301
Jailbreak,606,313.8038834951456
Jailbreak,607,320.81359223300973
Jailbreak,608,331.3242718446602
Jailbreak,609,324.6407766990291
Jailbreak,610,323.4466019417476
Jailbreak,611,326.6077669902913
Jailbreak,612,339.0699029126214
Jailbreak,613,316.8349514563107
Jailbreak,614,334.93786407766993
Jailbreak,615,335.1281553398058
Jailbreak,616,339.6019417475728
Jailbreak,617,331.2679611650485
Jailbreak,618,324.4135922330097
Jailbreak,619,316.5339805825243
Jailbreak,620,354.36699029126214
Jailbreak,621,324.0873786407767
Jailbreak,622,322.2388349514563
Jailbreak,623,327.31262135922333
Jailbreak,624,341.05825242718447
Jailbreak,625,342.6019417475728
Jailbreak,626,316.3592233009709
Jailbreak,627,316.1378640776699
Jailbreak,628,332.4796116504854
Jailbreak,629,335.1067961165049
Jailbreak,630,336.852427184466
Jailbreak,631,325.3902912621359
Jailbreak,632,322.3533980582524
Jailbreak,633,335.96893203883496
Jailbreak,634,331.27766990291263
Jailbreak,635,322.21747572815536
Jailbreak,636,329.04660194174755
Jailbreak,637,331.7669902912621
Jailbreak,638,318.4854368932039
Jailbreak,639,342.42135922330095
Jailbreak,640,337.9631067961165
Jailbreak,641,327.79417475728155
Jailbreak,642,338.34563106796116
Jailbreak,643,331.81747572815533
Jailbreak,644,319.6
Jailbreak,645,327.29126213592235
Jailbreak,646,342.56699029126213
Jailbreak,647,334.621359223301
Jailbreak,648,343.3864077669903
Jailbreak,649,341.15728155339804
Jailbreak,650,305.83300970873785
Jailbreak,651,327.8718446601942
Jailbreak,652,324.75728155339806
Jailbreak,653,330.75922330097086
Jailbreak,654,338.8233009708738
Jailbreak,655,333.13203883495146
Jailbreak,656,343.81359223300973
Jailbreak,657,333.6019417475728
Jailbreak,658,350.5533980582524
Jailbreak,659,364.82912621359225
Jailbreak,660,343.7359223300971
Jailbreak,661,324.104854368932
Jailbreak,662,342.74563106796114
Jailbreak,663,323.1281553398058
Jailbreak,664,340.20582524271845
Jailbreak,665,329.83300970873785
Jailbreak,666,327.021359223301
Jailbreak,667,317.09902912621357
Jailbreak,668,317.19029126213593
Jailbreak,669,329.1766990291262
Jailbreak,670,326.50679611650486
Jailbreak,671,338.80776699029127
Jailbreak,672,336.77864077669904
Jailbreak,673,326.07961165048545
Jailbreak,674,344.5009708737864
Jailbreak,675,347.895145631068
Jailbreak,676,324.78252427184464
Jailbreak,677,332.1631067961165
Jailbreak,678,341.2116504854369
Jailbreak,679,316.9883495145631
Jailbreak,680,333.04077669902915
Jailbreak,681,321.4640776699029
Jailbreak,682,317.2097087378641
Jailbreak,683,341.5145631067961
Jailbreak,684,319.2
Jailbreak,685,327.90679611650484
Jailbreak,686,339.36699029126214
Jailbreak,687,323.5495145631068
Jailbreak,688,340.08155339805825
Jailbreak,689,327.11456310679614
Jailbreak,690,324.49126213592234
Jailbreak,691,331.4757281553398
Jailbreak,692,324.83300970873785
Jailbreak,693,337.5359223300971
Jailbreak,694,326.52621359223303
Jailbreak,695,336.07766990291265
Jailbreak,696,334.0135922330097
Jailbreak,697,341.19223300970873
Jailbreak,698,332.1087378640777
Jailbreak,699,311.3766990291262
Jailbreak,700,333.7533980582524
Jailbreak,701,308.36699029126214
Jailbreak,702,358.1436893203884
Jailbreak,703,328.33398058252425
Jailbreak,704,332.06019417475727
Jailbreak,705,319.07766990291265
Jailbreak,706,328.7883495145631
Jailbreak,707,314.11456310679614
Jailbreak,708,325.4135922330097
Jailbreak,709,318.56893203883493
Jailbreak,710,319.59805825242717
Jailbreak,711,314.1029126213592
Jailbreak,712,316.3728155339806
Jailbreak,713,317.4135922330097
Jailbreak,714,336.93592233009707
Jailbreak,715,344.61747572815534
Jailbreak,716,311.81165048543687
Jailbreak,717,343.18058252427187
Jailbreak,718,312.3398058252427
Jailbreak,719,340.24271844660194
Jailbreak,720,340.84854368932037
Jailbreak,721,314.94368932038833
Jailbreak,722,328.8271844660194
Jailbreak,723,366.0893203883495
Jailbreak,724,338.75922330097086
Jailbreak,725,331.59223300970876
Jailbreak,726,312.34563106796116
Jailbreak,727,321.2349514563107
Jailbreak,728,348.7514563106796
Jailbreak,729,319.926213592233
Jailbreak,730,332.70873786407765
Jailbreak,731,314.8932038834951
Jailbreak,732,324.326213592233
Jailbreak,733,346.84466019417476
Jailbreak,734,341.81165048543687
Jailbreak,735,318.18640776699027
Jailbreak,736,350.9980582524272
Jailbreak,737,325.93980582524273
Jailbreak,738,332.72038834951456
Jailbreak,739,326.5009708737864
Jailbreak,740,332.5223300970874
Jailbreak,741,324.40194174757283
Jailbreak,742,346.74174757281554
Jailbreak,743,322.88349514563106
Jailbreak,744,318.8621359223301
Jailbreak,745,315.99417475728154
Jailbreak,746,349.81941747572813
Jailbreak,747,340.83106796116505
Jailbreak,748,333.4796116504854
Jailbreak,749,349.04466019417475
Jailbreak,750,331.59805825242717
Jailbreak,751,325.1242718446602
Jailbreak,752,336.93786407766993
Jailbreak,753,327.03300970873784
Jailbreak,754,327.90291262135923
Jailbreak,755,306.50679611650486
Jailbreak,756,306.31844660194173
Jailbreak,757,332.747572815534
Jailbreak,758,333.69320388349513
Jailbreak,759,330.83106796116505
Jailbreak,760,312.95533980582525
Jailbreak,761,346.7708737864078
Jailbreak,762,343.9844660194175
Jailbreak,763,323.42135922330095
Jailbreak,764,323.2893203883495
Jailbreak,765,341.41941747572815
Jailbreak,766,313.53009708737864
Jailbreak,767,317.5203883495146
Jailbreak,768,338.2368932038835
Jailbreak,769,339.978640776699
Jailbreak,770,323.18640776699027
Jailbreak,771,343.073786407767
Jailbreak,772,328.6252427184466
Jailbreak,773,346.8019417475728
Jailbreak,774,334.3223300970874
Jailbreak,775,329.18834951456313
Jailbreak,776,323.88349514563106
Jailbreak,777,331.74563106796114
Jailbreak,778,325.25631067961166
Jailbreak,779,320.7165048543689
Jailbreak,780,305.4796116504854
Jailbreak,781,325.5126213592233
Jailbreak,782,332.17087378640775
Jailbreak,783,329.9747572815534
Jailbreak,784,322.63106796116506
Jailbreak,785,304.7844660194175
Jailbreak,786,354.99417475728154
Jailbreak,787,326.13398058252426
Jailbreak,788,320.63106796116506
Jailbreak,789,322.43495145631067
Jailbreak,790,340.99611650485434
Jailbreak,791,334.7126213592233
Jailbreak,792,333.47378640776697
Jailbreak,793,330.2679611650485
Jailbreak,794,348.8252427184466
Jailbreak,795,333.6990291262136
Jailbreak,796,332.9242718446602
Jailbreak,797,338.00388349514566
Jailbreak,798,319.5378640776699
Jailbreak,799,335.4990291262136
Jailbreak,800,313.79611650485435
Jailbreak,801,331.0893203883495
Jailbreak,802,321.0368932038835
Jailbreak,803,336.77669902912623
Jailbreak,804,322.1378640776699
Jailbreak,805,345.93592233009707
Jailbreak,806,326.70485436893205
Jailbreak,807,336.1398058252427
Jailbreak,808,348.47378640776697
Jailbreak,809,324.44466019417473
Jailbreak,810,309.4252427184466
Jailbreak,811,353.7339805825243
Jailbreak,812,338.2718446601942
Jailbreak,813,326.7669902912621
Jailbreak,814,344.88155339805826
Jailbreak,815,314.25436893203886
Jailbreak,816,325.8368932038835
Jailbreak,817,322.4116504854369
Jailbreak,818,333.7902912621359
Jailbreak,819,325.4990291262136
Jailbreak,820,332.4
Jailbreak,821,338.8932038834951
Jailbreak,822,330.1980582524272
Jailbreak,823,360.4504854368932
Jailbreak,824,329.04660194174755
Jailbreak,825,334.59417475728156
Jailbreak,826,326.821359223301
Jailbreak,827,330.8912621359223
Jailbreak,828,342.38446601941746
Jailbreak,829,322.7883495145631
Jailbreak,830,335.768932038835
Jailbreak,831,322.13203883495146
Jailbreak,832,340.7669902912621
Jailbreak,833,340.6504854368932
Jailbreak,834,323.59611650485436
Jailbreak,835,322.18252427184467
Jailbreak,836,322.54368932038835
Jailbreak,837,339.53203883495144
Jailbreak,838,337.57864077669905
Jailbreak,839,329.48932038834954
Jailbreak,840,338.231067961165
Jailbreak,841,322.1495145631068
Jailbreak,842,322.8271844660194
Jailbreak,843,324.45436893203885
Jailbreak,844,328.8271844660194
Jailbreak,845,329.73980582524274
Jailbreak,846,339.55922330097087
Jailbreak,847,312.36893203883494
Jailbreak,848,322.2116504854369
Jailbreak,849,337.94174757281553
Jailbreak,850,320.1417475728155
Jailbreak,851,336.02718446601943
Jailbreak,852,330.073786407767
Jailbreak,853,330.09902912621357
Jailbreak,854,326.08155339805825
Jailbreak,855,361.83106796116505
Jailbreak,856,327.895145631068
Jailbreak,857,333.29126213592235
Jailbreak,858,326.20582524271845
Jailbreak,859,323.56116504854367
Jailbreak,860,318.56699029126213
Jailbreak,861,334.29708737864075
Jailbreak,862,335.5728155339806
Jailbreak,863,324.2466019417476
Jailbreak,864,353.9766990291262
Jailbreak,865,320.7669902912621
Jailbreak,866,344.5902912621359
Jailbreak,867,331.2155339805825
Jailbreak,868,322.45825242718445
Jailbreak,869,313.2349514563107
Jailbreak,870,334.3631067961165
Jailbreak,871,338.978640776699
Jailbreak,872,311.7883495145631
Jailbreak,873,318.61747572815534
Jailbreak,874,337.147572815534
Jailbreak,875,314.29126213592235
Jailbreak,876,322.6990291262136
Jailbreak,877,331.1631067961165
Jailbreak,878,316.9844660194175
Jailbreak,879,324.33009708737865
Jailbreak,880,323.94174757281553
Jailbreak,881,343.0233009708738
Jailbreak,882,333.6990291262136
Jailbreak,883,344.24271844660194
Jailbreak,884,323.06407766990293
Jailbreak,885,307.5747572815534
Jailbreak,886,326.0543689320388
Jailbreak,887,330.8601941747573
Jailbreak,888,334.1631067961165
Jailbreak,889,346.42135922330095
Jailbreak,890,342.1417475728155
Jailbreak,891,321.4291262135922
Jailbreak,892,332.45825242718445
Jailbreak,893,317.0019417475728
Jailbreak,894,322.50873786407766
Jailbreak,895,334.3398058252427
Jailbreak,896,335.4970873786408
Jailbreak,897,314.38252427184466
Jailbreak,898,327.68737864077667
Jailbreak,899,319.84271844660196
Jailbreak,900,316.80776699029127
Jailbreak,901,327.63106796116506
Jailbreak,902,332.86990291262134
Jailbreak,903,342.0252427184466
Jailbreak,904,338.99417475728154
Jailbreak,905,337.54757281553395
Jailbreak,906,348.4097087378641
Jailbreak,907,308.9805825242718
Jailbreak,908,323.7165048543689
Jailbreak,909,322.8990291262136
Jailbreak,910,328.2135922330097
Jailbreak,911,340.07766990291265
Jailbreak,912,310.53009708737864
Jailbreak,913,329.88543689320386
Jailbreak,914,319.67184466019415
Jailbreak,915,328.0388349514563
Jailbreak,916,324.8912621359223
Jailbreak,917,328.4485436893204
Jailbreak,918,318.18446601941747
Jailbreak,919,325.0252427184466
Jailbreak,920,304.873786407767
Jailbreak,921,307.231067961165
Jailbreak,922,335.11456310679614
Jailbreak,923,333.6757281553398
Jailbreak,924,316.1009708737864
Jailbreak,925,349.2
Jailbreak,926,321.5747572815534
Jailbreak,927,318.58252427184465
Jailbreak,928,332.75922330097086
Jailbreak,929,329.0873786407767
Jailbreak,930,339.1087378640777
Jailbreak,931,318.33203883495145
Jailbreak,932,341.5223300970874
Jailbreak,933,337.15728155339804
Jailbreak,934,337.7339805825243
Jailbreak,935,343.4815533980582
Jailbreak,936,341.8271844660194
Jailbreak,937,326.50873786407766
Jailbreak,938,340.45631067961165
Jailbreak,939,328.59611650485436
Jailbreak,940,327.0194174757282
Jailbreak,941,304.7514563106796
Jailbreak,942,326.1650485436893
Jailbreak,943,318.30873786407767
Jailbreak,944,328.51067961165046
Jailbreak,945,321.99417475728154
Jailbreak,946,319.30873786407767
Jailbreak,947,336.47184466019417
Jailbreak,948,334.5864077669903
Jailbreak,949,329.9883495145631
Jailbreak,950,328.7708737864078
Jailbreak,951,334.0388349514563
Jailbreak,952,329.0388349514563
Jailbreak,953,335.3203883495146
Jailbreak,954,302.05825242718447
Jailbreak,955,346.18058252427187
Jailbreak,956,330.80776699029127
Jailbreak,957,326.53009708737864
Jailbreak,958,319.4834951456311
Jailbreak,959,340.45242718446605
Jailbreak,960,338.3203883495146
Jailbreak,961,325.58446601941745
Jailbreak,962,331.7902912621359
Jailbreak,963,333.55728155339807
Jailbreak,964,326.4485436893204
Jailbreak,965,332.6601941747573
Jailbreak,966,329.66601941747575
Jailbreak,967,329.86407766990294
Jailbreak,968,357.8252427184466
Jailbreak,969,346.9805825242718
Jailbreak,970,323.20388349514565
Jailbreak,971,321.378640776699
Jailbreak,972,340.25436893203886
Jailbreak,973,334.1650485436893
Jailbreak,974,320.726213592233
Jailbreak,975,350.02718446601943
Jailbreak,976,318.1961165048544
Jailbreak,977,326.3029126213592
Jailbreak,978,325.59417475728156
Jailbreak,979,322.90291262135923
Jailbreak,980,324.6796116504854
Jailbreak,981,316.2504854368932
Jailbreak,982,317.5514563106796
Jailbreak,983,323.66990291262135
Jailbreak,984,326.9747572815534
Jailbreak,985,319.34368932038836
Jailbreak,986,314.3922330097087
Jailbreak,987,326.34563106796116
Jailbreak,988,319.34368932038836
Jailbreak,989,308.4640776699029
Jailbreak,990,347.08349514563105
Jailbreak,991,329.6058252427184
Jailbreak,992,324.00776699029126
Jailbreak,993,326.5902912621359
Jailbreak,994,343.3378640776699
Jailbreak,995,351.7300970873786
Jailbreak,996,321.97281553398057
Jailbreak,997,346.7242718446602
Jailbreak,998,325.6233009708738
Jailbreak,999,340.84854368932037
Jailbreak,1000,324.95922330097085
Jailbreak,1001,332.08349514563105
Jailbreak,1002,323.3029126213592
Jailbreak,1003,333.0543689320388
Jailbreak,1004,310.2135922330097
Jailbreak,1005,314.231067961165
Jailbreak,1006,343.9495145631068
Jailbreak,1007,338.53203883495144
Jailbreak,1008,353.48932038834954
Jailbreak,1009,318.021359223301
Jailbreak,1010,337.36504854368934
Jailbreak,1011,322.2699029126214
Jailbreak,1012,322.7980582524272
Jailbreak,1013,307.2252427184466
Jailbreak,1014,331.03106796116504
Jailbreak,1015,338.54174757281555
Jailbreak,1016,361.45436893203885
Jailbreak,1017,342.947572815534
Jailbreak,1018,327.147572815534
Jailbreak,1019,335.33203883495145
Jailbreak,1020,326.43300970873787
Jailbreak,1021,343.16893203883495
Jailbreak,1022,330.2271844660194
Jailbreak,1023,344.13592233009706
Jailbreak,1024,318.16893203883495
Jailbreak,1025,333.31456310679613
Jailbreak,1026,317.4135922330097
Jailbreak,1027,369.3902912621359
Jailbreak,1028,353.59223300970876
Jailbreak,1029,332.75533980582526
Jailbreak,1030,358.8233009708738
Jailbreak,1031,336.9106796116505
Jailbreak,1032,323.8912621359223
Jailbreak,1033,318.68543689320387
Jailbreak,1034,339.96699029126216
Jailbreak,1035,333.7320388349515
Jailbreak,1036,314.26019417475726
Jailbreak,1037,329.6233009708738
Jailbreak,1038,330.2135922330097
Jailbreak,1039,351.88155339805826
Jailbreak,1040,330.0893203883495
Jailbreak,1041,327.90097087378643
Jailbreak,1042,330.17087378640775
Jailbreak,1043,334.13592233009706
Jailbreak,1044,325.1631067961165
Jailbreak,1045,326.13398058252426
Jailbreak,1046,354.5747572815534
Jailbreak,1047,333.726213592233
Jailbreak,1048,324.3029126213592
Jailbreak,1049,356.03300970873784
Jailbreak,1050,344.93203883495147
Jailbreak,1051,344.4834951456311
Jailbreak,1052,337.6601941747573
Jailbreak,1053,302.92233009708735
Jailbreak,1054,327.9650485436893
Jailbreak,1055,325.75922330097086
Jailbreak,1056,329.18252427184467
Jailbreak,1057,323.43689320388347
Jailbreak,1058,320.0135922330097
Jailbreak,1059,327.48932038834954
Jailbreak,1060,337.40776699029124
Jailbreak,1061,327.20582524271845
Jailbreak,1062,327.81165048543687
Jailbreak,1063,319.6019417475728
Jailbreak,1064,330.4776699029126
Jailbreak,1065,339.81359223300973
Jailbreak,1066,344.8038834951456
Jailbreak,1067,318.59611650485436
Jailbreak,1068,330.5398058252427
Jailbreak,1069,345.021359223301
Jailbreak,1070,320.8970873786408
Jailbreak,1071,328.95922330097085
Jailbreak,1072,343.03106796116504
Jailbreak,1073,316.59223300970876
Jailbreak,1074,327.94174757281553
Jailbreak,1075,306.4233009708738
Jailbreak,1076,314.31650485436893
Jailbreak,1077,328.0757281553398
Jailbreak,1078,317.1456310679612
Jailbreak,1079,343.2757281553398
Jailbreak,1080,321.40582524271844
Jailbreak,1081,335.25631067961166
Jailbreak,1082,329.1436893203884
Jailbreak,1083,327.2368932038835
Jailbreak,1084,306.36504854368934
Jailbreak,1085,335.31456310679613
Jailbreak,1086,341.50679611650486
Jailbreak,1087,326.45436893203885
Jailbreak,1088,340.3611650485437
Jailbreak,1089,332.4116504854369
Jailbreak,1090,348.31844660194173
Jailbreak,1091,331.44271844660193
Jailbreak,1092,316.1650485436893
Jailbreak,1093,315.18446601941747
Jailbreak,1094,334.24271844660194
Jailbreak,1095,347.2097087378641
Jailbreak,1096,333.6757281553398
Jailbreak,1097,329.07766990291265
Jailbreak,1098,338.5495145631068
Jailbreak,1099,329.7669902912621
Jailbreak,1100,325.83300970873785
Jailbreak,1101,339.99223300970874
Jailbreak,1102,336.3864077669903
Jailbreak,1103,345.4116504854369
Jailbreak,1104,319.72233009708737
Jailbreak,1105,316.6077669902913
Jailbreak,1106,317.15728155339804
Jailbreak,1107,316.4796116504854
Jailbreak,1108,322.852427184466
Jailbreak,1109,312.926213592233
Jailbreak,1110,317.673786407767
Jailbreak,1111,334.1592233009709
Jailbreak,1112,326.0718446601942
Jailbreak,1113,321.29320388349515
Jailbreak,1114,330.0485436893204
Jailbreak,1115,309.0019417475728
Jailbreak,1116,325.29126213592235
Jailbreak,1117,357.7708737864078
Jailbreak,1118,325.326213592233
Jailbreak,1119,326.77864077669904
Jailbreak,1120,330.36699029126214
Jailbreak,1121,321.4970873786408
Jailbreak,1122,343.7359223300971
Jailbreak,1123,337.08349514563105
Jailbreak,1124,343.07766990291265
Jailbreak,1125,336.0135922330097
Jailbreak,1126,341.09708737864077
Jailbreak,1127,335.25436893203886
Jailbreak,1128,332.2854368932039
Jailbreak,1129,306.8893203883495
Jailbreak,1130,343.63495145631066
Jailbreak,1131,324.768932038835
Jailbreak,1132,336.9145631067961
Jailbreak,1133,329.747572815534
Jailbreak,1134,354.7242718446602
Jailbreak,1135,344.0252427184466
Jailbreak,1136,331.4252427184466
Jailbreak,1137,337.6252427184466
Jailbreak,1138,316.75533980582526
Jailbreak,1139,322.02912621359224
Jailbreak,1140,307.8601941747573
Jailbreak,1141,337.86601941747574
Jailbreak,1142,337.56699029126213
Jailbreak,1143,338.68932038834953
Jailbreak,1144,325.82912621359225
Jailbreak,1145,328.6116504854369
Jailbreak,1146,316.91844660194175
Jailbreak,1147,318.56893203883493
Jailbreak,1148,314.31844660194173
Jailbreak,1149,298.1417475728155
Jailbreak,1150,335.1126213592233
Jailbreak,1151,321.21941747572816
Jailbreak,1152,335.65631067961164
Jailbreak,1153,329.2116504854369
Jailbreak,1154,312.7514563106796
Jailbreak,1155,323.68155339805827
Jailbreak,1156,328.6271844660194
Jailbreak,1157,331.9980582524272
Jailbreak,1158,316.7533980582524
Jailbreak,1159,327.68155339805827
Jailbreak,1160,346.1223300970874
Jailbreak,1161,343.59611650485436
Jailbreak,1162,338.2135922330097
Jailbreak,1163,314.53203883495144
Jailbreak,1164,329.0504854368932
Jailbreak,1165,315.8388349514563
Jailbreak,1166,334.36504854368934
Jailbreak,1167,360.3514563106796
Jailbreak,1168,347.4873786407767
Jailbreak,1169,353.6446601941748
Jailbreak,1170,324.3883495145631
Jailbreak,1171,319.19029126213593
Jailbreak,1172,311.2990291262136
Jailbreak,1173,318.02912621359224
Jailbreak,1174,320.55533980582527
Jailbreak,1175,336.38252427184466
Jailbreak,1176,335.94174757281553
Jailbreak,1177,326.04271844660195
Jailbreak,1178,338.69320388349513
Jailbreak,1179,341.24466019417474
Jailbreak,1180,345.2990291262136
Jailbreak,1181,319.1961165048544
Jailbreak,1182,319.4271844660194
Jailbreak,1183,356.6368932038835
Jailbreak,1184,341.41553398058255
Jailbreak,1185,335.6077669902913
Jailbreak,1186,332.80970873786407
Jailbreak,1187,347.4485436893204
Jailbreak,1188,337.79611650485435
Jailbreak,1189,345.4504854368932
Jailbreak,1190,339.821359223301
Jailbreak,1191,320.04466019417475
Jailbreak,1192,331.9825242718447
Jailbreak,1193,326.6252427184466
Jailbreak,1194,299.4834951456311
Jailbreak,1195,297.28155339805824
Jailbreak,1196,346.7359223300971
Jailbreak,1197,307.93980582524273
Jailbreak,1198,323.54368932038835
Jailbreak,1199,340.66796116504855
Jailbreak,1200,326.8893203883495
Jailbreak,1201,338.5902912621359
Jailbreak,1202,346.13592233009706
Jailbreak,1203,329.9281553398058
Jailbreak,1204,316.42135922330095
Jailbreak,1205,323.25631067961166
Jailbreak,1206,335.1242718446602
Jailbreak,1207,343.5145631067961
Jailbreak,1208,322.08155339805825
Jailbreak,1209,326.4271844660194
Jailbreak,1210,338.20582524271845
Jailbreak,1211,331.00970873786406
Jailbreak,1212,354.79611650485435
Jailbreak,1213,319.2252427184466
Jailbreak,1214,335.052427184466
Jailbreak,1215,322.3592233009709
Jailbreak,1216,317.13398058252426
Jailbreak,1217,334.6621359223301
Jailbreak,1218,303.2504854368932
Jailbreak,1219,324.4233009708738
Jailbreak,1220,339.00776699029126
Jailbreak,1221,316.3495145631068
Jailbreak,1222,334.49126213592234
Jailbreak,1223,305.69126213592233
Jailbreak,1224,328.4504854368932
Jailbreak,1225,334.0019417475728
Jailbreak,1226,330.79417475728155
Jailbreak,1227,342.83106796116505
Jailbreak,1228,301.33398058252425
Jailbreak,1229,333.8038834951456
Jailbreak,1230,332.2271844660194
Jailbreak,1231,351.0019417475728
Jailbreak,1232,323.4796116504854
Jailbreak,1233,314.978640776699
Jailbreak,1234,308.1281553398058
Jailbreak,1235,336.86601941747574
Jailbreak,1236,327.55728155339807
Jailbreak,1237,322.8970873786408
Jailbreak,1238,332.6407766990291
Jailbreak,1239,321.8271844660194
Jailbreak,1240,322.06019417475727
Jailbreak,1241,347.6116504854369
Jailbreak,1242,347.4291262135922
Jailbreak,1243,310.59223300970876
Jailbreak,1244,337.1747572815534
Jailbreak,1245,323.2757281553398
Jailbreak,1246,355.02912621359224
Jailbreak,1247,315.2252427184466
Jailbreak,1248,325.66990291262135
Jailbreak,1249,317.51067961165046
Jailbreak,1250,323.4135922330097
Jailbreak,1251,323.8932038834951
Jailbreak,1252,329.96893203883496
Jailbreak,1253,327.91844660194175
Jailbreak,1254,305.69320388349513
Jailbreak,1255,330.08155339805825
Jailbreak,1256,350.2854368932039
Jailbreak,1257,311.66990291262135
Jailbreak,1258,344.7339805825243
Jailbreak,1259,338.1087378640777
Jailbreak,1260,330.93786407766993
Jailbreak,1261,324.4271844660194
Jailbreak,1262,354.6485436893204
Jailbreak,1263,341.06213592233007
Jailbreak,1264,333.8368932038835
Jailbreak,1265,334.47184466019417
Jailbreak,1266,327.08349514563105
Jailbreak,1267,313.9805825242718
Jailbreak,1268,326.61747572815534
Jailbreak,1269,330.61747572815534
Jailbreak,1270,334.4466019417476
Jailbreak,1271,339.2155339805825
Jailbreak,1272,313.978640776699
Jailbreak,1273,344.1747572815534
Jailbreak,1274,333.45436893203885
Jailbreak,1275,315.20776699029125
Jailbreak,1276,326.7708737864078
Jailbreak,1277,299.99029126213594
Jailbreak,1278,305.3572815533981
Jailbreak,1279,347.94174757281553
Jailbreak,1280,325.86601941747574
Jailbreak,1281,338.22135922330096
Jailbreak,1282,320.52815533980583
Jailbreak,1283,342.1378640776699
Jailbreak,1284,337.6233009708738
Jailbreak,1285,337.56116504854367
Jailbreak,1286,343.2485436893204
Jailbreak,1287,306.09514563106796
Jailbreak,1288,321.15339805825244
Jailbreak,1289,311.04271844660195
Jailbreak,1290,325.33009708737865
Jailbreak,1291,343.8873786407767
Jailbreak,1292,320.1592233009709
Jailbreak,1293,321.4990291262136
Jailbreak,1294,353.91650485436895
Jailbreak,1295,320.0019417475728
Jailbreak,1296,319.5883495145631
Jailbreak,1297,319.90097087378643
Jailbreak,1298,340.4815533980582
Jailbreak,1299,317.8038834951456
Jailbreak,1300,331.4854368932039
Jailbreak,1301,312.7145631067961
Jailbreak,1302,324.9980582524272
Jailbreak,1303,324.5184466019418
Jailbreak,1304,324.4485436893204
Jailbreak,1305,335.45631067961165
Jailbreak,1306,316.09708737864077
Jailbreak,1307,332.53009708737864
Jailbreak,1308,318.72233009708737
Jailbreak,1309,340.104854368932
Jailbreak,1310,353.52621359223303
Jailbreak,1311,329.3747572815534
Jailbreak,1312,341.1087378640777
Jailbreak,1313,341.4970873786408
Jailbreak,1314,337.5029126213592
Jailbreak,1315,327.33009708737865
Jailbreak,1316,320.05631067961167
Jailbreak,1317,339.5514563106796
Jailbreak,1318,347.31650485436893
Jailbreak,1319,321.06796116504853
Jailbreak,1320,294.65436893203884
Jailbreak,1321,339.33398058252425
Jailbreak,1322,318.49126213592234
Jailbreak,1323,347.77864077669904
Jailbreak,1324,310.53009708737864
Jailbreak,1325,359.2990291262136
Jailbreak,1326,327.04466019417475
Jailbreak,1327,335.2116504854369
Jailbreak,1328,329.55728155339807
Jailbreak,1329,334.4135922330097
Jailbreak,1330,323.9650485436893
Jailbreak,1331,342.7320388349515
Jailbreak,1332,323.2873786407767
Jailbreak,1333,327.7708737864078
Jailbreak,1334,338.84271844660196
Jailbreak,1335,342.0019417475728
Jailbreak,1336,309.70485436893205
Jailbreak,1337,309.31650485436893
Jailbreak,1338,335.13398058252426
Jailbreak,1339,319.1009708737864
Jailbreak,1340,345.34563106796116
Jailbreak,1341,338.96699029126216
Jailbreak,1342,318.9805825242718
Jailbreak,1343,314.38446601941746
Jailbreak,1344,332.5495145631068
Jailbreak,1345,325.03106796116504
Jailbreak,1346,323.1766990291262
Jailbreak,1347,302.326213592233
Jailbreak,1348,322.17087378640775
Jailbreak,1349,325.4291262135922
Jailbreak,1350,324.27961165048544
Jailbreak,1351,329.9495145631068
Jailbreak,1352,330.36893203883494
Jailbreak,1353,313.95339805825245
Jailbreak,1354,346.1961165048544
Jailbreak,1355,322.1029126213592
Jailbreak,1356,335.9766990291262
Jailbreak,1357,339.9242718446602
Jailbreak,1358,320.88543689320386
Jailbreak,1359,320.8718446601942
Jailbreak,1360,310.27766990291263
Jailbreak,1361,329.82912621359225
Jailbreak,1362,332.4990291262136
Jailbreak,1363,325.95922330097085
Jailbreak,1364,329.5708737864078
Jailbreak,1365,310.2621359223301
Jailbreak,1366,323.7300970873786
Jailbreak,1367,319.15145631067963
Jailbreak,1368,324.1456310679612
Jailbreak,1369,339.747572815534
Jailbreak,1370,320.43883495145633
Jailbreak,1371,321.6077669902913
Jailbreak,1372,341.6
Jailbreak,1373,319.50873786407766
Jailbreak,1374,347.67184466019415
Jailbreak,1375,332.68155339805827
Jailbreak,1376,337.41941747572815
Jailbreak,1377,329.46796116504856
Jailbreak,1378,330.77669902912623
Jailbreak,1379,324.5514563106796
Jailbreak,1380,308.45242718446605
Jailbreak,1381,308.5203883495146
Jailbreak,1382,351.231067961165
Jailbreak,1383,324.5378640776699
Jailbreak,1384,335.49126213592234
Jailbreak,1385,338.0
Jailbreak,1386,336.4640776699029
Jailbreak,1387,347.6427184466019
Jailbreak,1388,319.83106796116505
Jailbreak,1389,333.51067961165046
Jailbreak,1390,309.78058252427184
Jailbreak,1391,342.56893203883493
Jailbreak,1392,334.5242718446602
Jailbreak,1393,317.2640776699029
Jailbreak,1394,328.99029126213594
Jailbreak,1395,316.41941747572815
Jailbreak,1396,306.25436893203886
Jailbreak,1397,319.50485436893206
Jailbreak,1398,326.63300970873786
Jailbreak,1399,327.821359223301
Jailbreak,1400,325.59223300970876
Jailbreak,1401,326.74563106796114
Jailbreak,1402,328.29320388349515
Jailbreak,1403,329.852427184466
Jailbreak,1404,327.2252427184466
Jailbreak,1405,325.0854368932039
Jailbreak,1406,345.15145631067963
Jailbreak,1407,350.4970873786408
Jailbreak,1408,322.8718446601942
Jailbreak,1409,302.073786407767
Jailbreak,1410,322.7495145631068
Jailbreak,1411,315.93980582524273
Jailbreak,1412,339.4504854368932
Jailbreak,1413,324.68543689320387
Jailbreak,1414,307.41553398058255
Jailbreak,1415,336.4135922330097
Jailbreak,1416,361.2893203883495
Jailbreak,1417,334.7533980582524
Jailbreak,1418,325.1126213592233
Jailbreak,1419,339.63106796116506
Jailbreak,1420,339.54368932038835
Jailbreak,1421,321.59223300970876
Jailbreak,1422,338.36504854368934
Jailbreak,1423,327.45242718446605
Jailbreak,1424,346.44466019417473
Jailbreak,1425,335.0135922330097
Jailbreak,1426,331.66990291262135
Jailbreak,1427,331.9883495145631
Jailbreak,1428,321.58058252427185
Jailbreak,1429,333.79223300970875
Jailbreak,1430,302.24271844660194
Jailbreak,1431,332.326213592233
Jailbreak,1432,336.80776699029127
Jailbreak,1433,343.33203883495145
Jailbreak,1434,326.7339805825243
Jailbreak,1435,345.2155339805825
Jailbreak,1436,334.5203883495146
Jailbreak,1437,329.7281553398058
Jailbreak,1438,325.84660194174756
Jailbreak,1439,312.50679611650486
Jailbreak,1440,336.84660194174756
Jailbreak,1441,340.07766990291265
Jailbreak,1442,342.21941747572816
Jailbreak,1443,308.2
Jailbreak,1444,341.8601941747573
Jailbreak,1445,326.25631067961166
Jailbreak,1446,317.84660194174756
Jailbreak,1447,355.27961165048544
Jailbreak,1448,321.5009708737864
Jailbreak,1449,339.79611650485435
Jailbreak,1450,317.231067961165
Jailbreak,1451,322.94174757281553
Jailbreak,1452,350.75922330097086
Jailbreak,1453,314.7864077669903
Jailbreak,1454,356.6990291262136
Jailbreak,1455,313.57864077669905
Jailbreak,1456,334.695145631068
Jailbreak,1457,341.7009708737864
Jailbreak,1458,330.54174757281555
Jailbreak,1459,312.70485436893205
Jailbreak,1460,344.9883495145631
Jailbreak,1461,302.6776699029126
Jailbreak,1462,312.7728155339806
Jailbreak,1463,314.74174757281554
Jailbreak,1464,331.33203883495145
Jailbreak,1465,326.20388349514565
Jailbreak,1466,338.8621359223301
Jailbreak,1467,326.1067961165049
Jailbreak,1468,331.08349514563105
Jailbreak,1469,309.29320388349515
Jailbreak,1470,310.9145631067961
Jailbreak,1471,328.94174757281553
Jailbreak,1472,333.08155339805825
Jailbreak,1473,342.3009708737864
Jailbreak,1474,312.88155339805826
Jailbreak,1475,348.56699029126213
Jailbreak,1476,328.74563106796114
Jailbreak,1477,348.50679611650486
Jailbreak,1478,328.09514563106796
Jailbreak,1479,330.4854368932039
Jailbreak,1480,321.4796116504854
Jailbreak,1481,312.895145631068
Jailbreak,1482,337.53009708737864
Jailbreak,1483,342.7242718446602
Jailbreak,1484,321.13203883495146
Jailbreak,1485,332.3378640776699
Jailbreak,1486,328.4
Jailbreak,1487,343.8252427184466
Jailbreak,1488,328.7320388349515
Jailbreak,1489,318.9883495145631
Jailbreak,1490,335.5203883495146
Jailbreak,1491,353.8932038834951
Jailbreak,1492,324.3961165048544
Jailbreak,1493,355.15728155339804
Jailbreak,1494,316.6019417475728
Jailbreak,1495,311.6466019417476
Jailbreak,1496,321.78252427184464
Jailbreak,1497,331.50485436893206
Jailbreak,1498,335.3398058252427
Jailbreak,1499,331.0504854368932
Jailbreak,1500,323.8718446601942
Jailbreak,1501,332.178640776699
Jailbreak,1502,318.326213592233
Jailbreak,1503,339.33203883495145
Jailbreak,1504,311.7708737864078
Jailbreak,1505,323.96699029126216
Jailbreak,1506,338.28155339805824
Jailbreak,1507,319.1242718446602
Jailbreak,1508,333.00970873786406
Jailbreak,1509,337.3495145631068
Jailbreak,1510,336.22330097087377
Jailbreak,1511,325.37087378640774
Jailbreak,1512,323.96893203883496
Jailbreak,1513,327.20776699029125
Jailbreak,1514,320.8349514563107
Jailbreak,1515,316.8019417475728
Jailbreak,1516,363.63495145631066
Jailbreak,1517,315.8563106796116
Jailbreak,1518,322.7669902912621
Jailbreak,1519,329.27961165048544
Jailbreak,1520,322.45436893203885
Jailbreak,1521,313.58058252427185
Jailbreak,1522,325.42135922330095
Jailbreak,1523,340.1980582524272
Jailbreak,1524,349.9766990291262
Jailbreak,1525,322.3378640776699
Jailbreak,1526,322.6271844660194
Jailbreak,1527,325.7300970873786
Jailbreak,1528,348.02718446601943
Jailbreak,1529,323.63300970873786
Jailbreak,1530,342.695145631068
Jailbreak,1531,337.3495145631068
Jailbreak,1532,331.0349514563107
Jailbreak,1533,342.9844660194175
Jailbreak,1534,330.5495145631068
Jailbreak,1535,329.3009708737864
Jailbreak,1536,311.3398058252427
Jailbreak,1537,313.5165048543689
Jailbreak,1538,310.4834951456311
Jailbreak,1539,330.2291262135922
Jailbreak,1540,318.22330097087377
Jailbreak,1541,322.75533980582526
Jailbreak,1542,331.93592233009707
Jailbreak,1543,319.56504854368933
Jailbreak,1544,329.4466019417476
Jailbreak,1545,321.9514563106796
Jailbreak,1546,313.99223300970874
Jailbreak,1547,310.20582524271845
Jailbreak,1548,350.66990291262135
Jailbreak,1549,334.126213592233
Jailbreak,1550,326.7728155339806
Jailbreak,1551,347.926213592233
Jailbreak,1552,341.63300970873786
Jailbreak,1553,345.74563106796114
Jailbreak,1554,331.8
Jailbreak,1555,335.09708737864077
Jailbreak,1556,312.1980582524272
Jailbreak,1557,333.72233009708737
Jailbreak,1558,322.00776699029126
Jailbreak,1559,325.99611650485434
Jailbreak,1560,309.6058252427184
Jailbreak,1561,343.3009708737864
Jailbreak,1562,322.0019417475728
Jailbreak,1563,348.7281553398058
Jailbreak,1564,324.768932038835
Jailbreak,1565,310.9611650485437
Jailbreak,1566,306.8543689320388
Jailbreak,1567,313.22135922330096
Jailbreak,1568,326.08155339805825
Jailbreak,1569,314.1766990291262
Jailbreak,1570,343.8718446601942
Jailbreak,1571,317.2291262135922
Jailbreak,1572,309.53009708737864
Jailbreak,1573,307.3611650485437
Jailbreak,1574,331.87961165048546
Jailbreak,1575,337.53009708737864
Jailbreak,1576,305.2019417475728
Jailbreak,1577,320.7844660194175
Jailbreak,1578,323.8621359223301
Jailbreak,1579,322.00388349514566
Jailbreak,1580,338.0699029126214
Jailbreak,1581,311.7883495145631
Jailbreak,1582,334.2
Jailbreak,1583,330.94368932038833
Jailbreak,1584,308.9805825242718
Jailbreak,1585,312.8543689320388
Jailbreak,1586,326.2116504854369
Jailbreak,1587,331.3378640776699
Jailbreak,1588,332.3631067961165
Jailbreak,1589,321.0757281553398
Jailbreak,1590,310.38058252427186
Jailbreak,1591,319.1126213592233
Jailbreak,1592,321.8582524271845
Jailbreak,1593,324.978640776699
Jailbreak,1594,331.09708737864077
Jailbreak,1595,315.71844660194176
Jailbreak,1596,336.8601941747573
Jailbreak,1597,325.2990291262136
Jailbreak,1598,328.70291262135925
Jailbreak,1599,356.84660194174756
Jailbreak,1600,341.821359223301
Jailbreak,1601,343.95922330097085
Jailbreak,1602,339.3766990291262
Jailbreak,1603,327.0155339805825
Jailbreak,1604,301.9611650485437
Jailbreak,1605,339.7747572815534
Jailbreak,1606,348.00776699029126
Jailbreak,1607,340.747572815534
Jailbreak,1608,332.91844660194175
Jailbreak,1609,322.8
Jailbreak,1610,338.852427184466
Jailbreak,1611,318.47184466019417
Jailbreak,1612,325.0116504854369
Jailbreak,1613,340.273786407767
Jailbreak,1614,319.7533980582524
Jailbreak,1615,327.8
Jailbreak,1616,350.75728155339806
Jailbreak,1617,332.8776699029126
Jailbreak,1618,332.6970873786408
Jailbreak,1619,331.7650485436893
Jailbreak,1620,348.9650485436893
Jailbreak,1621,327.55533980582527
Jailbreak,1622,352.4757281553398
Jailbreak,1623,334.49126213592234
Jailbreak,1624,308.96699029126216
Jailbreak,1625,323.00970873786406
Jailbreak,1626,333.1495145631068
Jailbreak,1627,330.53203883495144
Jailbreak,1628,320.22135922330096
Jailbreak,1629,339.9766990291262
Jailbreak,1630,297.74174757281554
Jailbreak,1631,328.6446601941748
Jailbreak,1632,327.8718446601942
Jailbreak,1633,315.69320388349513
Jailbreak,1634,299.99029126213594
Jailbreak,1635,335.80776699029127
Jailbreak,1636,316.4485436893204
Jailbreak,1637,339.4640776699029
Jailbreak,1638,321.99223300970874
Jailbreak,1639,315.31262135922333
Jailbreak,1640,326.8621359223301
Jailbreak,1641,335.9766990291262
Jailbreak,1642,334.5359223300971
Jailbreak,1643,315.55728155339807
Jailbreak,1644,318.54563106796115
Jailbreak,1645,311.75533980582526
Jailbreak,1646,339.8757281553398
Jailbreak,1647,337.4873786407767
Jailbreak,1648,331.58058252427185
Jailbreak,1649,349.3533980582524
Jailbreak,1650,313.80970873786407
Jailbreak,1651,320.9495145631068
Jailbreak,1652,316.7320388349515
Jailbreak,1653,348.0504854368932
Jailbreak,1654,329.30873786407767
Jailbreak,1655,323.54174757281555
Jailbreak,1656,322.99029126213594
Jailbreak,1657,336.3029126213592
Jailbreak,1658,329.6640776699029
Jailbreak,1659,335.2834951456311
Jailbreak,1660,333.93398058252427
Jailbreak,1661,318.63495145631066
Jailbreak,1662,335.7320388349515
Jailbreak,1663,328.8368932038835
Jailbreak,1664,322.6368932038835
Jailbreak,1665,340.29708737864075
Jailbreak,1666,330.821359223301
Jailbreak,1667,355.95339805825245
Jailbreak,1668,331.2640776699029
Jailbreak,1669,328.34563106796116
Jailbreak,1670,313.15339805825244
Jailbreak,1671,311.53009708737864
Jailbreak,1672,337.5378640776699
Jailbreak,1673,325.52621359223303
Jailbreak,1674,329.6446601941748
Jailbreak,1675,298.3203883495146
Jailbreak,1676,335.69126213592233
Jailbreak,1677,325.4135922330097
Jailbreak,1678,344.21941747572816
Jailbreak,1679,320.2621359223301
Jailbreak,1680,360.17087378640775
Jailbreak,1681,313.2466019417476
Jailbreak,1682,326.11650485436894
Jailbreak,1683,338.59417475728156
Jailbreak,1684,338.95339805825245
Jailbreak,1685,321.95922330097085
Jailbreak,1686,310.33203883495145
Jailbreak,1687,315.1650485436893
Jailbreak,1688,342.6058252427184
Jailbreak,1689,311.4252427184466
Jailbreak,1690,322.2252427184466
Jailbreak,1691,348.81747572815533
Jailbreak,1692,327.7669902912621
Jailbreak,1693,320.57864077669905
Jailbreak,1694,327.5728155339806
Jailbreak,1695,319.852427184466
Jailbreak,1696,313.02718446601943
Jailbreak,1697,328.5533980582524
Jailbreak,1698,331.4834951456311
Jailbreak,1699,337.1456310679612
Jailbreak,1700,345.3203883495146
Jailbreak,1701,326.5009708737864
Jailbreak,1702,330.5883495145631
Jailbreak,1703,344.8893203883495
Jailbreak,1704,330.42135922330095
Jailbreak,1705,327.873786407767
Jailbreak,1706,305.4252427184466
Jailbreak,1707,318.22135922330096
Jailbreak,1708,344.81165048543687
Jailbreak,1709,330.96893203883496
Jailbreak,1710,345.304854368932
Jailbreak,1711,327.8349514563107
Jailbreak,1712,330.45825242718445
Jailbreak,1713,369.252427184466
Jailbreak,1714,333.5864077669903
Jailbreak,1715,329.63300970873786
Jailbreak,1716,313.6271844660194
Jailbreak,1717,307.72233009708737
Jailbreak,1718,348.07766990291265
Jailbreak,1719,320.92233009708735
Jailbreak,1720,334.2116504854369
Jailbreak,1721,321.40388349514564
Jailbreak,1722,339.2718446601942
Jailbreak,1723,345.9883495145631
Jailbreak,1724,337.4660194174757
Jailbreak,1725,334.44077669902913
Jailbreak,1726,306.44077669902913
Jailbreak,1727,338.978640776699
Jailbreak,1728,309.6640776699029
Jailbreak,1729,347.3533980582524
Jailbreak,1730,355.99611650485434
Jailbreak,1731,323.7009708737864
Jailbreak,1732,333.53203883495144
Jailbreak,1733,360.15728155339804
Jailbreak,1734,334.44466019417473
Jailbreak,1735,341.18058252427187
Jailbreak,1736,321.0912621359223
Jailbreak,1737,323.3631067961165
Jailbreak,1738,326.9864077669903
Jailbreak,1739,326.3728155339806
Jailbreak,1740,318.43300970873787
Jailbreak,1741,330.2135922330097
Jailbreak,1742,356.3417475728155
Jailbreak,1743,322.15145631067963
Jailbreak,1744,310.7708737864078
Jailbreak,1745,340.19417475728153
Jailbreak,1746,346.0233009708738
Jailbreak,1747,341.5902912621359
Jailbreak,1748,320.52621359223303
Jailbreak,1749,333.61747572815534
Jailbreak,1750,326.90485436893204
Jailbreak,1751,334.3766990291262
Jailbreak,1752,349.56116504854367
Jailbreak,1753,328.7902912621359
Jailbreak,1754,347.0194174757282
Jailbreak,1755,339.55728155339807
Jailbreak,1756,341.90485436893204
Jailbreak,1757,315.07766990291265
Jailbreak,1758,317.4504854368932
Jailbreak,1759,333.94368932038833
Jailbreak,1760,330.7728155339806
Jailbreak,1761,319.15145631067963
Jailbreak,1762,330.51067961165046
Jailbreak,1763,334.18446601941747
Jailbreak,1764,326.1728155339806
Jailbreak,1765,355.1223300970874
Jailbreak,1766,327.75533980582526
Jailbreak,1767,311.02718446601943
Jailbreak,1768,321.71844660194176
Jailbreak,1769,330.09320388349516
Jailbreak,1770,311.3223300970874
Jailbreak,1771,352.06407766990293
Jailbreak,1772,322.273786407767
Jailbreak,1773,333.3883495145631
Jailbreak,1774,333.2135922330097
Jailbreak,1775,321.1378640776699
Jailbreak,1776,331.0388349514563
Jailbreak,1777,315.0135922330097
Jailbreak,1778,327.7300970873786
Jailbreak,1779,326.1631067961165
Jailbreak,1780,312.4757281553398
Jailbreak,1781,322.8932038834951
Jailbreak,1782,331.0504854368932
Jailbreak,1783,350.50485436893206
Jailbreak,1784,337.326213592233
Jailbreak,1785,347.8038834951456
Jailbreak,1786,337.29126213592235
Jailbreak,1787,348.7650485436893
Jailbreak,1788,328.44466019417473
Jailbreak,1789,329.96699029126216
Jailbreak,1790,323.00388349514566
Jailbreak,1791,328.47184466019417
Jailbreak,1792,319.9242718446602
Jailbreak,1793,316.6233009708738
Jailbreak,1794,329.7514563106796
Jailbreak,1795,331.5242718446602
Jailbreak,1796,339.1650485436893
Jailbreak,1797,327.7883495145631
Jailbreak,1798,336.38058252427186
Jailbreak,1799,336.56116504854367
Jailbreak,1800,337.7495145631068
Jailbreak,1801,322.695145631068
Jailbreak,1802,326.6233009708738
Jailbreak,1803,333.50485436893206
Jailbreak,1804,336.3359223300971
Jailbreak,1805,312.073786407767
Jailbreak,1806,326.9087378640777
Jailbreak,1807,338.25436893203886
Jailbreak,1808,342.1087378640777
Jailbreak,1809,312.3417475728155
Jailbreak,1810,334.19223300970873
Jailbreak,1811,310.08155339805825
Jailbreak,1812,335.4097087378641
Jailbreak,1813,330.5184466019418
Jailbreak,1814,345.42135922330095
Jailbreak,1815,341.1980582524272
Jailbreak,1816,325.80582524271847
Jailbreak,1817,323.6077669902913
Jailbreak,1818,320.75533980582526
Jailbreak,1819,316.2368932038835
Jailbreak,1820,314.1009708737864
Jailbreak,1821,321.8718446601942
Jailbreak,1822,319.8563106796116
Jailbreak,1823,326.3592233009709
Jailbreak,1824,333.1436893203884
Jailbreak,1825,327.1728155339806
Jailbreak,1826,325.1961165048544
Jailbreak,1827,332.7300970873786
Jailbreak,1828,319.8601941747573
Jailbreak,1829,321.1067961165049
Jailbreak,1830,322.2291262135922
Jailbreak,1831,329.56310679611653
Jailbreak,1832,350.926213592233
Jailbreak,1833,354.0252427184466
Jailbreak,1834,323.0368932038835
Jailbreak,1835,336.8038834951456
Jailbreak,1836,343.7300970873786
Jailbreak,1837,314.7669902912621
Jailbreak,1838,320.16699029126215
Jailbreak,1839,326.61553398058254
Jailbreak,1840,333.7844660194175
Jailbreak,1841,350.2679611650485
Jailbreak,1842,326.7165048543689
Jailbreak,1843,340.97281553398057
Jailbreak,1844,316.67184466019415
Jailbreak,1845,337.9631067961165
Jailbreak,1846,329.91844660194175
Jailbreak,1847,336.6582524271845
Jailbreak,1848,304.3611650485437
Jailbreak,1849,356.91650485436895
Jailbreak,1850,354.3961165048544
Jailbreak,1851,315.9766990291262
Jailbreak,1852,321.68155339805827
Jailbreak,1853,321.86407766990294
Jailbreak,1854,332.8271844660194
Jailbreak,1855,318.9611650485437
Jailbreak,1856,335.273786407767
Jailbreak,1857,332.24466019417474
Jailbreak,1858,336.3766990291262
Jailbreak,1859,334.88543689320386
Jailbreak,1860,344.0233009708738
Jailbreak,1861,318.8621359223301
Jailbreak,1862,315.2854368932039
Jailbreak,1863,326.2155339805825
Jailbreak,1864,315.1029126213592
Jailbreak,1865,320.20776699029125
Jailbreak,1866,326.90291262135923
Jailbreak,1867,338.18252427184467
Jailbreak,1868,335.90679611650484
Jailbreak,1869,319.95533980582525
Jailbreak,1870,322.19029126213593
Jailbreak,1871,320.3417475728155
Jailbreak,1872,347.4776699029126
Jailbreak,1873,333.9766990291262
Jailbreak,1874,333.2854368932039
Jailbreak,1875,322.5029126213592
Jailbreak,1876,324.6621359223301
Jailbreak,1877,327.20776699029125
Jailbreak,1878,335.6388349514563
Jailbreak,1879,326.45631067961165
Jailbreak,1880,308.50873786407766
Jailbreak,1881,331.8019417475728
Jailbreak,1882,348.93592233009707
Jailbreak,1883,321.1495145631068
Jailbreak,1884,330.4601941747573
Jailbreak,1885,308.6368932038835
Jailbreak,1886,318.7533980582524
Jailbreak,1887,327.947572815534
Jailbreak,1888,321.747572815534
Jailbreak,1889,360.29514563106795
Jailbreak,1890,315.75533980582526
Jailbreak,1891,348.69320388349513
Jailbreak,1892,313.92038834951455
Jailbreak,1893,329.29320388349515
Jailbreak,1894,338.0116504854369
Jailbreak,1895,315.18834951456313
Jailbreak,1896,337.95728155339805
Jailbreak,1897,305.43689320388347
Jailbreak,1898,325.38058252427186
Jailbreak,1899,323.2271844660194
Jailbreak,1900,327.03300970873784
Jailbreak,1901,328.3941747572816
Jailbreak,1902,325.8271844660194
Jailbreak,1903,334.9864077669903
Jailbreak,1904,319.8
Jailbreak,1905,323.7281553398058
Jailbreak,1906,343.304854368932
Jailbreak,1907,333.8349514563107
Jailbreak,1908,340.4466019417476
Jailbreak,1909,331.40194174757283
Jailbreak,1910,325.9611650485437
Jailbreak,1911,337.54368932038835
Jailbreak,1912,315.7359223300971
Jailbreak,1913,324.00388349514566
Jailbreak,1914,327.34563106796116
Jailbreak,1915,354.873786407767
Jailbreak,1916,351.72233009708737
Jailbreak,1917,312.09902912621357
Jailbreak,1918,307.9766990291262
Jailbreak,1919,331.81553398058253
Jailbreak,1920,327.46796116504856
Jailbreak,1921,314.3902912621359
Jailbreak,1922,326.68349514563107
Jailbreak,1923,322.72038834951456
Jailbreak,1924,333.81359223300973
Jailbreak,1925,320.6038834951456
Jailbreak,1926,349.9825242718447
Jailbreak,1927,330.6058252427184
Jailbreak,1928,345.6504854368932
Jailbreak,1929,323.56310679611653
Jailbreak,1930,341.33009708737865
Jailbreak,1931,333.00970873786406
Jailbreak,1932,320.9747572815534
Jailbreak,1933,337.8776699029126
Jailbreak,1934,338.378640776699
Jailbreak,1935,307.47378640776697
Jailbreak,1936,317.5359223300971
Jailbreak,1937,315.77864077669904
Jailbreak,1938,315.4135922330097
Jailbreak,1939,320.93980582524273
Jailbreak,1940,313.9087378640777
Jailbreak,1941,305.55533980582527
Jailbreak,1942,327.40582524271844
Jailbreak,1943,320.1747572815534
Jailbreak,1944,319.0368932038835
Jailbreak,1945,322.2097087378641
Jailbreak,1946,337.231067961165
Jailbreak,1947,327.46990291262136
Jailbreak,1948,306.78252427184464
Jailbreak,1949,317.26019417475726
Jailbreak,1950,316.34563106796116
Jailbreak,1951,326.30873786407767
Jailbreak,1952,343.18834951456313
Jailbreak,1953,342.54563106796115
Jailbreak,1954,341.9883495145631
Jailbreak,1955,329.55728155339807
Jailbreak,1956,314.7359223300971
Jailbreak,1957,335.3359223300971
Jailbreak,1958,350.2388349514563
Jailbreak,1959,344.6601941747573
Jailbreak,1960,335.12038834951454
Jailbreak,1961,326.1087378640777
Jailbreak,1962,335.15533980582524
Jailbreak,1963,333.91844660194175
Jailbreak,1964,342.8233009708738
Jailbreak,1965,335.2757281553398
Jailbreak,1966,327.6233009708738
Jailbreak,1967,301.0543689320388
Jailbreak,1968,316.18834951456313
Jailbreak,1969,320.3495145631068
Jailbreak,1970,310.9825242718447
Jailbreak,1971,326.75728155339806
Jailbreak,1972,332.1417475728155
Jailbreak,1973,325.6058252427184
Jailbreak,1974,317.25825242718446
Jailbreak,1975,321.6388349514563
Jailbreak,1976,332.5747572815534
Jailbreak,1977,331.13203883495146
Jailbreak,1978,328.6427184466019
Jailbreak,1979,327.926213592233
Jailbreak,1980,332.74174757281554
Jailbreak,1981,334.5029126213592
Jailbreak,1982,323.95728155339805
Jailbreak,1983,336.5883495145631
Jailbreak,1984,328.9456310679612
Jailbreak,1985,335.4660194174757
Jailbreak,1986,325.7533980582524
Jailbreak,1987,333.6116504854369
Jailbreak,1988,315.06019417475727
Jailbreak,1989,335.67184466019415
Jailbreak,1990,327.09514563106796
Jailbreak,1991,324.4291262135922
Jailbreak,1992,325.3553398058252
Jailbreak,1993,304.1436893203884
Jailbreak,1994,328.93786407766993
Jailbreak,1995,322.1980582524272
Jailbreak,1996,331.2349514563107
Jailbreak,1997,342.3029126213592
Jailbreak,1998,360.8271844660194
Jailbreak,1999,327.0349514563107
Jailbreak,2000,330.9495145631068
Jailbreak,2001,305.31067961165047
Jailbreak,2002,329.69126213592233
Jailbreak,2003,310.8038834951456
Jailbreak,2004,350.0349514563107
Jailbreak,2005,333.37087378640774
Jailbreak,2006,339.9126213592233
Jailbreak,2007,319.43300970873787
Jailbreak,2008,337.69126213592233
Jailbreak,2009,323.0912621359223
Jailbreak,2010,317.92038834951455
Jailbreak,2011,339.73980582524274
Jailbreak,2012,322.94368932038833
Jailbreak,2013,319.2893203883495
Jailbreak,2014,314.47378640776697
Jailbreak,2015,321.947572815534
Jailbreak,2016,331.25631067961166
Jailbreak,2017,335.021359223301
Jailbreak,2018,340.0757281553398
Jailbreak,2019,338.06407766990293
Jailbreak,2020,348.4466019417476
Jailbreak,2021,328.12038834951454
Jailbreak,2022,335.54368932038835
Jailbreak,2023,330.8271844660194
Jailbreak,2024,319.1223300970874
Jailbreak,2025,313.9805825242718
Jailbreak,2026,333.6407766990291
Jailbreak,2027,323.06601941747573
Jailbreak,2028,322.15145631067963
Jailbreak,2029,323.7883495145631
Jailbreak,2030,348.2640776699029
Jailbreak,2031,328.29514563106795
Jailbreak,2032,321.9825242718447
Jailbreak,2033,320.9980582524272
Jailbreak,2034,331.2854368932039
Jailbreak,2035,333.29514563106795
Jailbreak,2036,347.4640776699029
Jailbreak,2037,353.2349514563107
Jailbreak,2038,319.3223300970874
Jailbreak,2039,313.86407766990294
Jailbreak,2040,327.25631067961166
Jailbreak,2041,320.2718446601942
Jailbreak,2042,334.31067961165047
Jailbreak,2043,333.6019417475728
Jailbreak,2044,347.7708737864078
Jailbreak,2045,332.02718446601943
Jailbreak,2046,353.1067961165049
Jailbreak,2047,339.47378640776697
Jailbreak,2048,341.8718446601942
Jailbreak,2049,323.7631067961165
Jailbreak,2050,331.80776699029127
Jailbreak,2051,337.673786407767
Jailbreak,2052,320.8990291262136
Jailbreak,2053,324.61941747572814
Jailbreak,2054,325.6388349514563
Jailbreak,2055,336.86601941747574
Jailbreak,2056,335.1456310679612
Jailbreak,2057,340.88543689320386
Jailbreak,2058,327.25631067961166
Jailbreak,2059,344.2155339805825
Jailbreak,2060,301.7728155339806
Jailbreak,2061,328.09320388349516
Jailbreak,2062,319.06019417475727
Jailbreak,2063,340.56893203883493
Jailbreak,2064,350.09902912621357
Jailbreak,2065,331.50485436893206
Jailbreak,2066,302.4291262135922
Jailbreak,2067,323.96893203883496
Jailbreak,2068,333.0543689320388
Jailbreak,2069,326.6776699029126
Jailbreak,2070,315.2893203883495
Jailbreak,2071,322.68932038834953
Jailbreak,2072,355.30679611650487
Jailbreak,2073,318.68155339805827
Jailbreak,2074,314.9883495145631
Jailbreak,2075,327.947572815534
Jailbreak,2076,342.66990291262135
Jailbreak,2077,318.2368932038835
Jailbreak,2078,324.74563106796114
Jailbreak,2079,354.8388349514563
Jailbreak,2080,329.2699029126214
Jailbreak,2081,329.87961165048546
Jailbreak,2082,324.1398058252427
Jailbreak,2083,324.17087378640775
Jailbreak,2084,340.3902912621359
Jailbreak,2085,300.30873786407767
Jailbreak,2086,341.2271844660194
Jailbreak,2087,352.68349514563107
Jailbreak,2088,324.62912621359226
Jailbreak,2089,328.33203883495145
Jailbreak,2090,326.7495145631068
Jailbreak,2091,352.67184466019415
Jailbreak,2092,327.77669902912623
Jailbreak,2093,325.3029126213592
Jailbreak,2094,349.92038834951455
Jailbreak,2095,331.43689320388347
Jailbreak,2096,332.9242718446602
Jailbreak,2097,339.61553398058254
Jailbreak,2098,324.0
Jailbreak,2099,332.1961165048544
Jailbreak,2100,329.021359223301
Jailbreak,2101,307.4291262135922
Jailbreak,2102,352.91650485436895
Jailbreak,2103,309.81359223300973
Jailbreak,2104,304.4757281553398
Jailbreak,2105,316.5708737864078
Jailbreak,2106,356.0174757281553
Jailbreak,2107,361.231067961165
Jailbreak,2108,331.86407766990294
Jailbreak,2109,329.66601941747575
Jailbreak,2110,335.2699029126214
Jailbreak,2111,333.2
Jailbreak,2112,299.81359223300973
Jailbreak,2113,349.5223300970874
Jailbreak,2114,332.84271844660196
Jailbreak,2115,342.1631067961165
Jailbreak,2116,320.7883495145631
Jailbreak,2117,335.2699029126214
Jailbreak,2118,329.75728155339806
Jailbreak,2119,343.11844660194174
Jailbreak,2120,332.5029126213592
Jailbreak,2121,324.4776699029126
Jailbreak,2122,338.34757281553397
Jailbreak,2123,341.96893203883496
Jailbreak,2124,335.27766990291263
Jailbreak,2125,346.44466019417473
Jailbreak,2126,332.9747572815534
Jailbreak,2127,332.9300970873786
Jailbreak,2128,321.4873786407767
Jailbreak,2129,334.78252427184464
Jailbreak,2130,350.6466019417476
Jailbreak,2131,340.63106796116506
Jailbreak,2132,328.0388349514563
Jailbreak,2133,331.7495145631068
Jailbreak,2134,324.2291262135922
Jailbreak,2135,335.8233009708738
Jailbreak,2136,343.93786407766993
Jailbreak,2137,316.56310679611653
Jailbreak,2138,327.54174757281555
Jailbreak,2139,312.6058252427184
Jailbreak,2140,324.5359223300971
Jailbreak,2141,327.02912621359224
Jailbreak,2142,323.5359223300971
Jailbreak,2143,327.09514563106796
Jailbreak,2144,324.4990291262136
Jailbreak,2145,334.304854368932
Jailbreak,2146,314.1631067961165
Jailbreak,2147,355.3514563106796
Jailbreak,2148,332.9106796116505
Jailbreak,2149,311.2873786407767
Jailbreak,2150,330.9106796116505
Jailbreak,2151,309.09902912621357
Jailbreak,2152,335.2252427184466
Jailbreak,2153,316.3941747572816
Jailbreak,2154,328.2485436893204
Jailbreak,2155,321.4097087378641
Jailbreak,2156,308.29514563106795
Jailbreak,2157,330.4466019417476
Jailbreak,2158,318.95922330097085
Jailbreak,2159,314.97281553398057
Jailbreak,2160,319.94174757281553
Jailbreak,2161,334.65631067961164
Jailbreak,2162,325.81941747572813
Jailbreak,2163,314.49320388349514
Jailbreak,2164,327.31067961165047
Jailbreak,2165,306.1029126213592
Jailbreak,2166,324.3203883495146
Jailbreak,2167,351.22135922330096
Jailbreak,2168,343.2504854368932
Jailbreak,2169,336.9980582524272
Jailbreak,2170,328.3902912621359
Jailbreak,2171,323.5533980582524
Jailbreak,2172,333.90291262135923
Jailbreak,2173,313.7631067961165
Jailbreak,2174,324.2368932038835
Jailbreak,2175,339.79223300970875
Jailbreak,2176,335.81553398058253
Jailbreak,2177,312.09708737864077
Jailbreak,2178,344.54563106796115
Jailbreak,2179,319.24466019417474
Jailbreak,2180,344.29514563106795
Jailbreak,2181,321.9747572815534
Jailbreak,2182,351.19223300970873
Jailbreak,2183,321.1456310679612
Jailbreak,2184,313.99611650485434
Jailbreak,2185,336.73980582524274
Jailbreak,2186,338.80970873786407
Jailbreak,2187,328.8970873786408
Jailbreak,2188,340.88349514563106
Jailbreak,2189,343.1029126213592
Jailbreak,2190,338.25825242718446
Jailbreak,2191,333.27766990291263
Jailbreak,2192,314.052427184466
Jailbreak,2193,309.02718446601943
Jailbreak,2194,349.5242718446602
Jailbreak,2195,332.80970873786407
Jailbreak,2196,328.2854368932039
Jailbreak,2197,329.25631067961166
Jailbreak,2198,324.9825242718447
Jailbreak,2199,316.3766990291262
Jailbreak,2200,328.7359223300971
Jailbreak,2201,328.31650485436893
Jailbreak,2202,341.34563106796116
Jailbreak,2203,333.81553398058253
Jailbreak,2204,334.21941747572816
Jailbreak,2205,324.7359223300971
Jailbreak,2206,310.5184466019418
Jailbreak,2207,331.44466019417473
Jailbreak,2208,327.06213592233007
Jailbreak,2209,334.5747572815534
Jailbreak,2210,305.67184466019415
Jailbreak,2211,330.1029126213592
Jailbreak,2212,319.79611650485435
Jailbreak,2213,327.5165048543689
Jailbreak,2214,321.65631067961164
Jailbreak,2215,343.20582524271845
Jailbreak,2216,328.09514563106796
Jailbreak,2217,342.6621359223301
Jailbreak,2218,310.7514563106796
Jailbreak,2219,320.84466019417476
Jailbreak,2220,316.63495145631066
Jailbreak,2221,329.2485436893204
Jailbreak,2222,335.74368932038834
Jailbreak,2223,336.2252427184466
Jailbreak,2224,335.9087378640777
Jailbreak,2225,306.5242718446602
Jailbreak,2226,331.4601941747573
Jailbreak,2227,304.4660194174757
Jailbreak,2228,333.82912621359225
Jailbreak,2229,319.0349514563107
Jailbreak,2230,323.91650485436895
Jailbreak,2231,316.4466019417476
Jailbreak,2232,331.9456310679612
Jailbreak,2233,348.7281553398058
Jailbreak,2234,328.65242718446603
Jailbreak,2235,346.19029126213593
Jailbreak,2236,320.61747572815534
Jailbreak,2237,334.8563106796116
Jailbreak,2238,321.95728155339805
Jailbreak,2239,326.13592233009706
Jailbreak,2240,310.852427184466
Jailbreak,2241,343.5902912621359
Jailbreak,2242,307.68155339805827
Jailbreak,2243,325.3728155339806
Jailbreak,2244,337.7145631067961
Jailbreak,2245,323.88349514563106
Jailbreak,2246,342.61941747572814
Jailbreak,2247,319.92233009708735
Jailbreak,2248,315.5126213592233
Jailbreak,2249,320.3766990291262
Jailbreak,2250,311.65436893203884
Jailbreak,2251,324.3533980582524
Jailbreak,2252,326.09708737864077
Jailbreak,2253,338.28155339805824
Jailbreak,2254,314.83300970873785
Jailbreak,2255,335.0019417475728
Jailbreak,2256,333.2699029126214
Jailbreak,2257,330.61553398058254
Jailbreak,2258,310.8019417475728
Jailbreak,2259,321.852427184466
Jailbreak,2260,344.8038834951456
Jailbreak,2261,322.0543689320388
Jailbreak,2262,335.88543689320386
Jailbreak,2263,323.621359223301
Jailbreak,2264,340.2135922330097
Jailbreak,2265,318.50679611650486
Jailbreak,2266,338.06796116504853
Jailbreak,2267,335.4660194174757
Jailbreak,2268,326.62912621359226
Jailbreak,2269,330.3728155339806
Jailbreak,2270,336.15728155339804
Jailbreak,2271,326.1495145631068
Jailbreak,2272,334.90679611650484
Jailbreak,2273,320.0194174757282
Jailbreak,2274,333.8718446601942
Jailbreak,2275,336.4271844660194
Jailbreak,2276,321.5203883495146
Jailbreak,2277,351.20582524271845
Jailbreak,2278,341.21747572815536
Jailbreak,2279,316.2893203883495
Jailbreak,2280,323.8718446601942
Jailbreak,2281,306.43689320388347
Jailbreak,2282,338.15533980582524
Jailbreak,2283,331.61747572815534
Jailbreak,2284,325.46990291262136
Jailbreak,2285,320.673786407767
Jailbreak,2286,315.09514563106796
Jailbreak,2287,356.6097087378641
Jailbreak,2288,324.00582524271846
Jailbreak,2289,328.4640776699029
Jailbreak,2290,328.50485436893206
Jailbreak,2291,308.3728155339806
Jailbreak,2292,333.27961165048544
Jailbreak,2293,337.19223300970873
Jailbreak,2294,331.27766990291263
Jailbreak,2295,321.18640776699027
Jailbreak,2296,348.18252427184467
Jailbreak,2297,332.6990291262136
Jailbreak,2298,324.40776699029124
Jailbreak,2299,325.2252427184466
Jailbreak,2300,341.21747572815536
Jailbreak,2301,316.77669902912623
Jailbreak,2302,336.84466019417476
Jailbreak,2303,325.7300970873786
Jailbreak,2304,343.13203883495146
Jailbreak,2305,306.9766990291262
Jailbreak,2306,317.4796116504854
Jailbreak,2307,336.43300970873787
Jailbreak,2308,334.1980582524272
Jailbreak,2309,344.3009708737864
Jailbreak,2310,319.3766990291262
Jailbreak,2311,330.3728155339806
Jailbreak,2312,318.03106796116504
Jailbreak,2313,325.93398058252427
Jailbreak,2314,332.7145631067961
Jailbreak,2315,345.52621359223303
Jailbreak,2316,316.34757281553397
Jailbreak,2317,323.93398058252427
Jailbreak,2318,334.42135922330095
Jailbreak,2319,344.1126213592233
Jailbreak,2320,304.7980582524272
Jailbreak,2321,321.6019417475728
Jailbreak,2322,336.52815533980583
Jailbreak,2323,326.7126213592233
Jailbreak,2324,312.45825242718445
Jailbreak,2325,353.29320388349515
Jailbreak,2326,329.49320388349514
Jailbreak,2327,327.3029126213592
Jailbreak,2328,326.4834951456311
Jailbreak,2329,323.63300970873786
Jailbreak,2330,319.48932038834954
Jailbreak,2331,322.59417475728156
Jailbreak,2332,311.4990291262136
Jailbreak,2333,315.9611650485437
Jailbreak,2334,318.06019417475727
Jailbreak,2335,327.13592233009706
Jailbreak,2336,340.97087378640776
Jailbreak,2337,329.06213592233007
Jailbreak,2338,333.3572815533981
Jailbreak,2339,318.8
Jailbreak,2340,294.13592233009706
Jailbreak,2341,344.126213592233
Jailbreak,2342,328.28155339805824
Jailbreak,2343,346.97087378640776
Jailbreak,2344,326.7009708737864
Jailbreak,2345,328.55728155339807
Jailbreak,2346,342.0174757281553
Jailbreak,2347,333.95339805825245
Jailbreak,2348,305.7533980582524
Jailbreak,2349,339.21941747572816
Jailbreak,2350,349.8504854368932
Jailbreak,2351,314.68737864077667
Jailbreak,2352,337.021359223301
Jailbreak,2353,319.54368932038835
Jailbreak,2354,349.8038834951456
Jailbreak,2355,325.6135922330097
Jailbreak,2356,344.4504854368932
Jailbreak,2357,339.2854368932039
Jailbreak,2358,331.29708737864075
Jailbreak,2359,309.06019417475727
Jailbreak,2360,331.9980582524272
Jailbreak,2361,315.8233009708738
Jailbreak,2362,332.6757281553398
Jailbreak,2363,327.48932038834954
Jailbreak,2364,348.79223300970875
Jailbreak,2365,344.81165048543687
Jailbreak,2366,312.3902912621359
Jailbreak,2367,330.77669902912623
Jailbreak,2368,327.1106796116505
Jailbreak,2369,318.2291262135922
Jailbreak,2370,325.4
Jailbreak,2371,355.4776699029126
Jailbreak,2372,336.36504854368934
Jailbreak,2373,316.2834951456311
Jailbreak,2374,338.0757281553398
Jailbreak,2375,343.86601941747574
Jailbreak,2376,313.5902912621359
Jailbreak,2377,344.7242718446602
Jailbreak,2378,342.0019417475728
Jailbreak,2379,327.9281553398058
Jailbreak,2380,333.4271844660194
Jailbreak,2381,335.53203883495144
Jailbreak,2382,320.4135922330097
Jailbreak,2383,340.2873786407767
Jailbreak,2384,319.9980582524272
Jailbreak,2385,313.99611650485434
Jailbreak,2386,315.9844660194175
Jailbreak,2387,318.99417475728154
Jailbreak,2388,332.19223300970873
Jailbreak,2389,332.3902912621359
Jailbreak,2390,324.5165048543689
Jailbreak,2391,324.13203883495146
Jailbreak,2392,338.6970873786408
Jailbreak,2393,321.78252427184464
Jailbreak,2394,318.7126213592233
Jailbreak,2395,327.06019417475727
Jailbreak,2396,323.78252427184464
Jailbreak,2397,336.32815533980585
Jailbreak,2398,305.7339805825243
Jailbreak,2399,316.5029126213592
Jailbreak,2400,327.8932038834951
Jailbreak,2401,327.49320388349514
Jailbreak,2402,332.6116504854369
Jailbreak,2403,359.06601941747573
Jailbreak,2404,351.99417475728154
Jailbreak,2405,311.84271844660196
Jailbreak,2406,331.97281553398057
Jailbreak,2407,339.3533980582524
Jailbreak,2408,326.06407766990293
Jailbreak,2409,345.3242718446602
Jailbreak,2410,335.1242718446602
Jailbreak,2411,330.3922330097087
Jailbreak,2412,337.93203883495147
Jailbreak,2413,326.1980582524272
Jailbreak,2414,350.30873786407767
Jailbreak,2415,353.2271844660194
Jailbreak,2416,312.5864077669903
Jailbreak,2417,345.83106796116505
Jailbreak,2418,335.6990291262136
Jailbreak,2419,333.77864077669904
Jailbreak,2420,326.7631067961165
Jailbreak,2421,346.41553398058255
Jailbreak,2422,312.2271844660194
Jailbreak,2423,323.31650485436893
Jailbreak,2424,337.3029126213592
Jailbreak,2425,336.87961165048546
Jailbreak,2426,344.54757281553395
Jailbreak,2427,344.621359223301
Jailbreak,2428,322.978640776699
Jailbreak,2429,341.3941747572816
Jailbreak,2430,309.9495145631068
Jailbreak,2431,318.11456310679614
Jailbreak,2432,327.2854368932039
Jailbreak,2433,348.147572815534
Jailbreak,2434,320.08155339805825
Jailbreak,2435,325.59611650485436
Jailbreak,2436,338.51067961165046
Jailbreak,2437,337.81941747572813
Jailbreak,2438,324.726213592233
Jailbreak,2439,326.31067961165047
Jailbreak,2440,314.5747572815534
Jailbreak,2441,331.99611650485434
Jailbreak,2442,311.93786407766993
Jailbreak,2443,325.92038834951455
Jailbreak,2444,343.92038834951455
Jailbreak,2445,340.7126213592233
Jailbreak,2446,323.52815533980583
Jailbreak,2447,329.695145631068
Jailbreak,2448,324.8504854368932
Jailbreak,2449,331.5902912621359
Jailbreak,2450,353.6038834951456
Jailbreak,2451,323.59805825242717
Jailbreak,2452,313.8757281553398
Jailbreak,2453,331.5378640776699
Jailbreak,2454,349.00582524271846
Jailbreak,2455,334.4097087378641
Jailbreak,2456,345.3631067961165
Jailbreak,2457,335.45242718446605
Jailbreak,2458,337.2466019417476
Jailbreak,2459,342.3359223300971
Jailbreak,2460,329.5203883495146
Jailbreak,2461,314.63106796116506
Jailbreak,2462,345.3398058252427
Jailbreak,2463,306.6504854368932
Jailbreak,2464,312.7611650485437
Jailbreak,2465,343.90291262135923
Jailbreak,2466,316.9980582524272
Jailbreak,2467,304.821359223301
Jailbreak,2468,324.07766990291265
Jailbreak,2469,339.25631067961166
Jailbreak,2470,341.3922330097087
Jailbreak,2471,318.1436893203884
Jailbreak,2472,313.81359223300973
Jailbreak,2473,315.052427184466
Jailbreak,2474,327.80776699029127
Jailbreak,2475,333.95533980582525
Jailbreak,2476,333.6757281553398
Jailbreak,2477,318.126213592233
Jailbreak,2478,342.1728155339806
Jailbreak,2479,321.9495145631068
Jailbreak,2480,325.2116504854369
Jailbreak,2481,329.2699029126214
Jailbreak,2482,324.5533980582524
Jailbreak,2483,325.71844660194176
Jailbreak,2484,314.3533980582524
Jailbreak,2485,334.231067961165
Jailbreak,2486,319.3203883495146
Jailbreak,2487,315.47378640776697
Jailbreak,2488,336.90097087378643
Jailbreak,2489,325.2349514563107
Jailbreak,2490,320.69320388349513
Jailbreak,2491,343.7980582524272
Jailbreak,2492,332.178640776699
Jailbreak,2493,345.47378640776697
Jailbreak,2494,328.55728155339807
Jailbreak,2495,334.9106796116505
Jailbreak,2496,320.9631067961165
Jailbreak,2497,326.84854368932037
Jailbreak,2498,351.0718446601942
Jailbreak,2499,320.0543689320388
Jailbreak,2500,328.4640776699029
Jailbreak,2501,330.8
Jailbreak,2502,330.2990291262136
Jailbreak,2503,321.8271844660194
Jailbreak,2504,303.03300970873784
Jailbreak,2505,321.3592233009709
Jailbreak,2506,318.24077669902914
Jailbreak,2507,329.7145631067961
Jailbreak,2508,328.36893203883494
Jailbreak,2509,317.90485436893204
Jailbreak,2510,316.5165048543689
Jailbreak,2511,334.9281553398058
Jailbreak,2512,318.95339805825245
Jailbreak,2513,309.36504854368934
Jailbreak,2514,339.27961165048544
Jailbreak,2515,351.79611650485435
Jailbreak,2516,325.90485436893204
Jailbreak,2517,333.8349514563107
Jailbreak,2518,324.11650485436894
Jailbreak,2519,328.1087378640777
Jailbreak,2520,341.1223300970874
Jailbreak,2521,337.4601941747573
Jailbreak,2522,331.63300970873786
Jailbreak,2523,320.55922330097087
Jailbreak,2524,337.07961165048545
Jailbreak,2525,339.86407766990294
Jailbreak,2526,338.16699029126215
Jailbreak,2527,349.65436893203884
Jailbreak,2528,323.80582524271847
Jailbreak,2529,339.26019417475726
Jailbreak,2530,307.22330097087377
Jailbreak,2531,320.56116504854367
Jailbreak,2532,336.30679611650487
Jailbreak,2533,327.00970873786406
Jailbreak,2534,348.3592233009709
Jailbreak,2535,327.31262135922333
Jailbreak,2536,322.9514563106796
Jailbreak,2537,331.75922330097086
Jailbreak,2538,328.40582524271844
Jailbreak,2539,342.51067961165046
Jailbreak,2540,343.4990291262136
Jailbreak,2541,323.5359223300971
Jailbreak,2542,328.66601941747575
Jailbreak,2543,323.0718446601942
Jailbreak,2544,362.93203883495147
Jailbreak,2545,346.61747572815534
Jailbreak,2546,334.36893203883494
Jailbreak,2547,330.8019417475728
Jailbreak,2548,327.11456310679614
Jailbreak,2549,333.07961165048545
Jailbreak,2550,330.86407766990294
Jailbreak,2551,355.93786407766993
Jailbreak,2552,352.2466019417476
Jailbreak,2553,336.5242718446602
Jailbreak,2554,341.40388349514564
Jailbreak,2555,330.6135922330097
Jailbreak,2556,325.8621359223301
Jailbreak,2557,338.6485436893204
Jailbreak,2558,330.61553398058254
Jailbreak,2559,331.7864077669903
Jailbreak,2560,344.852427184466
Jailbreak,2561,349.1747572815534
Jailbreak,2562,329.41553398058255
Jailbreak,2563,323.4504854368932
Jailbreak,2564,340.43300970873787
Jailbreak,2565,325.7708737864078
Jailbreak,2566,325.7106796116505
Jailbreak,2567,337.53203883495144
Jailbreak,2568,332.5339805825243
Jailbreak,2569,337.54757281553395
Jailbreak,2570,349.53203883495144
Jailbreak,2571,316.96699029126216
Jailbreak,2572,317.8038834951456
Jailbreak,2573,316.55922330097087
Jailbreak,2574,321.9495145631068
Jailbreak,2575,329.84466019417476
Jailbreak,2576,337.56504854368933
Jailbreak,2577,321.6640776699029
Jailbreak,2578,346.0019417475728
Jailbreak,2579,336.7320388349515
Jailbreak,2580,333.1980582524272
Jailbreak,2581,330.0388349514563
Jailbreak,2582,311.07766990291265
Jailbreak,2583,320.8019417475728
Jailbreak,2584,344.63300970873786
Jailbreak,2585,334.8252427184466
Jailbreak,2586,320.5339805825243
Jailbreak,2587,333.3980582524272
Jailbreak,2588,328.31844660194173
Jailbreak,2589,333.70873786407765
Jailbreak,2590,351.9747572815534
Jailbreak,2591,300.0019417475728
Jailbreak,2592,319.1009708737864
Jailbreak,2593,348.6776699029126
Jailbreak,2594,329.1009708737864
Jailbreak,2595,328.63495145631066
Jailbreak,2596,320.91844660194175
Jailbreak,2597,320.83106796116505
Jailbreak,2598,325.3514563106796
Jailbreak,2599,321.95728155339805
Jailbreak,2600,340.86990291262134
Jailbreak,2601,316.24466019417474
Jailbreak,2602,328.3961165048544
Jailbreak,2603,352.4796116504854
Jailbreak,2604,334.5902912621359
Jailbreak,2605,350.49514563106794
Jailbreak,2606,341.48932038834954
Jailbreak,2607,342.0854368932039
Jailbreak,2608,319.1281553398058
Jailbreak,2609,336.58446601941745
Jailbreak,2610,328.33009708737865
Jailbreak,2611,318.4757281553398
Jailbreak,2612,346.3631067961165
Jailbreak,2613,337.0
Jailbreak,2614,309.58252427184465
Jailbreak,2615,325.06407766990293
Jailbreak,2616,317.77864077669904
Jailbreak,2617,328.3766990291262
Jailbreak,2618,341.6640776699029
Jailbreak,2619,331.5514563106796
Jailbreak,2620,319.84660194174756
Jailbreak,2621,333.43495145631067
Jailbreak,2622,338.5728155339806
Jailbreak,2623,324.9631067961165
Jailbreak,2624,348.9650485436893
Jailbreak,2625,352.895145631068
Jailbreak,2626,340.5184466019418
Jailbreak,2627,351.695145631068
Jailbreak,2628,327.6621359223301
Jailbreak,2629,335.88155339805826
Jailbreak,2630,344.90679611650484
Jailbreak,2631,329.3747572815534
Jailbreak,2632,342.09708737864077
Jailbreak,2633,359.7650485436893
Jailbreak,2634,310.7902912621359
Jailbreak,2635,318.6407766990291
Jailbreak,2636,324.747572815534
Jailbreak,2637,337.2368932038835
Jailbreak,2638,345.82912621359225
Jailbreak,2639,331.5029126213592
Jailbreak,2640,313.5203883495146
Jailbreak,2641,309.4834951456311
Jailbreak,2642,321.5533980582524
Jailbreak,2643,333.3417475728155
Jailbreak,2644,316.9495145631068
Jailbreak,2645,310.40194174757283
Jailbreak,2646,320.88543689320386
Jailbreak,2647,322.19417475728153
Jailbreak,2648,357.6601941747573
Jailbreak,2649,345.9300970873786
Jailbreak,2650,329.58252427184465
Jailbreak,2651,334.1611650485437
Jailbreak,2652,349.31262135922333
Jailbreak,2653,353.5728155339806
Jailbreak,2654,326.5145631067961
Jailbreak,2655,332.947572815534
Jailbreak,2656,327.2019417475728
Jailbreak,2657,351.2485436893204
Jailbreak,2658,338.8407766990291
Jailbreak,2659,342.9145631067961
Jailbreak,2660,346.94174757281553
Jailbreak,2661,316.9300970873786
Jailbreak,2662,325.44466019417473
Jailbreak,2663,327.78058252427184
Jailbreak,2664,334.5514563106796
Jailbreak,2665,325.8233009708738
Jailbreak,2666,336.2
Jailbreak,2667,310.44271844660193
Jailbreak,2668,322.36699029126214
Jailbreak,2669,327.68932038834953
Jailbreak,2670,323.1281553398058
Jailbreak,2671,315.41941747572815
Jailbreak,2672,332.07766990291265
Jailbreak,2673,339.91650485436895
Jailbreak,2674,341.15145631067963
Jailbreak,2675,332.4640776699029
Jailbreak,2676,329.7728155339806
Jailbreak,2677,331.9844660194175
Jailbreak,2678,351.0116504854369
Jailbreak,2679,301.45825242718445
Jailbreak,2680,334.72233009708737
Jailbreak,2681,338.8368932038835
Jailbreak,2682,302.5495145631068
Jailbreak,2683,334.3747572815534
Jailbreak,2684,330.0194174757282
Jailbreak,2685,327.2466019417476
Jailbreak,2686,313.27766990291263
Jailbreak,2687,324.9864077669903
Jailbreak,2688,348.34368932038836
Jailbreak,2689,309.20388349514565
Jailbreak,2690,337.1495145631068
Jailbreak,2691,325.61941747572814
Jailbreak,2692,332.1650485436893
Jailbreak,2693,331.80776699029127
Jailbreak,2694,316.34757281553397
Jailbreak,2695,315.81747572815533
Jailbreak,2696,311.2873786407767
Jailbreak,2697,354.40582524271844
Jailbreak,2698,342.3359223300971
Jailbreak,2699,321.09708737864077
Jailbreak,2700,342.47378640776697
Jailbreak,2701,339.8893203883495
Jailbreak,2702,318.95728155339805
Jailbreak,2703,330.16699029126215
Jailbreak,2704,329.3359223300971
Jailbreak,2705,328.33009708737865
Jailbreak,2706,322.9126213592233
Jailbreak,2707,310.81553398058253
Jailbreak,2708,341.8388349514563
Jailbreak,2709,317.81941747572813
Jailbreak,2710,311.33009708737865
Jailbreak,2711,323.74563106796114
Jailbreak,2712,340.5359223300971
Jailbreak,2713,310.8019417475728
Jailbreak,2714,347.6058252427184
Jailbreak,2715,336.7708737864078
Jailbreak,2716,334.0252427184466
Jailbreak,2717,325.5145631067961
Jailbreak,2718,331.93980582524273
Jailbreak,2719,327.7611650485437
Jailbreak,2720,358.8601941747573
Jailbreak,2721,314.52621359223303
Jailbreak,2722,332.46796116504856
Jailbreak,2723,327.8563106796116
Jailbreak,2724,325.67184466019415
Jailbreak,2725,321.45436893203885
Jailbreak,2726,337.11456310679614
Jailbreak,2727,322.7864077669903
Jailbreak,2728,323.8504854368932
Jailbreak,2729,347.2330097087379
Jailbreak,2730,341.44271844660193
Jailbreak,2731,342.7631067961165
Jailbreak,2732,320.63300970873786
Jailbreak,2733,329.56310679611653
Jailbreak,2734,310.9611650485437
Jailbreak,2735,370.19029126213593
Jailbreak,2736,328.1242718446602
Jailbreak,2737,357.36504854368934
Jailbreak,2738,323.13203883495146
Jailbreak,2739,325.5495145631068
Jailbreak,2740,319.895145631068
Jailbreak,2741,333.747572815534
Jailbreak,2742,334.8970873786408
Jailbreak,2743,342.31844660194173
Jailbreak,2744,330.5495145631068
Jailbreak,2745,329.34368932038836
Jailbreak,2746,317.06213592233007
Jailbreak,2747,351.6077669902913
Jailbreak,2748,351.8019417475728
Jailbreak,2749,343.65436893203884
Jailbreak,2750,326.0893203883495
Jailbreak,2751,336.46796116504856
Jailbreak,2752,332.25825242718446
Jailbreak,2753,338.09902912621357
Jailbreak,2754,357.66601941747575
Jailbreak,2755,319.68155339805827
Jailbreak,2756,318.40388349514564
Jailbreak,2757,333.21941747572816
Jailbreak,2758,327.6
Jailbreak,2759,331.54368932038835
Jailbreak,2760,324.93203883495147
Jailbreak,2761,319.873786407767
Jailbreak,2762,328.1436893203884
Jailbreak,2763,320.99029126213594
Jailbreak,2764,332.95533980582525
Jailbreak,2765,318.88155339805826
Jailbreak,2766,341.06796116504853
Jailbreak,2767,308.37087378640774
Jailbreak,2768,335.80970873786407
Jailbreak,2769,315.96699029126216
Jailbreak,2770,321.90291262135923
Jailbreak,2771,316.49126213592234
Jailbreak,2772,316.26019417475726
Jailbreak,2773,338.231067961165
Jailbreak,2774,331.6970873786408
Jailbreak,2775,320.8912621359223
Jailbreak,2776,334.72233009708737
Jailbreak,2777,326.9980582524272
Jailbreak,2778,326.44271844660193
Jailbreak,2779,326.5378640776699
Jailbreak,2780,341.97087378640776
Jailbreak,2781,318.21747572815536
Jailbreak,2782,329.04466019417475
Jailbreak,2783,348.9825242718447
Jailbreak,2784,341.326213592233
Jailbreak,2785,328.5126213592233
Jailbreak,2786,323.62912621359226
Jailbreak,2787,321.4135922330097
Jailbreak,2788,307.8582524271845
Jailbreak,2789,331.25825242718446
Jailbreak,2790,348.3611650485437
Jailbreak,2791,331.09902912621357
Jailbreak,2792,328.4621359223301
Jailbreak,2793,323.6135922330097
Jailbreak,2794,347.36893203883494
Jailbreak,2795,315.49514563106794
Jailbreak,2796,322.22330097087377
Jailbreak,2797,319.1592233009709
Jailbreak,2798,336.42135922330095
Jailbreak,2799,333.40388349514564
Jailbreak,2800,334.6271844660194
Jailbreak,2801,321.3592233009709
Jailbreak,2802,333.7106796116505
Jailbreak,2803,323.5184466019418
Jailbreak,2804,327.29708737864075
Jailbreak,2805,340.7902912621359
Jailbreak,2806,332.19417475728153
Jailbreak,2807,325.052427184466
Jailbreak,2808,352.68155339805827
Jailbreak,2809,333.4640776699029
Jailbreak,2810,335.1126213592233
Jailbreak,2811,348.84271844660196
Jailbreak,2812,323.2718446601942
Jailbreak,2813,322.9495145631068
Jailbreak,2814,339.37087378640774
Jailbreak,2815,343.6368932038835
Jailbreak,2816,339.6116504854369
Jailbreak,2817,350.61747572815534
Jailbreak,2818,326.86407766990294
Jailbreak,2819,317.94174757281553
Jailbreak,2820,327.45242718446605
Jailbreak,2821,316.9844660194175
Jailbreak,2822,338.66990291262135
Jailbreak,2823,323.18446601941747
Jailbreak,2824,323.1456310679612
Jailbreak,2825,304.0504854368932
Jailbreak,2826,327.99611650485434
Jailbreak,2827,313.31067961165047
Jailbreak,2828,358.66601941747575
Jailbreak,2829,332.90679611650484
Jailbreak,2830,340.9650485436893
Jailbreak,2831,353.2640776699029
Jailbreak,2832,320.7980582524272
Jailbreak,2833,339.27766990291263
Jailbreak,2834,351.178640776699
Jailbreak,2835,318.80970873786407
Jailbreak,2836,322.9650485436893
Jailbreak,2837,331.90291262135923
Jailbreak,2838,311.48932038834954
Jailbreak,2839,336.6970873786408
Jailbreak,2840,319.11456310679614
Jailbreak,2841,315.8893203883495
Jailbreak,2842,319.56893203883493
Jailbreak,2843,331.2135922330097
Jailbreak,2844,320.93398058252427
Jailbreak,2845,342.70485436893205
Jailbreak,2846,314.06213592233007
Jailbreak,2847,326.19417475728153
Jailbreak,2848,322.8582524271845
Jailbreak,2849,325.04271844660195
Jailbreak,2850,319.895145631068
Jailbreak,2851,309.09320388349516
Jailbreak,2852,328.3592233009709
Jailbreak,2853,310.5029126213592
Jailbreak,2854,315.70291262135925
Jailbreak,2855,314.4796116504854
Jailbreak,2856,326.2621359223301
Jailbreak,2857,347.6019417475728
Jailbreak,2858,330.74368932038834
Jailbreak,2859,345.05825242718447
Jailbreak,2860,315.66990291262135
Jailbreak,2861,338.8601941747573
Jailbreak,2862,338.33203883495145
Jailbreak,2863,325.91650485436895
Jailbreak,2864,334.54174757281555
Jailbreak,2865,331.052427184466
Jailbreak,2866,323.19029126213593
Jailbreak,2867,336.3902912621359
Jailbreak,2868,331.8368932038835
Jailbreak,2869,352.8407766990291
Jailbreak,2870,319.18834951456313
Jailbreak,2871,325.7378640776699
Jailbreak,2872,339.8252427184466
Jailbreak,2873,338.2854368932039
Jailbreak,2874,328.7902912621359
Jailbreak,2875,343.75728155339806
Jailbreak,2876,332.43495145631067
Jailbreak,2877,353.91650485436895
Jailbreak,2878,319.22330097087377
Jailbreak,2879,325.11456310679614
Jailbreak,2880,316.70291262135925
Jailbreak,2881,335.31844660194173
Jailbreak,2882,312.18640776699027
Jailbreak,2883,317.74563106796114
Jailbreak,2884,335.2466019417476
Jailbreak,2885,313.91844660194175
Jailbreak,2886,306.6776699029126
Jailbreak,2887,335.68737864077667
Jailbreak,2888,321.73980582524274
Jailbreak,2889,349.11456310679614
Jailbreak,2890,337.3766990291262
Jailbreak,2891,327.84660194174756
Jailbreak,2892,332.4252427184466
Jailbreak,2893,316.1436893203884
Jailbreak,2894,320.59611650485436
Jailbreak,2895,327.3961165048544
Jailbreak,2896,324.80776699029127
Jailbreak,2897,319.2718446601942
Jailbreak,2898,320.1611650485437
Jailbreak,2899,314.75922330097086
Jailbreak,2900,325.18058252427187
Jailbreak,2901,335.12038834951454
Jailbreak,2902,326.4640776699029
Jailbreak,2903,314.9456310679612
Jailbreak,2904,346.95922330097085
Jailbreak,2905,339.5145631067961
Jailbreak,2906,329.6368932038835
Jailbreak,2907,337.03300970873784
Jailbreak,2908,348.95533980582525
Jailbreak,2909,315.747572815534
Jailbreak,2910,317.69320388349513
Jailbreak,2911,323.31262135922333
Jailbreak,2912,342.4640776699029
Jailbreak,2913,314.2640776699029
Jailbreak,2914,337.17087378640775
Jailbreak,2915,341.75728155339806
Jailbreak,2916,319.44466019417473
Jailbreak,2917,344.59223300970876
Jailbreak,2918,318.36504854368934
Jailbreak,2919,314.6116504854369
Jailbreak,2920,335.00776699029126
Jailbreak,2921,340.56116504854367
Jailbreak,2922,313.97087378640776
Jailbreak,2923,301.6038834951456
Jailbreak,2924,351.7864077669903
Jailbreak,2925,326.9456310679612
Jailbreak,2926,354.2854368932039
Jailbreak,2927,322.8038834951456
Jailbreak,2928,344.18446601941747
Jailbreak,2929,333.81553398058253
Jailbreak,2930,314.8970873786408
Jailbreak,2931,318.0019417475728
Jailbreak,2932,329.7339805825243
Jailbreak,2933,338.6368932038835
Jailbreak,2934,335.1961165048544
Jailbreak,2935,330.09708737864077
Jailbreak,2936,321.33009708737865
Jailbreak,2937,350.00582524271846
Jailbreak,2938,351.6019417475728
Jailbreak,2939,325.5902912621359
Jailbreak,2940,351.19417475728153
Jailbreak,2941,323.5864077669903
Jailbreak,2942,320.95728155339805
Jailbreak,2943,311.1087378640777
Jailbreak,2944,331.45436893203885
Jailbreak,2945,343.3359223300971
Jailbreak,2946,333.18834951456313
Jailbreak,2947,333.44077669902913
Jailbreak,2948,323.621359223301
Jailbreak,2949,356.2271844660194
Jailbreak,2950,325.726213592233
Jailbreak,2951,331.07766990291265
Jailbreak,2952,331.71844660194176
Jailbreak,2953,332.45242718446605
Jailbreak,2954,327.54368932038835
Jailbreak,2955,335.3631067961165
Jailbreak,2956,351.8407766990291
Jailbreak,2957,331.3398058252427
Jailbreak,2958,322.231067961165
Jailbreak,2959,345.1650485436893
Jailbreak,2960,327.72233009708737
Jailbreak,2961,324.04466019417475
Jailbreak,2962,305.5029126213592
Jailbreak,2963,361.5009708737864
Jailbreak,2964,323.3553398058252
Jailbreak,2965,324.57864077669905
Jailbreak,2966,325.68349514563107
Jailbreak,2967,332.6252427184466
Jailbreak,2968,336.9242718446602
Jailbreak,2969,321.6601941747573
Jailbreak,2970,339.8019417475728
Jailbreak,2971,327.052427184466
Jailbreak,2972,321.5398058252427
Jailbreak,2973,330.36699029126214
Jailbreak,2974,339.91650485436895
Jailbreak,2975,336.7339805825243
Jailbreak,2976,352.4776699029126
Jailbreak,2977,345.46796116504856
Jailbreak,2978,327.00388349514566
Jailbreak,2979,336.8601941747573
Jailbreak,2980,310.5165048543689
Jailbreak,2981,344.7009708737864
Jailbreak,2982,331.56310679611653
Jailbreak,2983,342.9514563106796
Jailbreak,2984,338.7165048543689
Jailbreak,2985,324.11844660194174
Jailbreak,2986,341.44466019417473
Jailbreak,2987,327.1029126213592
Jailbreak,2988,325.7669902912621
Jailbreak,2989,326.27961165048544
Jailbreak,2990,329.4834951456311
Jailbreak,2991,337.7145631067961
Jailbreak,2992,324.1281553398058
Jailbreak,2993,329.20582524271845
Jailbreak,2994,354.2019417475728
Jailbreak,2995,336.6368932038835
Jailbreak,2996,346.6252427184466
Jailbreak,2997,351.4116504854369
Jailbreak,2998,318.3766990291262
Jailbreak,2999,325.18252427184467
Jailbreak,3000,335.7165048543689
Jailbreak,3001,350.56310679611653
Jailbreak,3002,330.68155339805827
Jailbreak,3003,341.45825242718445
Jailbreak,3004,331.2252427184466
Jailbreak,3005,328.8776699029126
Jailbreak,3006,325.1029126213592
Jailbreak,3007,324.68349514563107
Jailbreak,3008,347.63300970873786
Jailbreak,3009,337.3728155339806
Jailbreak,3010,334.1961165048544
Jailbreak,3011,338.7378640776699
Jailbreak,3012,333.2097087378641
Jailbreak,3013,333.6621359223301
Jailbreak,3014,319.59223300970876
Jailbreak,3015,331.6504854368932
Jailbreak,3016,324.1087378640777
Jailbreak,3017,340.31844660194173
Jailbreak,3018,327.0912621359223
Jailbreak,3019,347.34368932038836
Jailbreak,3020,320.9650485436893
Jailbreak,3021,346.78252427184464
Jailbreak,3022,328.72233009708737
Jailbreak,3023,338.2388349514563
Jailbreak,3024,343.41747572815535
Jailbreak,3025,343.7864077669903
Jailbreak,3026,331.4233009708738
Jailbreak,3027,342.80582524271847
Jailbreak,3028,325.15728155339804
Jailbreak,3029,331.18640776699027
Jailbreak,3030,317.81165048543687
Jailbreak,3031,342.69126213592233
Jailbreak,3032,327.4815533980582
Jailbreak,3033,327.3611650485437
Jailbreak,3034,319.3398058252427
Jailbreak,3035,318.13592233009706
Jailbreak,3036,331.86990291262134
Jailbreak,3037,329.8990291262136
Jailbreak,3038,352.13592233009706
Jailbreak,3039,324.1456310679612
Jailbreak,3040,315.92038834951455
Jailbreak,3041,337.5145631067961
Jailbreak,3042,341.4873786407767
Jailbreak,3043,335.1456310679612
Jailbreak,3044,343.1126213592233
Jailbreak,3045,301.0504854368932
Jailbreak,3046,332.67184466019415
Jailbreak,3047,298.2135922330097
Jailbreak,3048,317.55922330097087
Jailbreak,3049,314.6485436893204
Jailbreak,3050,327.68155339805827
Jailbreak,3051,323.0349514563107
Jailbreak,3052,334.7378640776699
Jailbreak,3053,339.378640776699
Jailbreak,3054,326.9766990291262
Jailbreak,3055,335.9300970873786
Jailbreak,3056,352.9126213592233
Jailbreak,3057,337.93786407766993
Jailbreak,3058,336.673786407767
Jailbreak,3059,333.326213592233
Jailbreak,3060,342.1126213592233
Jailbreak,3061,324.3009708737864
Jailbreak,3062,331.1281553398058
Jailbreak,3063,342.0135922330097
Jailbreak,3064,328.7320388349515
Jailbreak,3065,323.1378640776699
Jailbreak,3066,325.66990291262135
Jailbreak,3067,339.4834951456311
Jailbreak,3068,338.43689320388347
Jailbreak,3069,323.947572815534
Jailbreak,3070,309.31650485436893
Jailbreak,3071,335.52621359223303
Jailbreak,3072,319.2019417475728
Jailbreak,3073,322.0194174757282
Jailbreak,3074,332.99029126213594
Jailbreak,3075,333.18446601941747
Jailbreak,3076,331.06796116504853
Jailbreak,3077,325.5184466019418
Jailbreak,3078,349.4970873786408
Jailbreak,3079,314.19223300970873
Jailbreak,3080,336.8621359223301
Jailbreak,3081,331.7359223300971
Jailbreak,3082,346.78252427184464
Jailbreak,3083,312.073786407767
Jailbreak,3084,326.7883495145631
Jailbreak,3085,347.02718446601943
Jailbreak,3086,337.4233009708738
Jailbreak,3087,334.78058252427184
Jailbreak,3088,330.46990291262136
Jailbreak,3089,323.4601941747573
Jailbreak,3090,335.2640776699029
Jailbreak,3091,338.30679611650487
Jailbreak,3092,316.65242718446603
Jailbreak,3093,336.31650485436893
Jailbreak,3094,311.25436893203886
Jailbreak,3095,324.75533980582526
Jailbreak,3096,323.5165048543689
Jailbreak,3097,339.80776699029127
Jailbreak,3098,328.83106796116505
Jailbreak,3099,354.9281553398058
Jailbreak,3100,310.1009708737864
Jailbreak,3101,332.895145631068
Jailbreak,3102,316.61747572815534
Jailbreak,3103,329.11844660194174
Jailbreak,3104,325.50873786407766
Jailbreak,3105,330.6019417475728
Jailbreak,3106,317.00776699029126
Jailbreak,3107,325.8543689320388
Jailbreak,3108,345.70485436893205
Jailbreak,3109,331.1126213592233
Jailbreak,3110,343.0485436893204
Jailbreak,3111,313.4854368932039
Jailbreak,3112,363.22330097087377
Jailbreak,3113,326.66990291262135
Jailbreak,3114,329.29320388349515
Jailbreak,3115,353.3728155339806
Jailbreak,3116,322.5747572815534
Jailbreak,3117,320.06796116504853
Jailbreak,3118,367.6019417475728
Jailbreak,3119,341.0252427184466
Jailbreak,3120,309.0
Jailbreak,3121,343.70485436893205
Jailbreak,3122,335.7320388349515
Jailbreak,3123,329.3495145631068
Jailbreak,3124,342.34563106796116
Jailbreak,3125,328.7631067961165
Jailbreak,3126,346.18834951456313
Jailbreak,3127,326.78058252427184
Jailbreak,3128,318.3611650485437
Jailbreak,3129,330.50873786407766
Jailbreak,3130,308.2660194174757
Jailbreak,3131,338.99417475728154
Jailbreak,3132,336.5902912621359
Jailbreak,3133,308.104854368932
Jailbreak,3134,339.0485436893204
Jailbreak,3135,323.53203883495144
Jailbreak,3136,351.43495145631067
Jailbreak,3137,327.6116504854369
Jailbreak,3138,329.80970873786407
Jailbreak,3139,331.80970873786407
Jailbreak,3140,321.2504854368932
Jailbreak,3141,325.17087378640775
Jailbreak,3142,306.4271844660194
Jailbreak,3143,331.2485436893204
Jailbreak,3144,343.59223300970876
Jailbreak,3145,317.6038834951456
Jailbreak,3146,334.18252427184467
Jailbreak,3147,331.16893203883495
Jailbreak,3148,348.33203883495145
Jailbreak,3149,344.04466019417475
Jailbreak,3150,314.8388349514563
Jailbreak,3151,326.0135922330097
Jailbreak,3152,336.7708737864078
Jailbreak,3153,319.8912621359223
Jailbreak,3154,333.6116504854369
Jailbreak,3155,330.80776699029127
Jailbreak,3156,315.673786407767
Jailbreak,3157,333.8718446601942
Jailbreak,3158,307.52621359223303
Jailbreak,3159,334.47184466019417
Jailbreak,3160,332.67184466019415
Jailbreak,3161,306.9242718446602
Jailbreak,3162,312.3941747572816
Jailbreak,3163,321.4757281553398
Jailbreak,3164,335.86990291262134
Jailbreak,3165,348.22135922330096
Jailbreak,3166,331.45436893203885
Jailbreak,3167,337.73980582524274
Jailbreak,3168,312.2291262135922
Jailbreak,3169,334.44271844660193
Jailbreak,3170,327.3242718446602
Jailbreak,3171,296.16893203883495
Jailbreak,3172,323.8757281553398
Jailbreak,3173,338.61941747572814
Jailbreak,3174,326.621359223301
Jailbreak,3175,345.25631067961166
Jailbreak,3176,329.6582524271845
Jailbreak,3177,329.93592233009707
Jailbreak,3178,324.7281553398058
Jailbreak,3179,325.56893203883493
Jailbreak,3180,348.3203883495146
Jailbreak,3181,339.07766990291265
Jailbreak,3182,313.49514563106794
Jailbreak,3183,322.74563106796114
Jailbreak,3184,326.11844660194174
Jailbreak,3185,320.91844660194175
Jailbreak,3186,363.17087378640775
Jailbreak,3187,315.8970873786408
Jailbreak,3188,327.24077669902914
Jailbreak,3189,308.0
Jailbreak,3190,312.46990291262136
Jailbreak,3191,317.2252427184466
Jailbreak,3192,321.6233009708738
Jailbreak,3193,315.8233009708738
Jailbreak,3194,311.36504854368934
Jailbreak,3195,327.65242718446603
Jailbreak,3196,323.42135922330095
Jailbreak,3197,335.81941747572813
Jailbreak,3198,322.7514563106796
Jailbreak,3199,322.673786407767
Jailbreak,3200,343.821359223301
Jailbreak,3201,318.0854368932039
Jailbreak,3202,337.0233009708738
Jailbreak,3203,319.4854368932039
Jailbreak,3204,350.18446601941747
Jailbreak,3205,339.18446601941747
Jailbreak,3206,333.2679611650485
Jailbreak,3207,319.2019417475728
Jailbreak,3208,360.8873786407767
Jailbreak,3209,332.34757281553397
Jailbreak,3210,318.1611650485437
Jailbreak,3211,314.6446601941748
Jailbreak,3212,310.93592233009707
Jailbreak,3213,322.9495145631068
Jailbreak,3214,336.4271844660194
Jailbreak,3215,330.13398058252426
Jailbreak,3216,326.4601941747573
Jailbreak,3217,351.6990291262136
Jailbreak,3218,343.231067961165
Jailbreak,3219,322.0174757281553
Jailbreak,3220,321.8543689320388
Jailbreak,3221,331.25631067961166
Jailbreak,3222,326.3009708737864
Jailbreak,3223,323.54368932038835
Jailbreak,3224,328.67184466019415
Jailbreak,3225,329.6388349514563
Jailbreak,3226,320.3417475728155
Jailbreak,3227,337.4757281553398
Jailbreak,3228,342.7533980582524
Jailbreak,3229,328.81747572815533
Jailbreak,3230,313.77864077669904
Jailbreak,3231,336.1378640776699
Jailbreak,3232,324.00970873786406
Jailbreak,3233,336.09514563106796
Jailbreak,3234,330.69320388349513
Jailbreak,3235,332.5203883495146
Jailbreak,3236,320.91650485436895
Jailbreak,3237,319.06407766990293
Jailbreak,3238,322.4660194174757
Jailbreak,3239,305.5029126213592
Jailbreak,3240,335.18640776699027
Jailbreak,3241,360.31262135922333
Jailbreak,3242,319.2893203883495
Jailbreak,3243,317.00388349514566
Jailbreak,3244,315.93398058252427
Jailbreak,3245,338.40194174757283
Jailbreak,3246,324.821359223301
Jailbreak,3247,344.3029126213592
Jailbreak,3248,353.0135922330097
Jailbreak,3249,306.5398058252427
Jailbreak,3250,339.84854368932037
Jailbreak,3251,327.2097087378641
Jailbreak,3252,338.5495145631068
Jailbreak,3253,337.20776699029125
Jailbreak,3254,327.38252427184466
Jailbreak,3255,321.49320388349514
Jailbreak,3256,346.2388349514563
Jailbreak,3257,313.9126213592233
Jailbreak,3258,329.6990291262136
Jailbreak,3259,328.5514563106796
Jailbreak,3260,334.04077669902915
Jailbreak,3261,335.80970873786407
Jailbreak,3262,339.5359223300971
Jailbreak,3263,342.6407766990291
Jailbreak,3264,323.4466019417476
Jailbreak,3265,322.65436893203884
Jailbreak,3266,299.43106796116507
Jailbreak,3267,329.20582524271845
Jailbreak,3268,329.0757281553398
Jailbreak,3269,332.87961165048546
Jailbreak,3270,338.45242718446605
Jailbreak,3271,329.8990291262136
Jailbreak,3272,319.70485436893205
Jailbreak,3273,318.19223300970873
Jailbreak,3274,353.3359223300971
Jailbreak,3275,316.66990291262135
Jailbreak,3276,344.15728155339804
Jailbreak,3277,336.03300970873784
Jailbreak,3278,332.178640776699
Jailbreak,3279,335.41553398058255
Jailbreak,3280,329.95922330097085
Jailbreak,3281,336.16699029126215
Jailbreak,3282,310.78058252427184
Jailbreak,3283,313.95339805825245
Jailbreak,3284,332.74368932038834
Jailbreak,3285,337.9611650485437
Jailbreak,3286,328.147572815534
Jailbreak,3287,341.6252427184466
Jailbreak,3288,315.8271844660194
Jailbreak,3289,336.0893203883495
Jailbreak,3290,344.20388349514565
Jailbreak,3291,342.5864077669903
Jailbreak,3292,336.58252427184465
Jailbreak,3293,343.4291262135922
Jailbreak,3294,311.8349514563107
Jailbreak,3295,321.56116504854367
Jailbreak,3296,336.53203883495144
Jailbreak,3297,321.1398058252427
Jailbreak,3298,319.59417475728156
Jailbreak,3299,307.93398058252427
Jailbreak,3300,333.6233009708738
Jailbreak,3301,297.3728155339806
Jailbreak,3302,323.2271844660194
Jailbreak,3303,318.8368932038835
Jailbreak,3304,370.3417475728155
Jailbreak,3305,331.92038834951455
Jailbreak,3306,326.5242718446602
Jailbreak,3307,334.5708737864078
Jailbreak,3308,357.79611650485435
Jailbreak,3309,325.1398058252427
Jailbreak,3310,330.53203883495144
Jailbreak,3311,345.06407766990293
Jailbreak,3312,337.3883495145631
Jailbreak,3313,342.5029126213592
Jailbreak,3314,315.8271844660194
Jailbreak,3315,323.7844660194175
Jailbreak,3316,318.2271844660194
Jailbreak,3317,321.8349514563107
Jailbreak,3318,309.3592233009709
Jailbreak,3319,322.6427184466019
Jailbreak,3320,328.15145631067963
Jailbreak,3321,335.4621359223301
Jailbreak,3322,328.68349514563107
Jailbreak,3323,332.09902912621357
Jailbreak,3324,317.4466019417476
Jailbreak,3325,325.4233009708738
Jailbreak,3326,328.3495145631068
Jailbreak,3327,341.36504854368934
Jailbreak,3328,315.74174757281554
Jailbreak,3329,323.06601941747573
Jailbreak,3330,326.3766990291262
Jailbreak,3331,340.3203883495146
Jailbreak,3332,326.821359223301
Jailbreak,3333,327.7242718446602
Jailbreak,3334,332.2155339805825
Jailbreak,3335,327.0368932038835
Jailbreak,3336,329.82912621359225
Jailbreak,3337,319.84271844660196
Jailbreak,3338,336.65631067961164
Jailbreak,3339,338.5359223300971
Jailbreak,3340,323.6485436893204
Jailbreak,3341,332.073786407767
Jailbreak,3342,337.97281553398057
Jailbreak,3343,339.44271844660193
Jailbreak,3344,333.9106796116505
Jailbreak,3345,315.7864077669903
Jailbreak,3346,339.37087378640774
Jailbreak,3347,350.0873786407767
Jailbreak,3348,327.54757281553395
Jailbreak,3349,327.73980582524274
Jailbreak,3350,357.3242718446602
Jailbreak,3351,346.70679611650485
Jailbreak,3352,337.2485436893204
Jailbreak,3353,329.34368932038836
Jailbreak,3354,315.7883495145631
Jailbreak,3355,327.88155339805826
Jailbreak,3356,322.4097087378641
Jailbreak,3357,335.8582524271845
Jailbreak,3358,326.3203883495146
Jailbreak,3359,327.2757281553398
Jailbreak,3360,330.09320388349516
Jailbreak,3361,320.6504854368932
Jailbreak,3362,326.2504854368932
Jailbreak,3363,350.2466019417476
Jailbreak,3364,330.0718446601942
Jailbreak,3365,319.2271844660194
Jailbreak,3366,338.3223300970874
Jailbreak,3367,342.15533980582524
Jailbreak,3368,336.4504854368932
Jailbreak,3369,355.08155339805825
Jailbreak,3370,349.0116504854369
Jailbreak,3371,324.8271844660194
Jailbreak,3372,325.8912621359223
Jailbreak,3373,336.77864077669904
Jailbreak,3374,315.33203883495145
Jailbreak,3375,333.2330097087379
Jailbreak,3376,336.2252427184466
Jailbreak,3377,323.03106796116504
Jailbreak,3378,339.6776699029126
Jailbreak,3379,341.6796116504854
Jailbreak,3380,335.19223300970873
Jailbreak,3381,325.8912621359223
Jailbreak,3382,333.8252427184466
Jailbreak,3383,322.8932038834951
Jailbreak,3384,342.1747572815534
Jailbreak,3385,310.7495145631068
Jailbreak,3386,348.3864077669903
Jailbreak,3387,346.8776699029126
Jailbreak,3388,333.6504854368932
Jailbreak,3389,328.8543689320388
Jailbreak,3390,345.15145631067963
Jailbreak,3391,330.4466019417476
Jailbreak,3392,349.80970873786407
Jailbreak,3393,337.24077669902914
Jailbreak,3394,332.34563106796116
Jailbreak,3395,310.5223300970874
Jailbreak,3396,316.621359223301
Jailbreak,3397,338.88349514563106
Jailbreak,3398,322.51067961165046
Jailbreak,3399,337.07766990291265
Jailbreak,3400,322.69126213592233
Jailbreak,3401,327.46990291262136
Jailbreak,3402,307.7514563106796
Jailbreak,3403,353.28155339805824
Jailbreak,3404,324.02718446601943
Jailbreak,3405,332.75922330097086
Jailbreak,3406,340.252427184466
Jailbreak,3407,334.304854368932
Jailbreak,3408,335.81941747572813
Jailbreak,3409,329.3747572815534
Jailbreak,3410,323.7631067961165
Jailbreak,3411,342.32815533980585
Jailbreak,3412,320.59417475728156
Jailbreak,3413,341.8873786407767
Jailbreak,3414,323.895145631068
Jailbreak,3415,329.40388349514564
Jailbreak,3416,318.5378640776699
Jailbreak,3417,321.99223300970874
Jailbreak,3418,324.7728155339806
Jailbreak,3419,323.0
Jailbreak,3420,344.02718446601943
Jailbreak,3421,317.5029126213592
Jailbreak,3422,351.9864077669903
Jailbreak,3423,324.0893203883495
Jailbreak,3424,306.6233009708738
Jailbreak,3425,325.72038834951456
Jailbreak,3426,329.34563106796116
Jailbreak,3427,338.873786407767
Jailbreak,3428,318.9145631067961
Jailbreak,3429,340.0485436893204
Jailbreak,3430,332.6485436893204
Jailbreak,3431,322.65631067961164
Jailbreak,3432,331.0718446601942
Jailbreak,3433,314.768932038835
Jailbreak,3434,333.92233009708735
Jailbreak,3435,326.00582524271846
Jailbreak,3436,329.4621359223301
Jailbreak,3437,331.178640776699
Jailbreak,3438,323.3747572815534
Jailbreak,3439,314.86407766990294
Jailbreak,3440,333.7009708737864
Jailbreak,3441,336.6252427184466
Jailbreak,3442,351.104854368932
Jailbreak,3443,335.7242718446602
Jailbreak,3444,331.19417475728153
Jailbreak,3445,326.08155339805825
Jailbreak,3446,339.42135922330095
Jailbreak,3447,320.8893203883495
Jailbreak,3448,330.56699029126213
Jailbreak,3449,325.15145631067963
Jailbreak,3450,311.3864077669903
Jailbreak,3451,330.37087378640774
Jailbreak,3452,323.2155339805825
Jailbreak,3453,334.4
Jailbreak,3454,335.1126213592233
Jailbreak,3455,321.58058252427185
Jailbreak,3456,333.18058252427187
Jailbreak,3457,345.86796116504854
Jailbreak,3458,336.74368932038834
Jailbreak,3459,338.09514563106796
Jailbreak,3460,331.7106796116505
Jailbreak,3461,311.8912621359223
Jailbreak,3462,329.06019417475727
Jailbreak,3463,335.2330097087379
Jailbreak,3464,329.94174757281553
Jailbreak,3465,336.16699029126215
Jailbreak,3466,339.3766990291262
Jailbreak,3467,320.8873786407767
Jailbreak,3468,348.7126213592233
Jailbreak,3469,314.3203883495146
Jailbreak,3470,338.5184466019418
Jailbreak,3471,326.2679611650485
Jailbreak,3472,316.21747572815536
Jailbreak,3473,309.9126213592233
Jailbreak,3474,301.52621359223303
Jailbreak,3475,330.7728155339806
Jailbreak,3476,344.25631067961166
Jailbreak,3477,321.7669902912621
Jailbreak,3478,341.58446601941745
Jailbreak,3479,341.7631067961165
Jailbreak,3480,347.695145631068
Jailbreak,3481,340.6621359223301
Jailbreak,3482,326.9242718446602
Jailbreak,3483,335.80970873786407
Jailbreak,3484,332.1436893203884
Jailbreak,3485,330.4757281553398
Jailbreak,3486,323.6427184466019
Jailbreak,3487,331.80970873786407
Jailbreak,3488,336.20776699029125
Jailbreak,3489,338.22330097087377
Jailbreak,3490,325.80970873786407
Jailbreak,3491,322.5242718446602
Jailbreak,3492,333.54174757281555
Jailbreak,3493,326.09320388349516
Jailbreak,3494,336.5359223300971
Jailbreak,3495,327.2155339805825
Jailbreak,3496,343.5223300970874
Jailbreak,3497,325.31262135922333
Jailbreak,3498,332.31262135922333
Jailbreak,3499,326.5495145631068
Jailbreak,3500,318.8407766990291
Jailbreak,3501,324.7650485436893
Jailbreak,3502,348.06019417475727
Jailbreak,3503,328.83106796116505
Jailbreak,3504,335.40776699029124
Jailbreak,3505,320.273786407767
Jailbreak,3506,331.7165048543689
Jailbreak,3507,338.1417475728155
Jailbreak,3508,325.21941747572816
Jailbreak,3509,317.80582524271847
Jailbreak,3510,348.2349514563107
Jailbreak,3511,301.22330097087377
Jailbreak,3512,328.378640776699
Jailbreak,3513,324.91844660194175
Jailbreak,3514,330.1766990291262
Jailbreak,3515,340.79223300970875
Jailbreak,3516,321.6097087378641
Jailbreak,3517,316.4990291262136
Jailbreak,3518,338.13203883495146
Jailbreak,3519,329.51067961165046
Jailbreak,3520,333.69126213592233
Jailbreak,3521,325.2679611650485
Jailbreak,3522,313.13009708737866
Jailbreak,3523,350.55728155339807
Jailbreak,3524,317.8407766990291
Jailbreak,3525,352.52621359223303
Jailbreak,3526,333.2699029126214
Jailbreak,3527,333.20582524271845
Jailbreak,3528,310.6427184466019
Jailbreak,3529,324.31262135922333
Jailbreak,3530,335.3495145631068
Jailbreak,3531,335.895145631068
Jailbreak,3532,334.06601941747573
Jailbreak,3533,316.04077669902915
Jailbreak,3534,350.1378640776699
Jailbreak,3535,332.4757281553398
Jailbreak,3536,330.31067961165047
Jailbreak,3537,335.2330097087379
Jailbreak,3538,348.91844660194175
Jailbreak,3539,306.07961165048545
Jailbreak,3540,331.41747572815535
Jailbreak,3541,328.90485436893204
Jailbreak,3542,330.3766990291262
Jailbreak,3543,323.2291262135922
Jailbreak,3544,318.90679611650484
Jailbreak,3545,334.6504854368932
Jailbreak,3546,330.6582524271845
Jailbreak,3547,346.25436893203886
Jailbreak,3548,307.6485436893204
Jailbreak,3549,347.21941747572816
Jailbreak,3550,356.15533980582524
Jailbreak,3551,335.81165048543687
Jailbreak,3552,320.52815533980583
Jailbreak,3553,336.3922330097087
Jailbreak,3554,327.0485436893204
Jailbreak,3555,319.21747572815536
Jailbreak,3556,335.8019417475728
Jailbreak,3557,331.6621359223301
Jailbreak,3558,307.46796116504856
Jailbreak,3559,345.7669902912621
Jailbreak,3560,339.54563106796115
Jailbreak,3561,336.09320388349516
Jailbreak,3562,333.1747572815534
Jailbreak,3563,321.6135922330097
Jailbreak,3564,325.08155339805825
Jailbreak,3565,337.47184466019417
Jailbreak,3566,320.821359223301
Jailbreak,3567,329.59417475728156
Jailbreak,3568,330.8990291262136
Jailbreak,3569,339.6504854368932
Jailbreak,3570,337.6582524271845
Jailbreak,3571,355.6407766990291
Jailbreak,3572,345.97087378640776
Jailbreak,3573,322.68737864077667
Jailbreak,3574,334.8718446601942
Jailbreak,3575,322.40388349514564
Jailbreak,3576,325.9126213592233
Jailbreak,3577,335.78252427184464
Jailbreak,3578,341.79223300970875
Jailbreak,3579,336.0718446601942
Jailbreak,3580,363.378640776699
Jailbreak,3581,331.16893203883495
Jailbreak,3582,322.1436893203884
Jailbreak,3583,327.2155339805825
Jailbreak,3584,330.0116504854369
Jailbreak,3585,322.19029126213593
Jailbreak,3586,353.31067961165047
Jailbreak,3587,334.7145631067961
Jailbreak,3588,306.74174757281554
Jailbreak,3589,322.2504854368932
Jailbreak,3590,339.52621359223303
Jailbreak,3591,337.8932038834951
Jailbreak,3592,325.6504854368932
Jailbreak,3593,328.75533980582526
Jailbreak,3594,304.30873786407767
Jailbreak,3595,325.88155339805826
Jailbreak,3596,324.51067961165046
Jailbreak,3597,313.2990291262136
Jailbreak,3598,348.7864077669903
Jailbreak,3599,319.3572815533981
Jailbreak,3600,320.2155339805825
Jailbreak,3601,326.2621359223301
Jailbreak,3602,338.6466019417476
Jailbreak,3603,328.00970873786406
Jailbreak,3604,308.45631067961165
Jailbreak,3605,317.304854368932
Jailbreak,3606,340.97087378640776
Jailbreak,3607,337.19417475728153
Jailbreak,3608,328.92038834951455
Jailbreak,3609,324.81165048543687
Jailbreak,3610,336.68737864077667
Jailbreak,3611,329.46796116504856
Jailbreak,3612,333.8271844660194
Jailbreak,3613,351.1242718446602
Jailbreak,3614,325.40388349514564
Jailbreak,3615,347.5378640776699
Jailbreak,3616,311.4466019417476
Jailbreak,3617,333.252427184466
Jailbreak,3618,330.2466019417476
Jailbreak,3619,330.29514563106795
Jailbreak,3620,324.6427184466019
Jailbreak,3621,371.2621359223301
Jailbreak,3622,350.06601941747573
Jailbreak,3623,326.6582524271845
Jailbreak,3624,327.8233009708738
Jailbreak,3625,327.87961165048546
Jailbreak,3626,339.68737864077667
Jailbreak,3627,336.61747572815534
Jailbreak,3628,336.7242718446602
Jailbreak,3629,320.895145631068
Jailbreak,3630,352.93203883495147
Jailbreak,3631,324.99223300970874
Jailbreak,3632,339.7631067961165
Jailbreak,3633,319.4116504854369
Jailbreak,3634,340.66796116504855
Jailbreak,3635,340.3572815533981
Jailbreak,3636,321.4116504854369
Jailbreak,3637,326.5398058252427
Jailbreak,3638,324.20582524271845
Jailbreak,3639,313.09708737864077
Jailbreak,3640,344.16893203883495
Jailbreak,3641,321.7126213592233
Jailbreak,3642,326.00776699029126
Jailbreak,3643,337.11456310679614
Jailbreak,3644,315.7145631067961
Jailbreak,3645,335.5766990291262
Jailbreak,3646,338.04660194174755
Jailbreak,3647,346.95922330097085
Jailbreak,3648,321.0174757281553
Jailbreak,3649,331.41553398058255
Jailbreak,3650,330.90485436893204
Jailbreak,3651,320.2
Jailbreak,3652,313.6116504854369
Jailbreak,3653,334.1378640776699
Jailbreak,3654,337.99611650485434
Jailbreak,3655,327.68543689320387
Jailbreak,3656,321.93398058252427
Jailbreak,3657,323.21747572815536
Jailbreak,3658,345.80776699029127
Jailbreak,3659,342.21941747572816
Jailbreak,3660,329.21941747572816
Jailbreak,3661,341.0388349514563
Jailbreak,3662,329.56699029126213
Jailbreak,3663,347.273786407767
Jailbreak,3664,321.3631067961165
Jailbreak,3665,322.42135922330095
Jailbreak,3666,330.0
Jailbreak,3667,322.2
Jailbreak,3668,350.1611650485437
Jailbreak,3669,333.77669902912623
Jailbreak,3670,326.0873786407767
Jailbreak,3671,332.1067961165049
Jailbreak,3672,331.81359223300973
Jailbreak,3673,335.55922330097087
Jailbreak,3674,327.4504854368932
Jailbreak,3675,319.41941747572815
Jailbreak,3676,343.8601941747573
Jailbreak,3677,320.6504854368932
Jailbreak,3678,336.9281553398058
Jailbreak,3679,331.80582524271847
Jailbreak,3680,339.56504854368933
Jailbreak,3681,311.45825242718445
Jailbreak,3682,317.2116504854369
Jailbreak,3683,352.77669902912623
Jailbreak,3684,318.68155339805827
Jailbreak,3685,328.87961165048546
Jailbreak,3686,325.33398058252425
Jailbreak,3687,343.6427184466019
Jailbreak,3688,342.821359223301
Jailbreak,3689,340.21747572815536
Jailbreak,3690,325.55728155339807
Jailbreak,3691,313.11456310679614
Jailbreak,3692,359.21747572815536
Jailbreak,3693,337.4776699029126
Jailbreak,3694,316.0893203883495
Jailbreak,3695,343.04466019417475
Jailbreak,3696,323.4796116504854
Jailbreak,3697,323.6427184466019
Jailbreak,3698,316.2621359223301
Jailbreak,3699,333.29708737864075
Jailbreak,3700,346.695145631068
Jailbreak,3701,323.2990291262136
Jailbreak,3702,316.9145631067961
Jailbreak,3703,343.9106796116505
Jailbreak,3704,337.4466019417476
Jailbreak,3705,304.0019417475728
Jailbreak,3706,351.91844660194175
Jailbreak,3707,354.13398058252426
Jailbreak,3708,310.0233009708738
Jailbreak,3709,322.2679611650485
Jailbreak,3710,306.2368932038835
Jailbreak,3711,318.6388349514563
Jailbreak,3712,314.13203883495146
Jailbreak,3713,334.1980582524272
Jailbreak,3714,312.6
Jailbreak,3715,320.47184466019417
Jailbreak,3716,340.33203883495145
Jailbreak,3717,330.9106796116505
Jailbreak,3718,331.79417475728155
Jailbreak,3719,349.8621359223301
Jailbreak,3720,313.147572815534
Jailbreak,3721,328.9514563106796
Jailbreak,3722,325.28155339805824
Jailbreak,3723,330.80776699029127
Jailbreak,3724,318.9766990291262
Jailbreak,3725,336.8252427184466
Jailbreak,3726,314.70679611650485
Jailbreak,3727,320.3747572815534
Jailbreak,3728,335.2466019417476
Jailbreak,3729,322.84854368932037
Jailbreak,3730,329.74563106796114
Jailbreak,3731,326.18058252427187
Jailbreak,3732,305.6388349514563
Jailbreak,3733,330.11650485436894
Jailbreak,3734,327.11844660194174
Jailbreak,3735,327.6990291262136
Jailbreak,3736,326.2466019417476
Jailbreak,3737,344.59223300970876
Jailbreak,3738,333.1009708737864
Jailbreak,3739,329.673786407767
Jailbreak,3740,313.9242718446602
Jailbreak,3741,327.6621359223301
Jailbreak,3742,327.5883495145631
Jailbreak,3743,350.6466019417476
Jailbreak,3744,318.05825242718447
Jailbreak,3745,335.8038834951456
Jailbreak,3746,320.90679611650484
Jailbreak,3747,344.7728155339806
Jailbreak,3748,323.63495145631066
Jailbreak,3749,345.7883495145631
Jailbreak,3750,329.97087378640776
Jailbreak,3751,335.43689320388347
Jailbreak,3752,323.7165048543689
Jailbreak,3753,326.24466019417474
Jailbreak,3754,321.5708737864078
Jailbreak,3755,316.6038834951456
Jailbreak,3756,325.2466019417476
Jailbreak,3757,336.45631067961165
Jailbreak,3758,325.21941747572816
Jailbreak,3759,311.40194174757283
Jailbreak,3760,316.9883495145631
Jailbreak,3761,332.00388349514566
Jailbreak,3762,307.80776699029127
Jailbreak,3763,332.31456310679613
Jailbreak,3764,317.6252427184466
Jailbreak,3765,344.1766990291262
Jailbreak,3766,311.3766990291262
Jailbreak,3767,360.18640776699027
Jailbreak,3768,338.07766990291265
Jailbreak,3769,325.15145631067963
Jailbreak,3770,345.8407766990291
Jailbreak,3771,331.5126213592233
Jailbreak,3772,328.80582524271847
Jailbreak,3773,339.80582524271847
Jailbreak,3774,318.43689320388347
Jailbreak,3775,326.31844660194173
Jailbreak,3776,324.5747572815534
Jailbreak,3777,361.6485436893204
Jailbreak,3778,332.41747572815535
Jailbreak,3779,323.56116504854367
Jailbreak,3780,320.947572815534
Jailbreak,3781,331.49126213592234
Jailbreak,3782,325.7359223300971
Jailbreak,3783,332.7864077669903
Jailbreak,3784,340.06796116504853
Jailbreak,3785,332.06213592233007
Jailbreak,3786,340.3514563106796
Jailbreak,3787,329.92233009708735
Jailbreak,3788,339.15533980582524
Jailbreak,3789,340.50679611650486
Jailbreak,3790,310.5165048543689
Jailbreak,3791,329.33009708737865
Jailbreak,3792,319.3417475728155
Jailbreak,3793,331.83106796116505
Jailbreak,3794,331.73980582524274
Jailbreak,3795,313.7844660194175
Jailbreak,3796,334.94174757281553
Jailbreak,3797,330.38252427184466
Jailbreak,3798,327.33009708737865
Jailbreak,3799,337.4466019417476
Jailbreak,3800,332.8621359223301
Jailbreak,3801,341.59611650485436
Jailbreak,3802,319.7864077669903
Jailbreak,3803,312.24466019417474
Jailbreak,3804,335.673786407767
Jailbreak,3805,319.90291262135923
Jailbreak,3806,339.9883495145631
Jailbreak,3807,327.90097087378643
Jailbreak,3808,358.7883495145631
Jailbreak,3809,321.8252427184466
Jailbreak,3810,333.74368932038834
Jailbreak,3811,330.91650485436895
Jailbreak,3812,321.0873786407767
Jailbreak,3813,334.25825242718446
Jailbreak,3814,346.18446601941747
Jailbreak,3815,327.6368932038835
Jailbreak,3816,343.3980582524272
Jailbreak,3817,342.31844660194173
Jailbreak,3818,339.49320388349514
Jailbreak,3819,346.5533980582524
Jailbreak,3820,316.8873786407767
Jailbreak,3821,345.24466019417474
Jailbreak,3822,326.17087378640775
Jailbreak,3823,343.3961165048544
Jailbreak,3824,310.6446601941748
Jailbreak,3825,326.1106796116505
Jailbreak,3826,323.0873786407767
Jailbreak,3827,315.5533980582524
Jailbreak,3828,338.15728155339804
Jailbreak,3829,361.6252427184466
Jailbreak,3830,336.3631067961165
Jailbreak,3831,324.6485436893204
Jailbreak,3832,340.4640776699029
Jailbreak,3833,326.8990291262136
Jailbreak,3834,319.978640776699
Jailbreak,3835,328.54174757281555
Jailbreak,3836,322.9805825242718
Jailbreak,3837,323.49514563106794
Jailbreak,3838,333.9864077669903
Jailbreak,3839,323.20388349514565
Jailbreak,3840,325.3242718446602
Jailbreak,3841,330.1223300970874
Jailbreak,3842,333.9495145631068
Jailbreak,3843,343.8388349514563
Jailbreak,3844,340.8271844660194
Jailbreak,3845,335.12038834951454
Jailbreak,3846,321.79223300970875
Jailbreak,3847,342.21747572815536
Jailbreak,3848,347.2504854368932
Jailbreak,3849,332.9611650485437
Jailbreak,3850,324.93786407766993
Jailbreak,3851,335.81553398058253
Jailbreak,3852,335.55922330097087
Jailbreak,3853,354.2834951456311
Jailbreak,3854,328.1106796116505
Jailbreak,3855,331.19417475728153
Jailbreak,3856,320.06796116504853
Jailbreak,3857,318.947572815534
Jailbreak,3858,336.0135922330097
Jailbreak,3859,341.69320388349513
Jailbreak,3860,342.8757281553398
Jailbreak,3861,335.6077669902913
Jailbreak,3862,335.37087378640774
Jailbreak,3863,320.4621359223301
Jailbreak,3864,331.1728155339806
Jailbreak,3865,331.96893203883496
Jailbreak,3866,312.97281553398057
Jailbreak,3867,336.30873786407767
Jailbreak,3868,340.86796116504854
Jailbreak,3869,340.11650485436894
Jailbreak,3870,328.8368932038835
Jailbreak,3871,350.947572815534
Jailbreak,3872,325.21747572815536
Jailbreak,3873,332.62912621359226
Jailbreak,3874,316.1961165048544
Jailbreak,3875,329.18446601941747
Jailbreak,3876,324.2291262135922
Jailbreak,3877,327.2699029126214
Jailbreak,3878,342.8873786407767
Jailbreak,3879,327.2893203883495
Jailbreak,3880,334.3611650485437
Jailbreak,3881,347.47378640776697
Jailbreak,3882,331.41553398058255
Jailbreak,3883,336.8912621359223
Jailbreak,3884,333.7611650485437
Jailbreak,3885,349.38446601941746
Jailbreak,3886,320.22330097087377
Jailbreak,3887,320.21747572815536
Jailbreak,3888,327.7844660194175
Jailbreak,3889,321.11456310679614
Jailbreak,3890,347.36699029126214
Jailbreak,3891,330.3592233009709
Jailbreak,3892,317.95922330097085
Jailbreak,3893,322.04077669902915
Jailbreak,3894,326.41553398058255
Jailbreak,3895,327.68155339805827
Jailbreak,3896,334.1009708737864
Jailbreak,3897,327.95533980582525
Jailbreak,3898,308.1417475728155
Jailbreak,3899,329.7708737864078
Jailbreak,3900,332.63495145631066
Jailbreak,3901,337.2504854368932
Jailbreak,3902,344.0854368932039
Jailbreak,3903,338.16893203883495
Jailbreak,3904,326.38058252427186
Jailbreak,3905,326.29708737864075
Jailbreak,3906,331.47184466019417
Jailbreak,3907,321.3747572815534
Jailbreak,3908,332.6990291262136
Jailbreak,3909,328.91650485436895
Jailbreak,3910,334.29514563106795
Jailbreak,3911,332.54563106796115
Jailbreak,3912,329.0233009708738
Jailbreak,3913,330.00970873786406
Jailbreak,3914,326.2
Jailbreak,3915,318.2873786407767
Jailbreak,3916,323.49126213592234
Jailbreak,3917,314.80776699029127
Jailbreak,3918,313.62912621359226
Jailbreak,3919,340.87961165048546
Jailbreak,3920,338.31456310679613
Jailbreak,3921,335.6038834951456
Jailbreak,3922,317.84271844660196
Jailbreak,3923,323.40194174757283
Jailbreak,3924,345.95728155339805
Jailbreak,3925,346.20388349514565
Jailbreak,3926,338.22330097087377
Jailbreak,3927,323.97087378640776
Jailbreak,3928,324.7611650485437
Jailbreak,3929,342.2252427184466
Jailbreak,3930,335.5184466019418
Jailbreak,3931,319.90485436893204
Jailbreak,3932,308.7495145631068
Jailbreak,3933,322.30679611650487
Jailbreak,3934,320.8970873786408
Jailbreak,3935,333.6368932038835
Jailbreak,3936,347.91844660194175
Jailbreak,3937,317.27766990291263
Jailbreak,3938,326.2155339805825
Jailbreak,3939,340.1611650485437
Jailbreak,3940,329.27961165048544
Jailbreak,3941,317.2834951456311
Jailbreak,3942,339.768932038835
Jailbreak,3943,323.378640776699
Jailbreak,3944,326.7281553398058
Jailbreak,3945,322.895145631068
Jailbreak,3946,299.86407766990294
Jailbreak,3947,316.44077669902913
Jailbreak,3948,316.70291262135925
Jailbreak,3949,314.65242718446603
Jailbreak,3950,321.12038834951454
Jailbreak,3951,337.36504854368934
Jailbreak,3952,341.3495145631068
Jailbreak,3953,318.34368932038836
Jailbreak,3954,350.1631067961165
Jailbreak,3955,328.18252427184467
Jailbreak,3956,306.2466019417476
Jailbreak,3957,358.00582524271846
Jailbreak,3958,312.4466019417476
Jailbreak,3959,328.0718446601942
Jailbreak,3960,334.6233009708738
Jailbreak,3961,333.6252427184466
Jailbreak,3962,322.9883495145631
Jailbreak,3963,308.4621359223301
Jailbreak,3964,325.8407766990291
Jailbreak,3965,341.66796116504855
Jailbreak,3966,338.94174757281553
Jailbreak,3967,342.6427184466019
Jailbreak,3968,328.3631067961165
Jailbreak,3969,312.61941747572814
Jailbreak,3970,326.31650485436893
Jailbreak,3971,330.2388349514563
Jailbreak,3972,342.4873786407767
Jailbreak,3973,324.3883495145631
Jailbreak,3974,332.43495145631067
Jailbreak,3975,331.8970873786408
Jailbreak,3976,316.821359223301
Jailbreak,3977,306.978640776699
Jailbreak,3978,320.3417475728155
Jailbreak,3979,329.1398058252427
Jailbreak,3980,339.0135922330097
Jailbreak,3981,321.0699029126214
Jailbreak,3982,340.6466019417476
Jailbreak,3983,328.96699029126216
Jailbreak,3984,314.59223300970876
Jailbreak,3985,317.44271844660193
Jailbreak,3986,334.4252427184466
Jailbreak,3987,335.9456310679612
Jailbreak,3988,318.2291262135922
Jailbreak,3989,337.21747572815536
Jailbreak,3990,313.38252427184466
Jailbreak,3991,335.7844660194175
Jailbreak,3992,319.74174757281554
Jailbreak,3993,341.947572815534
Jailbreak,3994,329.43106796116507
Jailbreak,3995,319.09320388349516
Jailbreak,3996,315.7708737864078
Jailbreak,3997,333.75728155339806
Jailbreak,3998,326.44077669902913
Jailbreak,3999,323.726213592233
Jailbreak,4000,324.1436893203884
Jailbreak,4001,319.6427184466019
Jailbreak,4002,336.04271844660195
Jailbreak,4003,326.18252427184467
Jailbreak,4004,330.32815533980585
Jailbreak,4005,319.44271844660193
Jailbreak,4006,340.08155339805825
Jailbreak,4007,330.7514563106796
Jailbreak,4008,328.66796116504855
Jailbreak,4009,305.2679611650485
Jailbreak,4010,324.104854368932
Jailbreak,4011,329.93980582524273
Jailbreak,4012,314.8621359223301
Jailbreak,4013,307.50679611650486
Jailbreak,4014,325.0543689320388
Jailbreak,4015,320.5145631067961
Jailbreak,4016,341.5126213592233
Jailbreak,4017,332.81165048543687
Jailbreak,4018,335.1766990291262
Jailbreak,4019,330.5728155339806
Jailbreak,4020,341.5126213592233
Jailbreak,4021,323.7106796116505
Jailbreak,4022,350.5728155339806
Jailbreak,4023,317.3029126213592
Jailbreak,4024,325.5145631067961
Jailbreak,4025,324.3980582524272
Jailbreak,4026,338.75922330097086
Jailbreak,4027,312.9631067961165
Jailbreak,4028,318.4990291262136
Jailbreak,4029,355.92233009708735
Jailbreak,4030,349.3728155339806
Jailbreak,4031,321.53009708737864
Jailbreak,4032,305.2990291262136
Jailbreak,4033,333.1106796116505
Jailbreak,4034,332.5514563106796
Jailbreak,4035,320.87961165048546
Jailbreak,4036,330.6621359223301
Jailbreak,4037,325.1728155339806
Jailbreak,4038,314.0
Jailbreak,4039,312.18252427184467
Jailbreak,4040,331.3553398058252
Jailbreak,4041,332.926213592233
Jailbreak,4042,321.65242718446603
Jailbreak,4043,323.1456310679612
Jailbreak,4044,338.4970873786408
Jailbreak,4045,307.77669902912623
Jailbreak,4046,330.8757281553398
Jailbreak,4047,341.4873786407767
Jailbreak,4048,311.0349514563107
Jailbreak,4049,348.80582524271847
Jailbreak,4050,328.55728155339807
Jailbreak,4051,351.09514563106796
Jailbreak,4052,321.7669902912621
Jailbreak,4053,342.56893203883493
Jailbreak,4054,345.8718446601942
Jailbreak,4055,310.8252427184466
Jailbreak,4056,317.3378640776699
Jailbreak,4057,326.4621359223301
Jailbreak,4058,328.05631067961167
Jailbreak,4059,320.19223300970873
Jailbreak,4060,332.51067961165046
Jailbreak,4061,308.9864077669903
Jailbreak,4062,330.926213592233
Jailbreak,4063,318.56116504854367
Jailbreak,4064,344.04077669902915
Jailbreak,4065,339.09320388349516
Jailbreak,4066,349.3533980582524
Jailbreak,4067,341.04466019417475
Jailbreak,4068,318.79223300970875
Jailbreak,4069,302.7650485436893
Jailbreak,4070,343.7611650485437
Jailbreak,4071,315.81747572815533
Jailbreak,4072,306.96699029126216
Jailbreak,4073,321.8621359223301
Jailbreak,4074,326.27766990291263
Jailbreak,4075,319.33398058252425
Jailbreak,4076,332.0504854368932
Jailbreak,4077,322.07766990291265
Jailbreak,4078,337.378640776699
Jailbreak,4079,331.87961165048546
Jailbreak,4080,320.926213592233
Jailbreak,4081,323.8932038834951
Jailbreak,4082,330.18252427184467
Jailbreak,4083,340.34368932038836
Jailbreak,4084,313.7514563106796
Jailbreak,4085,308.8233009708738
Jailbreak,4086,317.9145631067961
Jailbreak,4087,323.45825242718445
Jailbreak,4088,329.9766990291262
Jailbreak,4089,324.54757281553395
Jailbreak,4090,316.1067961165049
Jailbreak,4091,308.84854368932037
Jailbreak,4092,323.378640776699
Jailbreak,4093,325.6058252427184
Jailbreak,4094,320.9883495145631
Jailbreak,4095,314.3922330097087
Jailbreak,4096,324.09514563106796
Jailbreak,4097,348.7339805825243
Jailbreak,4098,329.00388349514566
Jailbreak,4099,344.8990291262136
Jailbreak,4100,321.5533980582524
Jailbreak,4101,361.68543689320387
Jailbreak,4102,339.29126213592235
Jailbreak,4103,323.52621359223303
Jailbreak,4104,328.8252427184466
Jailbreak,4105,326.3592233009709
Jailbreak,4106,331.43689320388347
Jailbreak,4107,341.43300970873787
Jailbreak,4108,333.5359223300971
Jailbreak,4109,344.84466019417476
Jailbreak,4110,338.695145631068
Jailbreak,4111,312.41747572815535
Jailbreak,4112,316.1611650485437
Jailbreak,4113,319.7242718446602
Jailbreak,4114,340.4815533980582
Jailbreak,4115,332.18640776699027
Jailbreak,4116,323.1456310679612
Jailbreak,4117,324.45825242718445
Jailbreak,4118,329.4970873786408
Jailbreak,4119,334.24466019417474
Jailbreak,4120,317.4
Jailbreak,4121,334.4466019417476
Jailbreak,4122,304.31262135922333
Jailbreak,4123,331.03300970873784
Jailbreak,4124,314.3572815533981
Jailbreak,4125,332.7281553398058
Jailbreak,4126,334.31262135922333
Jailbreak,4127,335.09902912621357
Jailbreak,4128,353.9980582524272
Jailbreak,4129,331.05631067961167
Jailbreak,4130,338.21747572815536
Jailbreak,4131,302.2368932038835
Jailbreak,4132,337.94174757281553
Jailbreak,4133,336.1029126213592
Jailbreak,4134,337.3029126213592
Jailbreak,4135,310.0155339805825
Jailbreak,4136,328.80776699029127
Jailbreak,4137,329.06601941747573
Jailbreak,4138,343.55728155339807
Jailbreak,4139,331.2388349514563
Jailbreak,4140,314.9980582524272
Jailbreak,4141,334.5203883495146
Jailbreak,4142,330.3242718446602
Jailbreak,4143,354.3359223300971
Jailbreak,4144,318.6990291262136
Jailbreak,4145,320.18446601941747
Jailbreak,4146,342.852427184466
Jailbreak,4147,323.5126213592233
Jailbreak,4148,313.3495145631068
Jailbreak,4149,335.95533980582525
Jailbreak,4150,317.00388349514566
Jailbreak,4151,346.50679611650486
Jailbreak,4152,350.9126213592233
Jailbreak,4153,327.7126213592233
Jailbreak,4154,335.74563106796114
Jailbreak,4155,326.5398058252427
Jailbreak,4156,342.13203883495146
Jailbreak,4157,317.25631067961166
Jailbreak,4158,320.9844660194175
Jailbreak,4159,318.08155339805825
Jailbreak,4160,339.06796116504853
Jailbreak,4161,339.273786407767
Jailbreak,4162,334.80970873786407
Jailbreak,4163,341.4291262135922
Jailbreak,4164,322.1961165048544
Jailbreak,4165,336.3922330097087
Jailbreak,4166,341.27961165048544
Jailbreak,4167,346.0873786407767
Jailbreak,4168,322.34757281553397
Jailbreak,4169,346.7611650485437
Jailbreak,4170,347.7495145631068
Jailbreak,4171,332.768932038835
Jailbreak,4172,330.24077669902914
Jailbreak,4173,331.19417475728153
Jailbreak,4174,331.9106796116505
Jailbreak,4175,351.6601941747573
Jailbreak,4176,329.8019417475728
Jailbreak,4177,319.0368932038835
Jailbreak,4178,333.00388349514566
Jailbreak,4179,297.4834951456311
Jailbreak,4180,311.4233009708738
Jailbreak,4181,340.93980582524273
Jailbreak,4182,340.1611650485437
Jailbreak,4183,302.1009708737864
Jailbreak,4184,331.9825242718447
Jailbreak,4185,334.83300970873785
Jailbreak,4186,341.1961165048544
Jailbreak,4187,305.34757281553397
Jailbreak,4188,327.08155339805825
Jailbreak,4189,359.56504854368933
Jailbreak,4190,305.41941747572815
Jailbreak,4191,336.2388349514563
Jailbreak,4192,318.46796116504856
Jailbreak,4193,314.3902912621359
Jailbreak,4194,315.926213592233
Jailbreak,4195,318.5514563106796
Jailbreak,4196,324.0485436893204
Jailbreak,4197,321.06796116504853
Jailbreak,4198,321.86990291262134
Jailbreak,4199,329.747572815534
Jailbreak,4200,305.5378640776699
Jailbreak,4201,337.6640776699029
Jailbreak,4202,332.28155339805824
Jailbreak,4203,346.31067961165047
Jailbreak,4204,309.08349514563105
Jailbreak,4205,342.91650485436895
Jailbreak,4206,341.1242718446602
Jailbreak,4207,328.75728155339806
Jailbreak,4208,322.768932038835
Jailbreak,4209,332.0233009708738
Jailbreak,4210,320.00388349514566
Jailbreak,4211,315.673786407767
Jailbreak,4212,316.6427184466019
Jailbreak,4213,343.46990291262136
Jailbreak,4214,346.4970873786408
Jailbreak,4215,322.2679611650485
Jailbreak,4216,326.70291262135925
Jailbreak,4217,315.0349514563107
Jailbreak,4218,311.9242718446602
Jailbreak,4219,317.6757281553398
Jailbreak,4220,335.79611650485435
Jailbreak,4221,324.9514563106796
Jailbreak,4222,337.79223300970875
Jailbreak,4223,336.4796116504854
Jailbreak,4224,320.1378640776699
Jailbreak,4225,345.1766990291262
Jailbreak,4226,324.7650485436893
Jailbreak,4227,318.4854368932039
Jailbreak,4228,326.1242718446602
Jailbreak,4229,343.2834951456311
Jailbreak,4230,322.20776699029125
Jailbreak,4231,313.6252427184466
Jailbreak,4232,323.2718446601942
Jailbreak,4233,329.073786407767
Jailbreak,4234,315.24466019417474
Jailbreak,4235,331.5359223300971
Jailbreak,4236,354.22135922330096
Jailbreak,4237,319.0388349514563
Jailbreak,4238,324.83300970873785
Jailbreak,4239,335.21941747572816
Jailbreak,4240,323.65436893203884
Jailbreak,4241,328.5242718446602
Jailbreak,4242,338.07766990291265
Jailbreak,4243,338.3941747572816
Jailbreak,4244,337.6640776699029
Jailbreak,4245,336.99029126213594
Jailbreak,4246,326.5378640776699
Jailbreak,4247,328.08155339805825
Jailbreak,4248,309.021359223301
Jailbreak,4249,336.30873786407767
Jailbreak,4250,331.6271844660194
Jailbreak,4251,339.54368932038835
Jailbreak,4252,332.7009708737864
Jailbreak,4253,333.8368932038835
Jailbreak,4254,319.58252427184465
Jailbreak,4255,312.31456310679613
Jailbreak,4256,332.726213592233
Jailbreak,4257,338.0135922330097
Jailbreak,4258,340.51067961165046
Jailbreak,4259,331.95533980582525
Jailbreak,4260,319.86796116504854
Jailbreak,4261,313.3242718446602
Jailbreak,4262,336.9650485436893
Jailbreak,4263,332.2135922330097
Jailbreak,4264,315.2834951456311
Jailbreak,4265,326.9766990291262
Jailbreak,4266,313.9864077669903
Jailbreak,4267,317.15533980582524
Jailbreak,4268,328.2291262135922
Jailbreak,4269,329.80582524271847
Jailbreak,4270,347.22330097087377
Jailbreak,4271,321.6621359223301
Jailbreak,4272,334.52621359223303
Jailbreak,4273,315.7145631067961
Jailbreak,4274,334.95533980582525
Jailbreak,4275,337.75533980582526
Jailbreak,4276,341.28155339805824
Jailbreak,4277,329.821359223301
Jailbreak,4278,315.5766990291262
Jailbreak,4279,318.231067961165
Jailbreak,4280,340.74368932038834
Jailbreak,4281,303.41747572815535
Jailbreak,4282,346.2873786407767
Jailbreak,4283,325.726213592233
Jailbreak,4284,329.0252427184466
Jailbreak,4285,320.38252427184466
Jailbreak,4286,333.75533980582526
Jailbreak,4287,338.3592233009709
Jailbreak,4288,352.77864077669904
Jailbreak,4289,339.0873786407767
Jailbreak,4290,326.126213592233
Jailbreak,4291,357.3631067961165
Jailbreak,4292,341.58446601941745
Jailbreak,4293,318.0116504854369
Jailbreak,4294,324.4873786407767
Jailbreak,4295,339.8271844660194
Jailbreak,4296,321.9747572815534
Jailbreak,4297,341.7242718446602
Jailbreak,4298,335.07961165048545
Jailbreak,4299,323.1087378640777
Jailbreak,4300,338.65631067961164
Jailbreak,4301,336.7533980582524
Jailbreak,4302,328.2504854368932
Jailbreak,4303,330.8970873786408
Jailbreak,4304,337.16699029126215
Jailbreak,4305,342.86601941747574
Jailbreak,4306,326.34563106796116
Jailbreak,4307,323.44466019417473
Jailbreak,4308,331.43883495145633
Jailbreak,4309,320.4291262135922
Jailbreak,4310,319.19029126213593
Jailbreak,4311,331.2699029126214
Jailbreak,4312,314.30679611650487
Jailbreak,4313,316.8388349514563
Jailbreak,4314,326.34368932038836
Jailbreak,4315,325.4291262135922
Jailbreak,4316,317.40388349514564
Jailbreak,4317,319.27961165048544
Jailbreak,4318,331.62912621359226
Jailbreak,4319,349.94174757281553
Jailbreak,4320,348.88349514563106
Jailbreak,4321,329.25825242718446
Jailbreak,4322,309.65242718446603
Jailbreak,4323,325.6776699029126
Jailbreak,4324,333.6757281553398
Jailbreak,4325,332.7106796116505
Jailbreak,4326,341.1106796116505
Jailbreak,4327,323.80776699029127
Jailbreak,4328,309.3631067961165
Jailbreak,4329,326.1747572815534
Jailbreak,4330,337.9087378640777
Jailbreak,4331,331.83106796116505
Jailbreak,4332,304.02718446601943
Jailbreak,4333,318.7728155339806
Jailbreak,4334,316.96699029126216
Jailbreak,4335,338.69126213592233
Jailbreak,4336,345.5378640776699
Jailbreak,4337,324.54174757281555
Jailbreak,4338,310.4776699029126
Jailbreak,4339,326.5398058252427
Jailbreak,4340,336.9281553398058
Jailbreak,4341,356.99417475728154
Jailbreak,4342,333.33009708737865
Jailbreak,4343,333.71844660194176
Jailbreak,4344,321.54174757281555
Jailbreak,4345,340.6116504854369
Jailbreak,4346,333.7242718446602
Jailbreak,4347,331.5359223300971
Jailbreak,4348,341.20582524271845
Jailbreak,4349,348.4233009708738
Jailbreak,4350,359.673786407767
Jailbreak,4351,319.20582524271845
Jailbreak,4352,331.7495145631068
Jailbreak,4353,335.1087378640777
Jailbreak,4354,371.5242718446602
Jailbreak,4355,341.00388349514566
Jailbreak,4356,350.8368932038835
Jailbreak,4357,343.3631067961165
Jailbreak,4358,336.3495145631068
Jailbreak,4359,328.4854368932039
Jailbreak,4360,328.41553398058255
Jailbreak,4361,336.93592233009707
Jailbreak,4362,326.7320388349515
Jailbreak,4363,299.8621359223301
Jailbreak,4364,337.95533980582525
Jailbreak,4365,328.5359223300971
Jailbreak,4366,318.6640776699029
Jailbreak,4367,338.2330097087379
Jailbreak,4368,326.7650485436893
Jailbreak,4369,310.27766990291263
Jailbreak,4370,328.18252427184467
Jailbreak,4371,313.0135922330097
Jailbreak,4372,338.0699029126214
Jailbreak,4373,338.9514563106796
Jailbreak,4374,330.13398058252426
Jailbreak,4375,309.38446601941746
Jailbreak,4376,342.90679611650484
Jailbreak,4377,323.36699029126214
Jailbreak,4378,333.2368932038835
Jailbreak,4379,327.8252427184466
Jailbreak,4380,324.5728155339806
Jailbreak,4381,331.6038834951456
Jailbreak,4382,336.96893203883496
Jailbreak,4383,344.6252427184466
Jailbreak,4384,326.4135922330097
Jailbreak,4385,342.93980582524273
Jailbreak,4386,331.90291262135923
Jailbreak,4387,319.95922330097085
Jailbreak,4388,342.6038834951456
Jailbreak,4389,337.50485436893206
Jailbreak,4390,328.7864077669903
Jailbreak,4391,342.852427184466
Jailbreak,4392,330.5359223300971
Jailbreak,4393,324.6601941747573
Jailbreak,4394,343.59223300970876
Jailbreak,4395,317.6388349514563
Jailbreak,4396,304.88349514563106
Jailbreak,4397,328.13592233009706
Jailbreak,4398,333.6388349514563
Jailbreak,4399,319.4271844660194
Jailbreak,4400,351.747572815534
Jailbreak,4401,355.7631067961165
Jailbreak,4402,341.1126213592233
Jailbreak,4403,331.63106796116506
Jailbreak,4404,327.2834951456311
Jailbreak,4405,312.75922330097086
Jailbreak,4406,328.41553398058255
Jailbreak,4407,335.04660194174755
Jailbreak,4408,326.11650485436894
Jailbreak,4409,345.0873786407767
Jailbreak,4410,345.7611650485437
Jailbreak,4411,307.6407766990291
Jailbreak,4412,341.40582524271844
Jailbreak,4413,342.4621359223301
Jailbreak,4414,325.11844660194174
Jailbreak,4415,324.0194174757282
Jailbreak,4416,321.7883495145631
Jailbreak,4417,326.7320388349515
Jailbreak,4418,347.22330097087377
Jailbreak,4419,348.1378640776699
Jailbreak,4420,324.8893203883495
Jailbreak,4421,346.3747572815534
Jailbreak,4422,305.40582524271844
Jailbreak,4423,307.40194174757283
Jailbreak,4424,329.6970873786408
Jailbreak,4425,330.5339805825243
Jailbreak,4426,315.3747572815534
Jailbreak,4427,319.68737864077667
Jailbreak,4428,319.4252427184466
Jailbreak,4429,328.4621359223301
Jailbreak,4430,313.3611650485437
Jailbreak,4431,310.4116504854369
Jailbreak,4432,342.45436893203885
Jailbreak,4433,335.5708737864078
Jailbreak,4434,325.3572815533981
Jailbreak,4435,343.4291262135922
Jailbreak,4436,343.59611650485436
Jailbreak,4437,359.1495145631068
Jailbreak,4438,327.9980582524272
Jailbreak,4439,321.273786407767
Jailbreak,4440,316.8407766990291
Jailbreak,4441,302.81165048543687
Jailbreak,4442,314.34563106796116
Jailbreak,4443,342.2330097087379
Jailbreak,4444,319.6582524271845
Jailbreak,4445,324.03106796116504
Jailbreak,4446,326.6621359223301
Jailbreak,4447,327.3029126213592
Jailbreak,4448,334.34757281553397
Jailbreak,4449,333.07766990291265
Jailbreak,4450,337.12038834951454
Jailbreak,4451,318.8718446601942
Jailbreak,4452,330.96699029126216
Jailbreak,4453,335.70873786407765
Jailbreak,4454,320.38252427184466
Jailbreak,4455,313.30679611650487
Jailbreak,4456,326.0
Jailbreak,4457,326.80582524271847
Jailbreak,4458,328.3611650485437
Jailbreak,4459,321.7320388349515
Jailbreak,4460,325.94368932038833
Jailbreak,4461,328.2019417475728
Jailbreak,4462,340.90097087378643
Jailbreak,4463,316.2019417475728
Jailbreak,4464,324.04466019417475
Jailbreak,4465,315.45436893203885
Jailbreak,4466,323.50679611650486
Jailbreak,4467,338.44271844660193
Jailbreak,4468,341.90679611650484
Jailbreak,4469,342.93398058252427
Jailbreak,4470,330.5339805825243
Jailbreak,4471,318.6019417475728
Jailbreak,4472,329.8563106796116
Jailbreak,4473,331.03106796116504
Jailbreak,4474,310.44466019417473
Jailbreak,4475,333.62912621359226
Jailbreak,4476,344.5378640776699
Jailbreak,4477,340.13203883495146
Jailbreak,4478,313.69126213592233
Jailbreak,4479,335.7883495145631
Jailbreak,4480,322.74563106796114
Jailbreak,4481,331.9300970873786
Jailbreak,4482,335.66990291262135
Jailbreak,4483,319.2368932038835
Jailbreak,4484,331.54368932038835
Jailbreak,4485,331.7864077669903
Jailbreak,4486,322.08349514563105
Jailbreak,4487,333.91844660194175
Jailbreak,4488,322.5359223300971
Jailbreak,4489,328.47378640776697
Jailbreak,4490,329.1009708737864
Jailbreak,4491,327.3631067961165
Jailbreak,4492,328.18252427184467
Jailbreak,4493,353.05825242718447
Jailbreak,4494,335.86990291262134
Jailbreak,4495,318.1242718446602
Jailbreak,4496,344.8893203883495
Jailbreak,4497,324.7165048543689
Jailbreak,4498,332.54757281553395
Jailbreak,4499,342.45242718446605
Jailbreak,4500,334.56504854368933
Jailbreak,4501,346.7378640776699
Jailbreak,4502,335.36699029126214
Jailbreak,4503,311.6252427184466
Jailbreak,4504,331.40582524271844
Jailbreak,4505,329.37087378640774
Jailbreak,4506,321.20776699029125
Jailbreak,4507,321.62912621359226
Jailbreak,4508,344.2291262135922
Jailbreak,4509,327.8563106796116
Jailbreak,4510,331.25631067961166
Jailbreak,4511,327.41553398058255
Jailbreak,4512,316.6757281553398
Jailbreak,4513,355.30873786407767
Jailbreak,4514,312.31456310679613
Jailbreak,4515,348.9456310679612
Jailbreak,4516,342.4291262135922
Jailbreak,4517,317.0485436893204
Jailbreak,4518,355.6135922330097
Jailbreak,4519,328.2757281553398
Jailbreak,4520,337.18252427184467
Jailbreak,4521,322.5145631067961
Jailbreak,4522,333.00970873786406
Jailbreak,4523,334.9650485436893
Jailbreak,4524,335.2291262135922
Jailbreak,4525,300.895145631068
Jailbreak,4526,321.21941747572816
Jailbreak,4527,321.9747572815534
Jailbreak,4528,357.7883495145631
Jailbreak,4529,316.2834951456311
Jailbreak,4530,339.3203883495146
Jailbreak,4531,333.07961165048545
Jailbreak,4532,322.42135922330095
Jailbreak,4533,340.947572815534
Jailbreak,4534,323.6368932038835
Jailbreak,4535,340.07961165048545
Jailbreak,4536,325.22330097087377
Jailbreak,4537,334.06213592233007
Jailbreak,4538,318.79417475728155
Jailbreak,4539,341.126213592233
Jailbreak,4540,332.5883495145631
Jailbreak,4541,343.2873786407767
Jailbreak,4542,330.33009708737865
Jailbreak,4543,359.19417475728153
Jailbreak,4544,325.18834951456313
Jailbreak,4545,338.2388349514563
Jailbreak,4546,336.05631067961167
Jailbreak,4547,325.06407766990293
Jailbreak,4548,333.68543689320387
Jailbreak,4549,345.2640776699029
Jailbreak,4550,344.3572815533981
Jailbreak,4551,321.1747572815534
Jailbreak,4552,333.09902912621357
Jailbreak,4553,332.7106796116505
Jailbreak,4554,331.34368932038836
Jailbreak,4555,350.2834951456311
Jailbreak,4556,340.7728155339806
Jailbreak,4557,330.673786407767
Jailbreak,4558,322.873786407767
Jailbreak,4559,344.03300970873784
Jailbreak,4560,337.18640776699027
Jailbreak,4561,343.895145631068
Jailbreak,4562,328.6796116504854
Jailbreak,4563,316.09708737864077
Jailbreak,4564,326.58446601941745
Jailbreak,4565,327.83106796116505
Jailbreak,4566,328.36893203883494
Jailbreak,4567,344.43495145631067
Jailbreak,4568,328.8
Jailbreak,4569,336.34368932038836
Jailbreak,4570,324.54368932038835
Jailbreak,4571,328.1631067961165
Jailbreak,4572,334.62912621359226
Jailbreak,4573,320.84660194174756
Jailbreak,4574,319.19223300970873
Jailbreak,4575,317.67184466019415
Jailbreak,4576,317.7378640776699
Jailbreak,4577,319.3747572815534
Jailbreak,4578,327.61553398058254
Jailbreak,4579,330.5533980582524
Jailbreak,4580,318.0194174757282
Jailbreak,4581,321.8543689320388
Jailbreak,4582,330.92038834951455
Jailbreak,4583,338.18640776699027
Jailbreak,4584,326.68155339805827
Jailbreak,4585,344.1728155339806
Jailbreak,4586,330.81359223300973
Jailbreak,4587,340.58058252427185
Jailbreak,4588,324.52815533980583
Jailbreak,4589,337.86990291262134
Jailbreak,4590,325.6776699029126
Jailbreak,4591,322.04466019417475
Jailbreak,4592,341.38446601941746
Jailbreak,4593,317.8776699029126
Jailbreak,4594,338.95728155339805
Jailbreak,4595,326.0368932038835
Jailbreak,4596,331.31844660194173
Jailbreak,4597,324.94174757281553
Jailbreak,4598,324.99611650485434
Jailbreak,4599,318.6135922330097
Jailbreak,4600,320.3980582524272
Jailbreak,4601,315.16893203883495
Jailbreak,4602,347.84660194174756
Jailbreak,4603,319.3242718446602
Jailbreak,4604,348.2
Jailbreak,4605,323.073786407767
Jailbreak,4606,315.052427184466
Jailbreak,4607,346.95922330097085
Jailbreak,4608,327.104854368932
Jailbreak,4609,313.7728155339806
Jailbreak,4610,331.052427184466
Jailbreak,4611,318.7145631067961
Jailbreak,4612,332.9281553398058
Jailbreak,4613,331.7106796116505
Jailbreak,4614,326.8601941747573
Jailbreak,4615,329.9281553398058
Jailbreak,4616,328.4621359223301
Jailbreak,4617,345.7533980582524
Jailbreak,4618,332.5184466019418
Jailbreak,4619,333.4660194174757
Jailbreak,4620,336.45436893203885
Jailbreak,4621,323.821359223301
Jailbreak,4622,336.97087378640776
Jailbreak,4623,329.31067961165047
Jailbreak,4624,327.95533980582525
Jailbreak,4625,322.7650485436893
Jailbreak,4626,339.0388349514563
Jailbreak,4627,325.6135922330097
Jailbreak,4628,310.70291262135925
Jailbreak,4629,338.21747572815536
Jailbreak,4630,331.13592233009706
Jailbreak,4631,315.50485436893206
Jailbreak,4632,337.9747572815534
Jailbreak,4633,348.51067961165046
Jailbreak,4634,345.0116504854369
Jailbreak,4635,331.9631067961165
Jailbreak,4636,299.05631067961167
Jailbreak,4637,319.99611650485434
Jailbreak,4638,330.1766990291262
Jailbreak,4639,342.25436893203886
Jailbreak,4640,342.3223300970874
Jailbreak,4641,325.3553398058252
Jailbreak,4642,320.895145631068
Jailbreak,4643,330.7495145631068
Jailbreak,4644,328.71844660194176
Jailbreak,4645,338.66796116504855
Jailbreak,4646,336.3922330097087
Jailbreak,4647,336.3747572815534
Jailbreak,4648,330.32815533980585
Jailbreak,4649,338.77669902912623
Jailbreak,4650,311.8873786407767
Jailbreak,4651,312.9864077669903
Jailbreak,4652,319.5126213592233
Jailbreak,4653,333.2388349514563
Jailbreak,4654,311.29514563106795
Jailbreak,4655,324.59805825242717
Jailbreak,4656,335.0
Jailbreak,4657,318.41747572815535
Jailbreak,4658,339.1747572815534
Jailbreak,4659,345.20582524271845
Jailbreak,4660,333.18058252427187
Jailbreak,4661,334.6058252427184
Jailbreak,4662,344.4
Jailbreak,4663,327.5339805825243
Jailbreak,4664,329.5902912621359
Jailbreak,4665,352.1126213592233
Jailbreak,4666,314.4601941747573
Jailbreak,4667,326.78058252427184
Jailbreak,4668,344.16699029126215
Jailbreak,4669,345.7165048543689
Jailbreak,4670,355.61941747572814
Jailbreak,4671,337.29514563106795
Jailbreak,4672,321.4116504854369
Jailbreak,4673,324.252427184466
Jailbreak,4674,321.36893203883494
Jailbreak,4675,364.75922330097086
Jailbreak,4676,344.3631067961165
Jailbreak,4677,326.5378640776699
Jailbreak,4678,330.24077669902914
Jailbreak,4679,315.5223300970874
Jailbreak,4680,316.62912621359226
Jailbreak,4681,327.59805825242717
Jailbreak,4682,333.95339805825245
Jailbreak,4683,303.18640776699027
Jailbreak,4684,340.2640776699029
Jailbreak,4685,318.4815533980582
Jailbreak,4686,343.5747572815534
Jailbreak,4687,329.44271844660193
Jailbreak,4688,322.79223300970875
Jailbreak,4689,323.5339805825243
Jailbreak,4690,349.68543689320387
Jailbreak,4691,335.4
Jailbreak,4692,318.0135922330097
Jailbreak,4693,317.77669902912623
Jailbreak,4694,322.4757281553398
Jailbreak,4695,355.1961165048544
Jailbreak,4696,328.58446601941745
Jailbreak,4697,317.31262135922333
Jailbreak,4698,318.25825242718446
Jailbreak,4699,308.7320388349515
Jailbreak,4700,316.50679611650486
Jailbreak,4701,327.2271844660194
Jailbreak,4702,321.6601941747573
Jailbreak,4703,302.34368932038836
Jailbreak,4704,326.87961165048546
Jailbreak,4705,325.36893203883494
Jailbreak,4706,335.9864077669903
Jailbreak,4707,356.95533980582525
Jailbreak,4708,320.06601941747573
Jailbreak,4709,329.8407766990291
Jailbreak,4710,325.04077669902915
Jailbreak,4711,328.99223300970874
Jailbreak,4712,312.11844660194174
Jailbreak,4713,314.52815533980583
Jailbreak,4714,319.6135922330097
Jailbreak,4715,332.873786407767
Jailbreak,4716,336.9766990291262
Jailbreak,4717,319.7281553398058
Jailbreak,4718,310.2466019417476
Jailbreak,4719,339.77864077669904
Jailbreak,4720,321.88543689320386
Jailbreak,4721,328.9242718446602
Jailbreak,4722,327.3029126213592
Jailbreak,4723,351.94368932038833
Jailbreak,4724,328.5398058252427
Jailbreak,4725,336.27961165048544
Jailbreak,4726,326.0873786407767
Jailbreak,4727,324.81165048543687
Jailbreak,4728,343.5864077669903
Jailbreak,4729,327.36699029126214
Jailbreak,4730,320.16893203883495
Jailbreak,4731,302.4776699029126
Jailbreak,4732,332.6116504854369
Jailbreak,4733,329.052427184466
Jailbreak,4734,303.99029126213594
Jailbreak,4735,335.09320388349516
Jailbreak,4736,330.2640776699029
Jailbreak,4737,320.33009708737865
Jailbreak,4738,365.2679611650485
Jailbreak,4739,329.1611650485437
Jailbreak,4740,361.34368932038836
Jailbreak,4741,328.06213592233007
Jailbreak,4742,333.747572815534
Jailbreak,4743,323.104854368932
Jailbreak,4744,326.69320388349513
Jailbreak,4745,328.22330097087377
Jailbreak,4746,324.61941747572814
Jailbreak,4747,323.6757281553398
Jailbreak,4748,318.9514563106796
Jailbreak,4749,339.726213592233
Jailbreak,4750,339.7165048543689
Jailbreak,4751,310.99417475728154
Jailbreak,4752,339.8873786407767
Jailbreak,4753,319.6485436893204
Jailbreak,4754,336.8970873786408
Jailbreak,4755,321.2116504854369
Jailbreak,4756,345.6582524271845
Jailbreak,4757,350.73980582524274
Jailbreak,4758,329.8893203883495
Jailbreak,4759,348.09514563106796
Jailbreak,4760,319.5184466019418
Jailbreak,4761,326.1223300970874
Jailbreak,4762,328.11844660194174
Jailbreak,4763,311.96699029126216
Jailbreak,4764,329.3223300970874
Jailbreak,4765,328.8019417475728
Jailbreak,4766,328.79611650485435
Jailbreak,4767,333.58446601941745
Jailbreak,4768,327.7650485436893
Jailbreak,4769,330.1009708737864
Jailbreak,4770,316.3902912621359
Jailbreak,4771,335.44271844660193
Jailbreak,4772,319.7514563106796
Jailbreak,4773,330.4815533980582
Jailbreak,4774,324.45242718446605
Jailbreak,4775,340.0912621359223
Jailbreak,4776,323.5145631067961
Jailbreak,4777,336.3203883495146
Jailbreak,4778,345.9747572815534
Jailbreak,4779,319.3902912621359
Jailbreak,4780,320.7281553398058
Jailbreak,4781,368.41747572815535
Jailbreak,4782,332.43106796116507
Jailbreak,4783,343.91844660194175
Jailbreak,4784,334.1398058252427
Jailbreak,4785,323.05631067961167
Jailbreak,4786,345.2660194174757
Jailbreak,4787,319.8349514563107
Jailbreak,4788,335.5359223300971
Jailbreak,4789,326.43300970873787
Jailbreak,4790,335.59805825242717
Jailbreak,4791,310.1087378640777
Jailbreak,4792,332.8349514563107
Jailbreak,4793,331.2116504854369
Jailbreak,4794,329.0504854368932
Jailbreak,4795,340.978640776699
Jailbreak,4796,334.8407766990291
Jailbreak,4797,348.22135922330096
Jailbreak,4798,327.726213592233
Jailbreak,4799,360.4621359223301
Jailbreak,4800,341.25436893203886
Jailbreak,4801,317.86407766990294
Jailbreak,4802,348.8601941747573
Jailbreak,4803,335.99029126213594
Jailbreak,4804,339.5242718446602
Jailbreak,4805,320.9825242718447
Jailbreak,4806,326.6640776699029
Jailbreak,4807,313.86990291262134
Jailbreak,4808,323.147572815534
Jailbreak,4809,339.46796116504856
Jailbreak,4810,321.70485436893205
Jailbreak,4811,322.06796116504853
Jailbreak,4812,342.71844660194176
Jailbreak,4813,325.36893203883494
Jailbreak,4814,328.9825242718447
Jailbreak,4815,343.70485436893205
Jailbreak,4816,336.5165048543689
Jailbreak,4817,312.06019417475727
Jailbreak,4818,315.9106796116505
Jailbreak,4819,339.50679611650486
Jailbreak,4820,341.6504854368932
Jailbreak,4821,332.6466019417476
Jailbreak,4822,333.58252427184465
Jailbreak,4823,335.4660194174757
Jailbreak,4824,344.3572815533981
Jailbreak,4825,324.84466019417476
Jailbreak,4826,347.1980582524272
Jailbreak,4827,355.81941747572813
Jailbreak,4828,334.8388349514563
Jailbreak,4829,317.65631067961164
Jailbreak,4830,352.84660194174756
Jailbreak,4831,334.3728155339806
Jailbreak,4832,334.93786407766993
Jailbreak,4833,321.0699029126214
Jailbreak,4834,342.7242718446602
Jailbreak,4835,337.726213592233
Jailbreak,4836,338.7320388349515
Jailbreak,4837,338.1961165048544
Jailbreak,4838,326.96893203883496
Jailbreak,4839,324.29514563106795
Jailbreak,4840,326.13592233009706
Jailbreak,4841,333.49126213592234
Jailbreak,4842,334.4640776699029
Jailbreak,4843,327.0873786407767
Jailbreak,4844,334.75728155339806
Jailbreak,4845,321.5359223300971
Jailbreak,4846,334.67184466019415
Jailbreak,4847,326.1611650485437
Jailbreak,4848,314.3766990291262
Jailbreak,4849,333.326213592233
Jailbreak,4850,332.6466019417476
Jailbreak,4851,298.7533980582524
Jailbreak,4852,360.7883495145631
Jailbreak,4853,329.74174757281554
Jailbreak,4854,330.08349514563105
Jailbreak,4855,345.7902912621359
Jailbreak,4856,330.68349514563107
Jailbreak,4857,330.96699029126216
Jailbreak,4858,319.304854368932
Jailbreak,4859,314.3864077669903
Jailbreak,4860,348.6058252427184
Jailbreak,4861,311.05825242718447
Jailbreak,4862,351.0
Jailbreak,4863,333.24466019417474
Jailbreak,4864,327.12038834951454
Jailbreak,4865,314.695145631068
Jailbreak,4866,336.052427184466
Jailbreak,4867,324.9145631067961
Jailbreak,4868,318.8563106796116
Jailbreak,4869,328.56504854368933
Jailbreak,4870,330.38252427184466
Jailbreak,4871,323.92233009708735
Jailbreak,4872,340.31067961165047
Jailbreak,4873,330.33009708737865
Jailbreak,4874,352.62912621359226
Jailbreak,4875,321.99029126213594
Jailbreak,4876,342.34368932038836
Jailbreak,4877,312.90097087378643
Jailbreak,4878,319.1980582524272
Jailbreak,4879,319.5029126213592
Jailbreak,4880,340.8019417475728
Jailbreak,4881,322.3398058252427
Jailbreak,4882,323.5514563106796
Jailbreak,4883,315.74368932038834
Jailbreak,4884,306.8990291262136
Jailbreak,4885,325.24466019417474
Jailbreak,4886,345.7145631067961
Jailbreak,4887,327.16893203883495
Jailbreak,4888,333.6077669902913
Jailbreak,4889,328.7650485436893
Jailbreak,4890,323.2679611650485
Jailbreak,4891,334.18058252427187
Jailbreak,4892,325.8563106796116
Jailbreak,4893,340.07961165048545
Jailbreak,4894,350.0912621359223
Jailbreak,4895,314.43883495145633
Jailbreak,4896,338.31650485436893
Jailbreak,4897,334.4815533980582
Jailbreak,4898,322.378640776699
Jailbreak,4899,329.0194174757282
Jailbreak,4900,330.65242718446603
Jailbreak,4901,334.3864077669903
Jailbreak,4902,315.70679611650485
Jailbreak,4903,340.19417475728153
Jailbreak,4904,330.93398058252427
Jailbreak,4905,327.15533980582524
Jailbreak,4906,314.80582524271847
Jailbreak,4907,357.66601941747575
Jailbreak,4908,338.38252427184466
Jailbreak,4909,331.65436893203884
Jailbreak,4910,323.34563106796116
Jailbreak,4911,317.3223300970874
Jailbreak,4912,346.0854368932039
Jailbreak,4913,325.33203883495145
Jailbreak,4914,325.70873786407765
Jailbreak,4915,353.4660194174757
Jailbreak,4916,317.79611650485435
Jailbreak,4917,346.20582524271845
Jailbreak,4918,342.1106796116505
Jailbreak,4919,343.26019417475726
Jailbreak,4920,324.55728155339807
Jailbreak,4921,333.22330097087377
Jailbreak,4922,328.78058252427184
Jailbreak,4923,341.5533980582524
Jailbreak,4924,315.021359223301
Jailbreak,4925,312.7359223300971
Jailbreak,4926,327.8912621359223
Jailbreak,4927,317.6621359223301
Jailbreak,4928,337.75728155339806
Jailbreak,4929,326.45436893203885
Jailbreak,4930,339.6504854368932
Jailbreak,4931,355.13009708737866
Jailbreak,4932,315.5864077669903
Jailbreak,4933,346.1106796116505
Jailbreak,4934,343.3728155339806
Jailbreak,4935,317.20776699029125
Jailbreak,4936,313.0135922330097
Jailbreak,4937,336.31262135922333
Jailbreak,4938,343.05631067961167
Jailbreak,4939,316.42135922330095
Jailbreak,4940,342.09902912621357
Jailbreak,4941,336.91650485436895
Jailbreak,4942,320.8873786407767
Jailbreak,4943,348.8776699029126
Jailbreak,4944,320.2679611650485
Jailbreak,4945,334.4640776699029
Jailbreak,4946,350.31650485436893
Jailbreak,4947,313.92233009708735
Jailbreak,4948,333.1378640776699
Jailbreak,4949,324.41941747572815
Jailbreak,4950,313.18058252427187
Jailbreak,4951,339.83300970873785
Jailbreak,4952,337.0854368932039
Jailbreak,4953,311.5184466019418
Jailbreak,4954,322.04271844660195
Jailbreak,4955,319.3961165048544
Jailbreak,4956,315.3203883495146
Jailbreak,4957,317.4116504854369
Jailbreak,4958,338.5708737864078
Jailbreak,4959,326.0
Jailbreak,4960,335.93398058252427
Jailbreak,4961,320.6485436893204
Jailbreak,4962,306.19417475728153
Jailbreak,4963,316.1747572815534
Jailbreak,4964,334.49514563106794
Jailbreak,4965,320.3514563106796
Jailbreak,4966,330.7631067961165
Jailbreak,4967,333.09902912621357
Jailbreak,4968,342.2834951456311
Jailbreak,4969,313.56699029126213
Jailbreak,4970,332.9126213592233
Jailbreak,4971,296.1495145631068
Jailbreak,4972,341.67184466019415
Jailbreak,4973,314.51067961165046
Jailbreak,4974,330.104854368932
Jailbreak,4975,347.4776699029126
Jailbreak,4976,339.2504854368932
Jailbreak,4977,317.6097087378641
Jailbreak,4978,307.2349514563107
Jailbreak,4979,335.8621359223301
Jailbreak,4980,315.07766990291265
Jailbreak,4981,311.104854368932
Jailbreak,4982,307.58446601941745
Jailbreak,4983,330.18446601941747
Jailbreak,4984,331.0155339805825
Jailbreak,4985,316.54368932038835
Jailbreak,4986,342.2466019417476
Jailbreak,4987,321.821359223301
Jailbreak,4988,333.0194174757282
Jailbreak,4989,338.4854368932039
Jailbreak,4990,356.1456310679612
Jailbreak,4991,348.68737864077667
Jailbreak,4992,323.7728155339806
Jailbreak,4993,344.3922330097087
Jailbreak,4994,334.8388349514563
Jailbreak,4995,328.40388349514564
Jailbreak,4996,330.52621359223303
Jailbreak,4997,339.61553398058254
Jailbreak,4998,317.8563106796116
Jailbreak,4999,332.6019417475728
Jailbreak,5000,349.3766990291262
